date,sector,close_price,volume,market_cap_bn
2023-01-01,Technology,105.78,54521,469.46
2023-01-02,Technology,109.04,81387,531.43
2023-01-03,Technology,105.75,74386,166.06
2023-01-04,Technology,107.14,27852,216.75
2023-01-05,Technology,105.19,67893,246.01
2023-01-06,Technology,109.58,54703,324.32
2023-01-07,Technology,106.35,62590,161.24
2023-01-08,Technology,106.43,53280,281.9
2023-01-09,Technology,107.61,39218,497.06
2023-01-10,Technology,109.21,36741,325.91
2023-01-11,Technology,105.74,64779,428.82
2023-01-12,Technology,109.42,64122,177.61
2023-01-13,Technology,108.15,53080,209.78
2023-01-14,Technology,107.75,91386,331.79
2023-01-15,Technology,109.26,51326,540.27
2023-01-16,Technology,107.74,76471,455.17
2023-01-17,Technology,110.81,86899,123.11
2023-01-18,Technology,107.81,52908,368.49
2023-01-19,Technology,108.6,55588,235.2
2023-01-20,Technology,110.97,103001,308.85
2023-01-21,Technology,110.38,46256,348.5
2023-01-22,Technology,109.87,111955,285.2
2023-01-23,Technology,110.26,53124,323.71
2023-01-24,Technology,109.91,69067,436.69
2023-01-25,Technology,109.08,48986,457.48
2023-01-26,Technology,112.17,68288,177.64
2023-01-27,Technology,110.95,88208,506.35
2023-01-28,Technology,109.77,52519,284.72
2023-01-29,Technology,111.63,66464,328.76
2023-01-30,Technology,108.89,50601,241.51
2023-01-31,Technology,111.18,70376,417.22
2023-02-01,Technology,112.05,58117,208.14
2023-02-02,Technology,108.52,59242,103.63
2023-02-03,Technology,112.04,160379,220.76
2023-02-04,Technology,111.77,67549,319.19
2023-02-05,Technology,114.2,80884,440.64
2023-02-06,Technology,114.8,34175,350.16
2023-02-07,Technology,110.89,47737,363.92
2023-02-08,Technology,110.1,61538,168.7
2023-02-09,Technology,111.32,111298,153.35
2023-02-10,Technology,111.7,52637,500.97
2023-02-11,Technology,114.56,36594,358.79
2023-02-12,Technology,110.6,64463,505.27
2023-02-13,Technology,113.92,81857,258.22
2023-02-14,Technology,114.51,67426,466.68
2023-02-15,Technology,112.61,65703,515.09
2023-02-16,Technology,114.41,44992,168.8
2023-02-17,Technology,117.22,72368,204.18
2023-02-18,Technology,112.54,82029,442.86
2023-02-19,Technology,115.96,70623,369.56
2023-02-20,Technology,114.05,44289,208.11
2023-02-21,Technology,114.47,68628,395.0
2023-02-22,Technology,114.75,107088,329.17
2023-02-23,Technology,115.92,42494,104.58
2023-02-24,Technology,113.17,72619,543.95
2023-02-25,Technology,114.73,79666,539.13
2023-02-26,Technology,116.04,58155,508.57
2023-02-27,Technology,113.92,32665,242.78
2023-02-28,Technology,115.85,36377,431.33
2023-03-01,Technology,114.1,63671,565.74
2023-03-02,Technology,115.82,37903,452.98
2023-03-03,Technology,117.67,91264,239.23
2023-03-04,Technology,116.82,73534,541.53
2023-03-05,Technology,116.93,279593,412.75
2023-03-06,Technology,117.78,77695,261.43
2023-03-07,Technology,114.96,54462,109.32
2023-03-08,Technology,120.3,28370,394.78
2023-03-09,Technology,115.68,92557,346.27
2023-03-10,Technology,115.36,78577,133.65
2023-03-11,Technology,116.75,46136,405.98
2023-03-12,Technology,113.34,64510,219.59
2023-03-13,Technology,115.52,57188,559.49
2023-03-14,Technology,117.82,84651,180.0
2023-03-15,Technology,116.24,46104,441.87
2023-03-16,Technology,115.0,86434,448.39
2023-03-17,Technology,120.82,90489,222.37
2023-03-18,Technology,119.45,45113,153.8
2023-03-19,Technology,118.14,81621,143.05
2023-03-20,Technology,111.96,39745,293.58
2023-03-21,Technology,120.31,33790,119.14
2023-03-22,Technology,120.06,33713,527.93
2023-03-23,Technology,116.02,72030,405.85
2023-03-24,Technology,117.87,51321,379.19
2023-03-25,Technology,120.51,36492,372.58
2023-03-26,Technology,117.63,75760,541.38
2023-03-27,Technology,118.42,46672,253.39
2023-03-28,Technology,117.01,84106,436.0
2023-03-29,Technology,119.59,67705,499.25
2023-03-30,Technology,116.71,47854,488.88
2023-03-31,Technology,118.14,62751,479.75
2023-04-01,Technology,119.15,55222,310.01
2023-04-02,Technology,119.67,82901,549.39
2023-04-03,Technology,120.53,60379,549.78
2023-04-04,Technology,118.91,56836,381.53
2023-04-05,Technology,117.02,138268,255.14
2023-04-06,Technology,120.41,82179,495.65
2023-04-07,Technology,118.46,41818,368.17
2023-04-08,Technology,120.17,56453,155.22
2023-04-09,Technology,119.25,47787,146.04
2023-04-10,Technology,118.99,48884,505.93
2023-04-11,Technology,117.8,65697,582.41
2023-04-12,Technology,116.17,34098,555.12
2023-04-13,Technology,117.43,54974,369.36
2023-04-14,Technology,120.13,56163,344.65
2023-04-15,Technology,118.66,53345,154.14
2023-04-16,Technology,119.26,43006,387.6
2023-04-17,Technology,118.54,70311,527.27
2023-04-18,Technology,119.11,60176,372.37
2023-04-19,Technology,118.78,73071,442.13
2023-04-20,Technology,122.4,44049,561.21
2023-04-21,Technology,122.47,43333,194.74
2023-04-22,Technology,115.15,48518,129.72
2023-04-23,Technology,119.34,126812,503.36
2023-04-24,Technology,117.23,72894,498.78
2023-04-25,Technology,116.51,124565,517.02
2023-04-26,Technology,120.75,49628,172.88
2023-04-27,Technology,115.83,102903,502.35
2023-04-28,Technology,118.53,98235,230.94
2023-04-29,Technology,118.73,61009,566.08
2023-04-30,Technology,117.94,76813,158.33
2023-05-01,Technology,118.89,73554,430.52
2023-05-02,Technology,116.06,99814,420.22
2023-05-03,Technology,121.28,62709,531.1
2023-05-04,Technology,122.12,120829,304.65
2023-05-05,Technology,119.69,103513,202.82
2023-05-06,Technology,120.37,29628,317.46
2023-05-07,Technology,118.09,79779,483.14
2023-05-08,Technology,121.28,34473,580.68
2023-05-09,Technology,115.59,58558,568.26
2023-05-10,Technology,114.94,57777,207.88
2023-05-11,Technology,119.03,41111,268.04
2023-05-12,Technology,118.27,87733,180.21
2023-05-13,Technology,117.43,43601,137.7
2023-05-14,Technology,118.11,39573,275.19
2023-05-15,Technology,121.58,60724,505.49
2023-05-16,Technology,117.02,65224,546.2
2023-05-17,Technology,117.97,54809,465.11
2023-05-18,Technology,117.21,47556,332.29
2023-05-19,Technology,115.49,103440,454.95
2023-05-20,Technology,118.99,67812,361.11
2023-05-21,Technology,117.74,40854,214.09
2023-05-22,Technology,116.62,33897,251.05
2023-05-23,Technology,116.75,38846,530.06
2023-05-24,Technology,120.65,85191,349.1
2023-05-25,Technology,117.86,42424,463.29
2023-05-26,Technology,115.91,55484,269.48
2023-05-27,Technology,119.18,128510,589.14
2023-05-28,Technology,115.17,74995,166.07
2023-05-29,Technology,116.37,49273,232.44
2023-05-30,Technology,117.49,42942,578.78
2023-05-31,Technology,116.94,41646,518.64
2023-06-01,Technology,116.3,80996,419.64
2023-06-02,Technology,117.38,80866,231.92
2023-06-03,Technology,116.01,75225,300.1
2023-06-04,Technology,114.3,61036,384.58
2023-06-05,Technology,118.07,30803,333.06
2023-06-06,Technology,115.81,61020,158.03
2023-06-07,Technology,118.55,47536,434.16
2023-06-08,Technology,117.66,106577,297.66
2023-06-09,Technology,117.67,55203,571.05
2023-06-10,Technology,117.24,47023,183.03
2023-06-11,Technology,116.68,56259,505.88
2023-06-12,Technology,117.02,50779,174.06
2023-06-13,Technology,117.04,50594,350.75
2023-06-14,Technology,117.77,52553,498.13
2023-06-15,Technology,112.75,40005,232.91
2023-06-16,Technology,116.16,117075,531.79
2023-06-17,Technology,117.45,24724,401.89
2023-06-18,Technology,113.45,94608,469.09
2023-06-19,Technology,116.95,148490,480.9
2023-06-20,Technology,115.01,42619,451.36
2023-06-21,Technology,115.82,49460,519.17
2023-06-22,Technology,117.38,48824,511.19
2023-06-23,Technology,115.07,40477,164.51
2023-06-24,Technology,116.73,41404,407.71
2023-06-25,Technology,116.06,126844,261.35
2023-06-26,Technology,112.25,108925,536.39
2023-06-27,Technology,115.65,38169,389.54
2023-06-28,Technology,115.28,80041,538.86
2023-06-29,Technology,113.66,72300,380.56
2023-06-30,Technology,117.62,48801,551.32
2023-07-01,Technology,113.15,56936,489.17
2023-07-02,Technology,114.83,92751,284.3
2023-07-03,Technology,114.38,50475,93.73
2023-07-04,Technology,112.84,30885,526.23
2023-07-05,Technology,112.28,35666,303.09
2023-07-06,Technology,113.94,32818,175.57
2023-07-07,Technology,109.72,58587,254.77
2023-07-08,Technology,117.35,93960,420.9
2023-07-09,Technology,113.66,38460,566.82
2023-07-10,Technology,118.4,61309,467.66
2023-07-11,Technology,114.28,56514,182.95
2023-07-12,Technology,113.8,48176,122.45
2023-07-13,Technology,113.34,109272,300.48
2023-07-14,Technology,115.8,26124,181.12
2023-07-15,Technology,111.21,43865,279.88
2023-07-16,Technology,115.1,99570,199.39
2023-07-17,Technology,114.65,38115,141.86
2023-07-18,Technology,112.45,72820,202.46
2023-07-19,Technology,112.85,51537,495.87
2023-07-20,Technology,112.57,95199,186.96
2023-07-21,Technology,114.1,52901,132.26
2023-07-22,Technology,113.57,36299,516.64
2023-07-23,Technology,112.05,91090,268.32
2023-07-24,Technology,110.21,76298,277.68
2023-07-25,Technology,109.24,118016,522.55
2023-07-26,Technology,111.77,70238,318.24
2023-07-27,Technology,112.81,63584,100.9
2023-07-28,Technology,113.06,30210,212.91
2023-07-29,Technology,112.76,55626,339.16
2023-07-30,Technology,111.48,43856,517.26
2023-07-31,Technology,112.65,40483,352.32
2023-08-01,Technology,113.99,72333,96.46
2023-08-02,Technology,112.61,88705,404.63
2023-08-03,Technology,108.98,35888,108.68
2023-08-04,Technology,112.92,44788,376.37
2023-08-05,Technology,110.93,34109,254.46
2023-08-06,Technology,110.25,91258,308.63
2023-08-07,Technology,112.68,64468,191.86
2023-08-08,Technology,110.8,62868,366.38
2023-08-09,Technology,113.66,45194,126.8
2023-08-10,Technology,111.59,121579,293.07
2023-08-11,Technology,112.79,47811,419.33
2023-08-12,Technology,112.59,31949,133.38
2023-08-13,Technology,111.35,76746,342.51
2023-08-14,Technology,112.07,76437,399.73
2023-08-15,Technology,112.78,71946,322.06
2023-08-16,Technology,112.05,65060,356.91
2023-08-17,Technology,109.43,91241,533.86
2023-08-18,Technology,111.15,78637,483.18
2023-08-19,Technology,112.76,48707,372.61
2023-08-20,Technology,110.39,52909,411.13
2023-08-21,Technology,113.21,41862,240.49
2023-08-22,Technology,113.5,64771,389.15
2023-08-23,Technology,111.45,85464,100.58
2023-08-24,Technology,111.1,91692,461.61
2023-08-25,Technology,110.05,105212,378.07
2023-08-26,Technology,110.13,107082,429.29
2023-08-27,Technology,110.14,53491,220.99
2023-08-28,Technology,109.12,44041,95.49
2023-08-29,Technology,110.74,65754,404.7
2023-08-30,Technology,112.44,54962,310.69
2023-08-31,Technology,108.84,69770,192.98
2023-09-01,Technology,111.01,72909,327.83
2023-09-02,Technology,109.62,48416,173.53
2023-09-03,Technology,109.6,96336,533.78
2023-09-04,Technology,113.08,47653,163.55
2023-09-05,Technology,109.71,77124,335.21
2023-09-06,Technology,113.27,122804,508.03
2023-09-07,Technology,109.59,51272,527.53
2023-09-08,Technology,111.1,68444,345.93
2023-09-09,Technology,110.31,43507,208.6
2023-09-10,Technology,110.55,122739,190.68
2023-09-11,Technology,109.73,65480,315.97
2023-09-12,Technology,114.9,48419,259.76
2023-09-13,Technology,111.77,125327,501.86
2023-09-14,Technology,111.62,93291,495.87
2023-09-15,Technology,112.01,73343,409.58
2023-09-16,Technology,112.97,77612,508.35
2023-09-17,Technology,110.36,63493,432.9
2023-09-18,Technology,111.28,51157,326.2
2023-09-19,Technology,110.99,60996,209.91
2023-09-20,Technology,111.78,142244,139.65
2023-09-21,Technology,111.13,112530,248.47
2023-09-22,Technology,111.76,64514,529.34
2023-09-23,Technology,110.0,64707,415.16
2023-09-24,Technology,111.01,45249,378.29
2023-09-25,Technology,109.86,69625,99.23
2023-09-26,Technology,113.5,58319,303.36
2023-09-27,Technology,108.42,24846,448.65
2023-09-28,Technology,109.18,79486,399.38
2023-09-29,Technology,108.78,84879,156.03
2023-09-30,Technology,112.09,57545,390.29
2023-10-01,Technology,108.44,45398,273.19
2023-10-02,Technology,110.67,68928,103.01
2023-10-03,Technology,109.0,106671,303.84
2023-10-04,Technology,111.76,71876,485.94
2023-10-05,Technology,112.32,101891,105.2
2023-10-06,Technology,111.62,79507,315.03
2023-10-07,Technology,110.19,123053,315.67
2023-10-08,Technology,111.62,45596,463.19
2023-10-09,Technology,110.71,28118,122.25
2023-10-10,Technology,110.76,22707,224.29
2023-10-11,Technology,112.93,70982,109.13
2023-10-12,Technology,110.02,58742,543.94
2023-10-13,Technology,111.73,37671,419.02
2023-10-14,Technology,111.43,60521,331.44
2023-10-15,Technology,111.46,45579,125.96
2023-10-16,Technology,110.26,53506,407.49
2023-10-17,Technology,111.07,75284,137.64
2023-10-18,Technology,114.5,86669,541.81
2023-10-19,Technology,112.31,46222,500.68
2023-10-20,Technology,113.81,77193,480.55
2023-10-21,Technology,114.62,64798,401.51
2023-10-22,Technology,115.42,64806,121.59
2023-10-23,Technology,111.46,49337,191.79
2023-10-24,Technology,113.55,47596,328.44
2023-10-25,Technology,115.69,71291,576.68
2023-10-26,Technology,112.92,62818,412.96
2023-10-27,Technology,112.53,30716,433.69
2023-10-28,Technology,112.25,112374,264.72
2023-10-29,Technology,113.55,91020,436.74
2023-10-30,Technology,115.11,58958,295.98
2023-10-31,Technology,114.5,31870,192.9
2023-11-01,Technology,116.01,103988,156.91
2023-11-02,Technology,114.46,66454,205.76
2023-11-03,Technology,113.69,95711,506.74
2023-11-04,Technology,115.16,19160,378.93
2023-11-05,Technology,113.36,38258,213.58
2023-11-06,Technology,111.9,95256,151.02
2023-11-07,Technology,114.14,72461,126.55
2023-11-08,Technology,114.48,35839,490.11
2023-11-09,Technology,111.83,50450,421.43
2023-11-10,Technology,114.01,52067,443.83
2023-11-11,Technology,114.19,137406,477.74
2023-11-12,Technology,116.62,65875,148.11
2023-11-13,Technology,114.88,58989,543.82
2023-11-14,Technology,116.38,57971,341.05
2023-11-15,Technology,116.83,68774,346.47
2023-11-16,Technology,118.96,56622,110.15
2023-11-17,Technology,117.44,39499,426.13
2023-11-18,Technology,114.65,128748,177.02
2023-11-19,Technology,117.33,73004,430.55
2023-11-20,Technology,120.08,58509,383.83
2023-11-21,Technology,118.02,96260,421.02
2023-11-22,Technology,119.07,37852,424.23
2023-11-23,Technology,116.34,68289,475.36
2023-11-24,Technology,119.34,71783,298.03
2023-11-25,Technology,118.77,36642,475.28
2023-11-26,Technology,116.4,103806,151.89
2023-11-27,Technology,116.77,60248,273.15
2023-11-28,Technology,119.93,42668,321.95
2023-11-29,Technology,116.3,35269,128.79
2023-11-30,Technology,120.33,89673,330.51
2023-12-01,Technology,119.37,52578,335.74
2023-12-02,Technology,115.51,31003,351.28
2023-12-03,Technology,120.38,75024,459.4
2023-12-04,Technology,119.49,67001,560.82
2023-12-05,Technology,117.09,53515,219.94
2023-12-06,Technology,116.86,38505,358.1
2023-12-07,Technology,120.26,31945,233.91
2023-12-08,Technology,117.2,54728,429.05
2023-12-09,Technology,119.22,35115,148.89
2023-12-10,Technology,116.51,71409,329.83
2023-12-11,Technology,119.77,103327,414.3
2023-12-12,Technology,119.77,74408,540.59
2023-12-13,Technology,118.54,45928,299.47
2023-12-14,Technology,117.8,45380,230.2
2023-12-15,Technology,119.58,98626,143.65
2023-12-16,Technology,118.84,141217,178.93
2023-12-17,Technology,121.51,70651,146.06
2023-12-18,Technology,120.69,56455,373.67
2023-12-19,Technology,119.85,34616,345.92
2023-12-20,Technology,119.61,115340,456.17
2023-12-21,Technology,122.11,114847,138.42
2023-12-22,Technology,120.34,39898,275.7
2023-12-23,Technology,121.57,44002,505.9
2023-12-24,Technology,122.08,32133,431.41
2023-12-25,Technology,118.48,69537,427.95
2023-12-26,Technology,124.89,70799,131.46
2023-12-27,Technology,123.18,61722,455.52
2023-12-28,Technology,122.7,34013,330.25
2023-12-29,Technology,121.34,98168,502.48
2023-12-30,Technology,120.92,52756,567.53
2023-12-31,Technology,125.02,63366,427.43
2024-01-01,Technology,123.46,52910,527.13
2024-01-02,Technology,124.52,87788,258.15
2024-01-03,Technology,122.17,35154,578.49
2024-01-04,Technology,120.57,73364,322.91
2024-01-05,Technology,124.52,162299,359.53
2024-01-06,Technology,124.18,57551,557.28
2024-01-07,Technology,124.68,68096,259.29
2024-01-08,Technology,124.11,44254,461.54
2024-01-09,Technology,124.64,59656,530.25
2024-01-10,Technology,124.73,83042,500.43
2024-01-11,Technology,124.97,35428,176.8
2024-01-12,Technology,124.09,55559,169.72
2024-01-13,Technology,125.4,74004,328.12
2024-01-14,Technology,125.6,27168,156.21
2024-01-15,Technology,123.61,76112,436.45
2024-01-16,Technology,125.48,108693,624.69
2024-01-17,Technology,126.27,52321,227.86
2024-01-18,Technology,125.15,53051,132.87
2024-01-19,Technology,126.64,59947,428.55
2024-01-20,Technology,128.16,33058,331.87
2024-01-21,Technology,124.4,54725,315.9
2024-01-22,Technology,127.81,81118,108.17
2024-01-23,Technology,126.09,21238,238.46
2024-01-24,Technology,126.31,70032,215.22
2024-01-25,Technology,127.38,75487,395.07
2024-01-26,Technology,129.61,56195,369.47
2024-01-27,Technology,127.0,42027,355.5
2024-01-28,Technology,125.59,31400,514.55
2024-01-29,Technology,126.95,90758,334.88
2024-01-30,Technology,129.4,49258,593.62
2024-01-31,Technology,132.08,46991,602.21
2024-02-01,Technology,130.79,111815,389.4
2024-02-02,Technology,129.52,45657,473.66
2024-02-03,Technology,128.28,64464,109.15
2024-02-04,Technology,126.78,40593,513.9
2024-02-05,Technology,127.45,74210,154.62
2024-02-06,Technology,131.39,79824,116.67
2024-02-07,Technology,131.23,44235,315.49
2024-02-08,Technology,129.14,54158,523.48
2024-02-09,Technology,130.62,142343,635.81
2024-02-10,Technology,128.9,86780,428.98
2024-02-11,Technology,132.74,73360,472.19
2024-02-12,Technology,129.68,42800,226.08
2024-02-13,Technology,128.67,27267,434.18
2024-02-14,Technology,130.21,53598,457.37
2024-02-15,Technology,132.19,47418,575.76
2024-02-16,Technology,130.59,67039,357.08
2024-02-17,Technology,131.85,80334,468.85
2024-02-18,Technology,131.46,35641,622.75
2024-02-19,Technology,131.97,46141,223.93
2024-02-20,Technology,133.53,60385,410.93
2024-02-21,Technology,131.97,169511,418.77
2024-02-22,Technology,132.98,69735,531.47
2024-02-23,Technology,131.59,36690,241.61
2024-02-24,Technology,131.6,42607,218.06
2024-02-25,Technology,134.92,70113,214.48
2024-02-26,Technology,134.24,46914,110.34
2024-02-27,Technology,131.0,77599,307.24
2024-02-28,Technology,130.95,50262,586.9
2024-02-29,Technology,135.5,51028,445.92
2024-03-01,Technology,130.28,29604,105.99
2024-03-02,Technology,130.22,99213,155.03
2024-03-03,Technology,131.98,166588,141.54
2024-03-04,Technology,135.65,133577,452.34
2024-03-05,Technology,134.88,75887,575.28
2024-03-06,Technology,131.86,59793,290.59
2024-03-07,Technology,134.53,87739,399.91
2024-03-08,Technology,131.52,55411,344.96
2024-03-09,Technology,133.42,57028,518.96
2024-03-10,Technology,131.92,125697,540.82
2024-03-11,Technology,133.37,40791,321.7
2024-03-12,Technology,137.05,111001,318.14
2024-03-13,Technology,134.18,29514,637.46
2024-03-14,Technology,133.24,31638,577.73
2024-03-15,Technology,134.99,48383,381.81
2024-03-16,Technology,134.16,121649,518.37
2024-03-17,Technology,133.26,72222,182.37
2024-03-18,Technology,135.67,97809,147.83
2024-03-19,Technology,134.28,55189,246.71
2024-03-20,Technology,134.14,69351,535.14
2024-03-21,Technology,137.13,53720,390.52
2024-03-22,Technology,130.55,85273,597.85
2024-03-23,Technology,134.85,73598,137.48
2024-03-24,Technology,132.15,48454,650.39
2024-03-25,Technology,136.22,36253,432.41
2024-03-26,Technology,135.73,59026,307.82
2024-03-27,Technology,133.75,43299,422.26
2024-03-28,Technology,133.33,61369,511.43
2024-03-29,Technology,135.41,51698,154.81
2024-03-30,Technology,133.34,18610,636.31
2024-03-31,Technology,135.96,85954,343.89
2024-04-01,Technology,136.31,136352,402.47
2024-04-02,Technology,135.0,103771,553.82
2024-04-03,Technology,134.26,43491,293.61
2024-04-04,Technology,135.6,114676,608.44
2024-04-05,Technology,134.94,32039,545.49
2024-04-06,Technology,136.97,58038,395.96
2024-04-07,Technology,136.02,44324,326.13
2024-04-08,Technology,135.73,33680,560.58
2024-04-09,Technology,138.75,92228,341.76
2024-04-10,Technology,135.72,84213,505.24
2024-04-11,Technology,134.53,90398,619.64
2024-04-12,Technology,135.08,50946,615.26
2024-04-13,Technology,134.05,70929,453.66
2024-04-14,Technology,135.73,105333,346.74
2024-04-15,Technology,133.9,71063,347.54
2024-04-16,Technology,137.74,168691,625.2
2024-04-17,Technology,136.06,51986,599.27
2024-04-18,Technology,136.03,101421,288.42
2024-04-19,Technology,137.99,57112,317.75
2024-04-20,Technology,137.96,59328,211.05
2024-04-21,Technology,137.19,74510,247.96
2024-04-22,Technology,135.1,41399,532.96
2024-04-23,Technology,137.83,110031,597.35
2024-04-24,Technology,136.44,59297,181.51
2024-04-25,Technology,133.75,96285,146.12
2024-04-26,Technology,136.22,53983,587.89
2024-04-27,Technology,137.21,34947,405.21
2024-04-28,Technology,134.02,45656,278.31
2024-04-29,Technology,136.58,64333,548.71
2024-04-30,Technology,136.77,93328,630.54
2024-05-01,Technology,136.82,128021,366.34
2024-05-02,Technology,137.53,57059,329.76
2024-05-03,Technology,134.72,57744,627.26
2024-05-04,Technology,136.81,50302,632.79
2024-05-05,Technology,136.84,76584,662.81
2024-05-06,Technology,133.97,92447,265.57
2024-05-07,Technology,136.15,124900,247.24
2024-05-08,Technology,135.46,53036,448.79
2024-05-09,Technology,133.67,39060,133.96
2024-05-10,Technology,137.04,118687,216.3
2024-05-11,Technology,135.21,55964,127.86
2024-05-12,Technology,135.47,95296,581.39
2024-05-13,Technology,133.73,65864,617.9
2024-05-14,Technology,136.92,73162,438.34
2024-05-15,Technology,130.63,78523,342.95
2024-05-16,Technology,136.04,103721,362.17
2024-05-17,Technology,137.86,101312,517.13
2024-05-18,Technology,135.2,31546,326.51
2024-05-19,Technology,138.71,55806,460.89
2024-05-20,Technology,135.05,117950,148.27
2024-05-21,Technology,133.66,35312,132.55
2024-05-22,Technology,134.13,45389,293.97
2024-05-23,Technology,132.42,57916,262.04
2024-05-24,Technology,134.89,33422,112.25
2024-05-25,Technology,134.16,44317,429.66
2024-05-26,Technology,131.44,62693,324.33
2024-05-27,Technology,134.92,44320,303.57
2024-05-28,Technology,136.32,60386,511.14
2024-05-29,Technology,133.23,32679,336.57
2024-05-30,Technology,134.82,73386,283.03
2024-05-31,Technology,133.48,63495,140.15
2024-06-01,Technology,136.96,85710,330.37
2024-06-02,Technology,130.5,44906,334.03
2024-06-03,Technology,133.86,61743,306.55
2024-06-04,Technology,134.3,71451,311.58
2024-06-05,Technology,133.77,60327,620.13
2024-06-06,Technology,135.48,67161,176.98
2024-06-07,Technology,131.85,62531,339.18
2024-06-08,Technology,133.49,28205,131.32
2024-06-09,Technology,133.9,39692,517.21
2024-06-10,Technology,135.2,71031,352.29
2024-06-11,Technology,131.45,86479,540.74
2024-06-12,Technology,135.76,54175,597.57
2024-06-13,Technology,133.08,82811,431.89
2024-06-14,Technology,135.44,30791,499.97
2024-06-15,Technology,131.3,50801,183.67
2024-06-16,Technology,132.54,81786,120.2
2024-06-17,Technology,135.2,104639,148.89
2024-06-18,Technology,130.04,43375,434.88
2024-06-19,Technology,130.72,47240,353.82
2024-06-20,Technology,131.35,70942,120.27
2024-06-21,Technology,133.57,60028,128.73
2024-06-22,Technology,132.4,51637,118.91
2024-06-23,Technology,132.03,113488,604.73
2024-06-24,Technology,133.56,52390,570.6
2024-06-25,Technology,132.11,71616,294.55
2024-06-26,Technology,130.18,63397,400.32
2024-06-27,Technology,133.2,73155,275.69
2024-06-28,Technology,130.69,46707,292.52
2024-06-29,Technology,128.58,80754,178.03
2024-06-30,Technology,135.37,41450,336.73
2024-07-01,Technology,133.63,131050,219.89
2024-07-02,Technology,130.88,57389,403.21
2024-07-03,Technology,132.02,72191,587.98
2024-07-04,Technology,132.02,51192,545.99
2024-07-05,Technology,132.46,51645,188.75
2024-07-06,Technology,131.96,59177,584.17
2024-07-07,Technology,128.22,99187,212.02
2024-07-08,Technology,130.13,103753,373.19
2024-07-09,Technology,132.85,65466,333.7
2024-07-10,Technology,131.85,77504,634.92
2024-07-11,Technology,130.55,56358,345.22
2024-07-12,Technology,131.8,18468,618.26
2024-07-13,Technology,130.68,51256,501.19
2024-07-14,Technology,129.31,70461,298.27
2024-07-15,Technology,129.47,84538,624.23
2024-07-16,Technology,132.07,73514,113.6
2024-07-17,Technology,131.6,73605,184.23
2024-07-18,Technology,131.64,80960,528.9
2024-07-19,Technology,130.8,91863,372.52
2024-07-20,Technology,129.84,44446,139.87
2024-07-21,Technology,128.69,52934,615.18
2024-07-22,Technology,126.74,65206,367.88
2024-07-23,Technology,130.99,87118,144.9
2024-07-24,Technology,127.07,44130,251.62
2024-07-25,Technology,131.13,55407,367.29
2024-07-26,Technology,130.72,36471,435.9
2024-07-27,Technology,131.87,35471,597.7
2024-07-28,Technology,124.36,64443,425.83
2024-07-29,Technology,129.77,49185,492.94
2024-07-30,Technology,130.15,73290,388.45
2024-07-31,Technology,129.93,48845,375.0
2024-08-01,Technology,128.02,50832,131.63
2024-08-02,Technology,154.47,93752,587.49
2024-08-03,Technology,130.56,65096,360.51
2024-08-04,Technology,129.8,55851,611.34
2024-08-05,Technology,128.63,63566,571.07
2024-08-06,Technology,130.31,63612,335.43
2024-08-07,Technology,129.82,55946,167.11
2024-08-08,Technology,128.86,47956,560.02
2024-08-09,Technology,127.24,70557,569.67
2024-08-10,Technology,127.62,42954,464.51
2024-08-11,Technology,132.35,50811,164.14
2024-08-12,Technology,124.38,59155,348.14
2024-08-13,Technology,128.93,42893,104.7
2024-08-14,Technology,127.9,68252,325.67
2024-08-15,Technology,126.92,105537,490.94
2024-08-16,Technology,130.23,75301,123.84
2024-08-17,Technology,129.37,56063,504.02
2024-08-18,Technology,127.6,131383,147.82
2024-08-19,Technology,128.33,52875,524.17
2024-08-20,Technology,126.52,62351,229.76
2024-08-21,Technology,128.35,61878,499.55
2024-08-22,Technology,129.13,53626,496.43
2024-08-23,Technology,130.37,48032,250.63
2024-08-24,Technology,127.19,52342,409.09
2024-08-25,Technology,127.58,45403,199.44
2024-08-26,Technology,124.66,44799,486.68
2024-08-27,Technology,128.9,36658,410.69
2024-08-28,Technology,128.81,132786,468.54
2024-08-29,Technology,129.92,64336,262.81
2024-08-30,Technology,126.95,51071,480.21
2024-08-31,Technology,127.99,77210,134.49
2024-09-01,Technology,129.15,121675,233.05
2024-09-02,Technology,131.3,71195,414.57
2024-09-03,Technology,126.53,77024,430.58
2024-09-04,Technology,125.73,41119,379.01
2024-09-05,Technology,129.55,73645,287.19
2024-09-06,Technology,128.14,120331,473.88
2024-09-07,Technology,128.39,64821,226.87
2024-09-08,Technology,127.45,48168,509.35
2024-09-09,Technology,128.39,56435,437.51
2024-09-10,Technology,125.39,64644,395.69
2024-09-11,Technology,127.51,93835,463.15
2024-09-12,Technology,123.58,76061,155.38
2024-09-13,Technology,127.56,148945,612.65
2024-09-14,Technology,125.06,62847,582.95
2024-09-15,Technology,126.77,47617,108.97
2024-09-16,Technology,128.55,81125,479.85
2024-09-17,Technology,128.54,57029,314.9
2024-09-18,Technology,128.36,73976,227.78
2024-09-19,Technology,130.21,54817,521.74
2024-09-20,Technology,128.22,91296,525.02
2024-09-21,Technology,129.24,25676,128.4
2024-09-22,Technology,126.92,72217,532.39
2024-09-23,Technology,126.34,43164,575.8
2024-09-24,Technology,127.79,76573,360.7
2024-09-25,Technology,126.59,65958,131.96
2024-09-26,Technology,124.98,50563,620.91
2024-09-27,Technology,130.02,27820,566.69
2024-09-28,Technology,128.77,77886,620.22
2024-09-29,Technology,128.73,42362,336.22
2024-09-30,Technology,128.86,118281,279.71
2024-10-01,Technology,127.76,64172,587.17
2024-10-02,Technology,127.58,93083,543.15
2024-10-03,Technology,128.36,88721,240.33
2024-10-04,Technology,129.49,31256,449.49
2024-10-05,Technology,125.89,41253,343.93
2024-10-06,Technology,127.22,97280,377.31
2024-10-07,Technology,127.36,58716,599.91
2024-10-08,Technology,130.07,24759,426.6
2024-10-09,Technology,128.22,48005,210.58
2024-10-10,Technology,130.27,56105,208.78
2024-10-11,Technology,130.53,41651,332.45
2024-10-12,Technology,129.72,104687,549.46
2024-10-13,Technology,127.34,41381,282.09
2024-10-14,Technology,130.06,44335,185.77
2024-10-15,Technology,126.75,29150,112.41
2024-10-16,Technology,129.25,29741,444.54
2024-10-17,Technology,125.3,53235,432.92
2024-10-18,Technology,129.48,39193,488.87
2024-10-19,Technology,127.23,55692,154.27
2024-10-20,Technology,128.9,65391,563.54
2024-10-21,Technology,129.11,58270,180.38
2024-10-22,Technology,130.64,38348,169.73
2024-10-23,Technology,130.89,94509,406.7
2024-10-24,Technology,129.43,27281,314.04
2024-10-25,Technology,129.16,67503,437.44
2024-10-26,Technology,130.03,192787,395.82
2024-10-27,Technology,126.08,102733,356.25
2024-10-28,Technology,130.86,53040,476.87
2024-10-29,Technology,127.73,89856,371.23
2024-10-30,Technology,130.02,49604,568.55
2024-10-31,Technology,130.52,62364,193.67
2024-11-01,Technology,128.51,50319,607.46
2024-11-02,Technology,132.42,55593,243.38
2024-11-03,Technology,129.68,54538,472.78
2024-11-04,Technology,131.22,58911,509.24
2024-11-05,Technology,131.51,51836,437.24
2024-11-06,Technology,131.14,53803,161.72
2024-11-07,Technology,131.97,60808,210.79
2024-11-08,Technology,129.16,69549,143.49
2024-11-09,Technology,132.24,159781,456.07
2024-11-10,Technology,134.88,72816,445.18
2024-11-11,Technology,131.64,44835,358.54
2024-11-12,Technology,132.17,42177,496.41
2024-11-13,Technology,133.82,26837,484.78
2024-11-14,Technology,133.57,164311,107.99
2024-11-15,Technology,136.04,40496,645.4
2024-11-16,Technology,130.08,106100,446.87
2024-11-17,Technology,133.73,56097,634.73
2024-11-18,Technology,134.04,41864,523.5
2024-11-19,Technology,134.06,38289,525.49
2024-11-20,Technology,134.35,52620,562.93
2024-11-21,Technology,133.7,67430,353.14
2024-11-22,Technology,136.75,74303,226.58
2024-11-23,Technology,135.36,73496,626.5
2024-11-24,Technology,133.59,54346,150.16
2024-11-25,Technology,133.45,79150,227.46
2024-11-26,Technology,136.74,115113,300.65
2024-11-27,Technology,133.73,85565,266.1
2024-11-28,Technology,133.54,101761,248.93
2024-11-29,Technology,133.84,107787,556.61
2024-11-30,Technology,136.12,51249,600.44
2024-12-01,Technology,136.53,54457,587.24
2024-12-02,Technology,140.53,58620,575.15
2024-12-03,Technology,135.16,20318,448.09
2024-12-04,Technology,136.0,35399,376.99
2024-12-05,Technology,137.16,40030,345.2
2024-12-06,Technology,138.19,61951,543.97
2024-12-07,Technology,137.2,74502,574.14
2024-12-08,Technology,139.18,27057,545.38
2024-12-09,Technology,135.34,75189,555.25
2024-12-10,Technology,133.99,106896,237.63
2024-12-11,Technology,137.6,53386,589.11
2024-12-12,Technology,137.22,25269,619.44
2024-12-13,Technology,136.0,26117,116.37
2024-12-14,Technology,136.42,28725,522.77
2024-12-15,Technology,136.84,22838,535.13
2024-12-16,Technology,137.56,93741,281.52
2024-12-17,Technology,134.07,74637,519.68
2024-12-18,Technology,139.65,124687,236.0
2024-12-19,Technology,136.4,48830,262.43
2024-12-20,Technology,140.14,43653,692.61
2024-12-21,Technology,140.83,48958,514.26
2024-12-22,Technology,140.99,48673,306.76
2024-12-23,Technology,142.44,104170,679.37
2024-12-24,Technology,138.75,129647,366.89
2024-12-25,Technology,139.02,70201,557.79
2024-12-26,Technology,141.04,79728,572.81
2024-12-27,Technology,141.11,68056,354.77
2024-12-28,Technology,139.1,69260,626.33
2024-12-29,Technology,141.29,91982,388.99
2024-12-30,Technology,139.46,68507,278.8
2024-12-31,Technology,141.87,208722,354.55
2025-01-01,Technology,139.72,59623,491.92
2025-01-02,Technology,138.19,57821,602.67
2025-01-03,Technology,141.25,60697,417.56
2025-01-04,Technology,139.55,57673,468.22
2025-01-05,Technology,139.5,107240,138.15
2025-01-06,Technology,142.17,55199,610.16
2025-01-07,Technology,140.7,91198,168.92
2025-01-08,Technology,138.73,123977,414.59
2025-01-09,Technology,144.0,38106,124.05
2025-01-10,Technology,143.04,41472,512.43
2025-01-11,Technology,140.14,31447,264.09
2025-01-12,Technology,140.12,132710,613.86
2025-01-13,Technology,145.14,66337,369.08
2025-01-14,Technology,141.26,109334,222.98
2025-01-15,Technology,144.55,67113,555.42
2025-01-16,Technology,143.62,113963,195.52
2025-01-17,Technology,140.07,26121,365.66
2025-01-18,Technology,146.1,157615,576.0
2025-01-19,Technology,143.78,32451,394.68
2025-01-20,Technology,145.2,35791,154.67
2025-01-21,Technology,144.9,73965,714.32
2025-01-22,Technology,145.16,79136,207.94
2025-01-23,Technology,143.88,33027,366.02
2025-01-24,Technology,146.03,69034,379.94
2025-01-25,Technology,144.66,33776,380.87
2025-01-26,Technology,143.57,66842,604.93
2025-01-27,Technology,149.04,37401,318.35
2025-01-28,Technology,144.54,92943,164.34
2025-01-29,Technology,143.46,93465,423.05
2025-01-30,Technology,142.4,32499,155.39
2025-01-31,Technology,147.83,82424,204.21
2025-02-01,Technology,148.51,126698,355.28
2025-02-02,Technology,148.22,32766,410.73
2025-02-03,Technology,145.52,18553,398.26
2025-02-04,Technology,146.2,79709,628.34
2025-02-05,Technology,147.94,51949,693.11
2025-02-06,Technology,145.62,63664,712.34
2025-02-07,Technology,146.82,44381,617.08
2025-02-08,Technology,144.54,51243,467.57
2025-02-09,Technology,148.04,58293,544.6
2025-02-10,Technology,143.73,26366,664.44
2025-02-11,Technology,148.01,63182,481.75
2025-02-12,Technology,148.16,90795,579.38
2025-02-13,Technology,147.89,42852,159.63
2025-02-14,Technology,147.98,57378,271.45
2025-02-15,Technology,149.26,115552,731.37
2025-02-16,Technology,146.27,108750,660.43
2025-02-17,Technology,147.69,52723,546.92
2025-02-18,Technology,151.02,105136,612.97
2025-02-19,Technology,147.8,42380,364.03
2025-02-20,Technology,149.77,67923,466.98
2025-02-21,Technology,148.0,103456,413.62
2025-02-22,Technology,148.61,43984,733.87
2025-02-23,Technology,149.85,36784,132.8
2025-02-24,Technology,148.29,92611,307.03
2025-02-25,Technology,149.52,67150,739.26
2025-02-26,Technology,148.47,53563,559.46
2025-02-27,Technology,147.61,69267,602.01
2025-02-28,Technology,147.71,38160,226.27
2025-03-01,Technology,149.39,90611,367.8
2025-03-02,Technology,148.09,88720,237.1
2025-03-03,Technology,150.96,26482,541.9
2025-03-04,Technology,150.3,39512,713.89
2025-03-05,Technology,150.14,52009,533.83
2025-03-06,Technology,153.35,75718,198.04
2025-03-07,Technology,149.81,65963,381.69
2025-03-08,Technology,152.0,60640,643.73
2025-03-09,Technology,153.47,61679,683.3
2025-03-10,Technology,151.3,57955,592.31
2025-03-11,Technology,149.59,50999,223.53
2025-03-12,Technology,150.77,95722,692.56
2025-03-13,Technology,153.26,126653,361.54
2025-03-14,Technology,149.83,82479,682.45
2025-03-15,Technology,153.2,42158,339.81
2025-03-16,Technology,151.41,30718,495.65
2025-03-17,Technology,152.4,103396,156.18
2025-03-18,Technology,149.11,46949,466.45
2025-03-19,Technology,150.35,41308,719.22
2025-03-20,Technology,151.75,75348,622.23
2025-03-21,Technology,152.84,89279,610.41
2025-03-22,Technology,154.86,62805,368.31
2025-03-23,Technology,151.36,125621,606.05
2025-03-24,Technology,152.02,50869,549.4
2025-03-25,Technology,154.46,55767,529.89
2025-03-26,Technology,153.15,49936,763.43
2025-03-27,Technology,153.08,81061,338.5
2025-03-28,Technology,154.64,55441,246.56
2025-03-29,Technology,152.48,72706,249.96
2025-03-30,Technology,152.32,46285,256.7
2025-03-31,Technology,154.12,64307,723.57
2025-04-01,Technology,149.82,39224,391.13
2025-04-02,Technology,151.88,49641,308.1
2025-04-03,Technology,150.25,40083,522.25
2025-04-04,Technology,155.27,92152,317.03
2025-04-05,Technology,154.78,116310,351.61
2025-04-06,Technology,152.04,77625,554.65
2025-04-07,Technology,149.0,75478,616.41
2025-04-08,Technology,151.34,50266,661.06
2025-04-09,Technology,153.12,60543,413.72
2025-04-10,Technology,151.78,50400,574.13
2025-04-11,Technology,151.13,36165,700.57
2025-04-12,Technology,150.42,84248,306.24
2025-04-13,Technology,152.34,108173,281.47
2025-04-14,Technology,153.92,71489,612.82
2025-04-15,Technology,150.93,39136,399.71
2025-04-16,Technology,152.97,61746,676.92
2025-04-17,Technology,152.03,70568,196.28
2025-04-18,Technology,153.29,63052,595.1
2025-04-19,Technology,154.71,124103,354.52
2025-04-20,Technology,152.83,54034,682.65
2025-04-21,Technology,155.98,65376,492.03
2025-04-22,Technology,154.15,44971,172.3
2025-04-23,Technology,151.52,54211,265.22
2025-04-24,Technology,153.08,66601,519.13
2025-04-25,Technology,152.14,72470,626.18
2025-04-26,Technology,153.41,113119,395.64
2025-04-27,Technology,151.55,81056,194.89
2025-04-28,Technology,152.77,49660,757.06
2025-04-29,Technology,150.89,65415,689.63
2025-04-30,Technology,152.27,63491,629.56
2025-05-01,Technology,150.67,64791,347.3
2025-05-02,Technology,152.89,83632,211.95
2025-05-03,Technology,155.18,71291,303.86
2025-05-04,Technology,151.71,65531,504.75
2025-05-05,Technology,152.29,70495,540.26
2025-05-06,Technology,149.96,92623,652.08
2025-05-07,Technology,151.31,44138,612.66
2025-05-08,Technology,152.63,55719,270.5
2025-05-09,Technology,153.16,64053,328.16
2025-05-10,Technology,153.98,56584,410.41
2025-05-11,Technology,152.75,115486,300.62
2025-05-12,Technology,151.16,41075,139.44
2025-05-13,Technology,152.49,32632,183.3
2025-05-14,Technology,150.79,38333,152.43
2025-05-15,Technology,148.4,45923,296.8
2025-05-16,Technology,151.73,47101,619.05
2025-05-17,Technology,150.16,25685,535.14
2025-05-18,Technology,151.42,53835,439.41
2025-05-19,Technology,149.38,50726,291.65
2025-05-20,Technology,151.74,64938,477.92
2025-05-21,Technology,152.85,83466,330.49
2025-05-22,Technology,150.65,45892,639.64
2025-05-23,Technology,150.0,55864,510.19
2025-05-24,Technology,154.28,54356,247.28
2025-05-25,Technology,147.74,34658,241.1
2025-05-26,Technology,151.46,20304,615.01
2025-05-27,Technology,151.9,39260,630.11
2025-05-28,Technology,153.12,93352,640.15
2025-05-29,Technology,150.47,54721,645.0
2025-05-30,Technology,151.18,66798,298.67
2025-05-31,Technology,151.05,59258,584.68
2025-06-01,Technology,149.38,43267,347.95
2025-06-02,Technology,150.97,60261,460.24
2025-06-03,Technology,153.76,70573,454.42
2025-06-04,Technology,149.06,52914,318.05
2025-06-05,Technology,150.33,54908,242.28
2025-06-06,Technology,151.12,48944,298.46
2025-06-07,Technology,152.87,36289,609.66
2025-06-08,Technology,150.53,121434,469.88
2025-06-09,Technology,149.55,46463,691.72
2025-06-10,Technology,153.44,68643,385.49
2025-06-11,Technology,150.36,57777,489.63
2025-06-12,Technology,152.25,47497,745.91
2025-06-13,Technology,148.14,36546,194.49
2025-06-14,Technology,150.77,43460,621.2
2025-06-15,Technology,150.41,38122,148.95
2025-06-16,Technology,150.88,137655,142.85
2025-06-17,Technology,150.42,18375,227.15
2025-06-18,Technology,152.03,45202,528.93
2025-06-19,Technology,146.98,26215,528.31
2025-06-20,Technology,153.53,60136,399.85
2025-06-21,Technology,148.55,51176,495.16
2025-06-22,Technology,146.74,63828,420.77
2025-06-23,Technology,150.43,38437,620.39
2025-06-24,Technology,149.88,162547,301.1
2025-06-25,Technology,150.48,58560,538.22
2025-06-26,Technology,147.1,81334,248.87
2025-06-27,Technology,149.77,45351,746.9
2025-06-28,Technology,149.68,36540,199.19
2025-06-29,Technology,149.1,53026,646.56
2025-06-30,Technology,151.47,57635,581.93
2025-07-01,Technology,152.68,56902,377.29
2025-07-02,Technology,149.35,99973,134.97
2025-07-03,Technology,149.83,25778,200.08
2025-07-04,Technology,149.16,67811,652.83
2025-07-05,Technology,145.73,84937,492.69
2025-07-06,Technology,145.73,73339,166.57
2025-07-07,Technology,147.88,74417,393.05
2025-07-08,Technology,148.31,54958,640.2
2025-07-09,Technology,147.94,16728,674.0
2025-07-10,Technology,145.7,86597,661.94
2025-07-11,Technology,145.95,64293,616.52
2025-07-12,Technology,148.03,86658,357.19
2025-07-13,Technology,146.82,34949,202.56
2025-07-14,Technology,147.53,68264,158.81
2025-07-15,Technology,147.41,88515,412.91
2025-07-16,Technology,147.27,26830,484.17
2025-07-17,Technology,145.72,105600,524.55
2025-07-18,Technology,147.63,40251,616.68
2025-07-19,Technology,147.42,55907,593.16
2025-07-20,Technology,147.0,27429,261.18
2025-07-21,Technology,147.53,32817,292.93
2025-07-22,Technology,145.18,40769,513.66
2025-07-23,Technology,145.62,58811,297.33
2025-07-24,Technology,146.89,81032,363.77
2025-07-25,Technology,149.61,92574,733.61
2025-07-26,Technology,144.79,63212,161.22
2025-07-27,Technology,148.3,80790,705.11
2025-07-28,Technology,149.44,65404,731.63
2025-07-29,Technology,145.56,84832,500.45
2025-07-30,Technology,146.71,73036,345.36
2025-07-31,Technology,148.72,66160,481.1
2025-08-01,Technology,148.03,48601,166.12
2025-08-02,Technology,144.49,59832,686.65
2025-08-03,Technology,145.84,91505,116.79
2025-08-04,Technology,148.58,108294,366.56
2025-08-05,Technology,142.08,37144,194.43
2025-08-06,Technology,144.99,49176,435.86
2025-08-07,Technology,144.39,48951,138.61
2025-08-08,Technology,148.29,86106,144.77
2025-08-09,Technology,144.38,53931,269.69
2025-08-10,Technology,146.09,28455,480.58
2025-08-11,Technology,145.11,53329,456.38
2025-08-12,Technology,144.96,86992,434.79
2025-08-13,Technology,144.9,27162,238.1
2025-08-14,Technology,147.14,46119,340.07
2025-08-15,Technology,143.71,46886,309.98
2025-08-16,Technology,147.91,31832,410.01
2025-08-17,Technology,145.92,49232,326.25
2025-08-18,Technology,145.81,33216,490.45
2025-08-19,Technology,144.78,53860,573.17
2025-08-20,Technology,144.66,34709,276.41
2025-08-21,Technology,143.77,60024,679.81
2025-08-22,Technology,140.89,32725,259.11
2025-08-23,Technology,144.8,62849,124.55
2025-08-24,Technology,144.25,59432,615.15
2025-08-25,Technology,143.74,86339,442.81
2025-08-26,Technology,147.31,33621,206.3
2025-08-27,Technology,143.39,82902,346.63
2025-08-28,Technology,144.23,75358,402.79
2025-08-29,Technology,146.58,179923,241.53
2025-08-30,Technology,143.89,52630,585.17
2025-08-31,Technology,140.24,102806,459.25
2025-09-01,Technology,141.21,27455,696.59
2025-09-02,Technology,145.79,80659,218.33
2025-09-03,Technology,144.95,51693,144.56
2025-09-04,Technology,146.31,36976,151.1
2025-09-05,Technology,146.6,44738,519.32
2025-09-06,Technology,144.04,61293,140.3
2025-09-07,Technology,144.72,72862,185.52
2025-09-08,Technology,142.44,58987,483.38
2025-09-09,Technology,145.3,34942,318.84
2025-09-10,Technology,144.06,106810,507.0
2025-09-11,Technology,143.83,86081,695.94
2025-09-12,Technology,144.48,120978,564.44
2025-09-13,Technology,144.33,60829,606.74
2025-09-14,Technology,146.21,41419,437.46
2025-09-15,Technology,143.69,137457,488.3
2025-09-16,Technology,143.51,62411,578.25
2025-09-17,Technology,145.51,114947,194.38
2025-09-18,Technology,141.69,38636,548.29
2025-09-19,Technology,145.93,116237,331.17
2025-09-20,Technology,145.96,36731,309.88
2025-09-21,Technology,143.81,79733,141.21
2025-09-22,Technology,142.98,97789,362.03
2025-09-23,Technology,144.87,34105,383.96
2025-09-24,Technology,145.8,53930,541.63
2025-09-25,Technology,143.89,40560,663.85
2025-09-26,Technology,144.33,55310,178.92
2025-09-27,Technology,145.25,39590,135.07
2025-09-28,Technology,143.43,103913,267.51
2025-09-29,Technology,142.69,84142,187.09
2025-09-30,Technology,142.12,83055,596.22
2025-10-01,Technology,142.46,83742,309.87
2025-10-02,Technology,144.46,50952,348.99
2025-10-03,Technology,148.57,34625,160.9
2025-10-04,Technology,144.55,70246,584.73
2025-10-05,Technology,146.3,116266,338.47
2025-10-06,Technology,142.62,108233,299.07
2025-10-07,Technology,143.63,41631,451.15
2025-10-08,Technology,147.12,99109,665.09
2025-10-09,Technology,144.09,78415,501.65
2025-10-10,Technology,144.9,56177,116.49
2025-10-11,Technology,144.97,34711,671.08
2025-10-12,Technology,145.73,47509,686.84
2025-10-13,Technology,147.83,72565,357.9
2025-10-14,Technology,147.32,53475,211.83
2025-10-15,Technology,145.24,56285,705.0
2025-10-16,Technology,149.27,39374,349.49
2025-10-17,Technology,145.45,49998,504.93
2025-10-18,Technology,147.56,60976,629.49
2025-10-19,Technology,145.19,91169,203.45
2025-10-20,Technology,148.44,103939,610.03
2025-10-21,Technology,145.98,72059,167.31
2025-10-22,Technology,145.92,163002,684.35
2025-10-23,Technology,147.15,70462,681.25
2025-10-24,Technology,146.05,56345,258.7
2025-10-25,Technology,145.45,39183,224.57
2025-10-26,Technology,146.89,56837,538.67
2025-10-27,Technology,146.35,78971,610.82
2025-10-28,Technology,147.18,64059,517.6
2025-10-29,Technology,149.73,101990,660.42
2025-10-30,Technology,148.26,88552,368.79
2025-10-31,Technology,144.5,79367,596.91
2025-11-01,Technology,147.31,78203,554.43
2025-11-02,Technology,146.36,50538,305.36
2025-11-03,Technology,146.93,55086,649.78
2025-11-04,Technology,149.21,39528,660.48
2025-11-05,Technology,147.89,63092,277.1
2025-11-06,Technology,145.98,62517,400.4
2025-11-07,Technology,147.15,56857,410.66
2025-11-08,Technology,150.24,56566,415.49
2025-11-09,Technology,150.65,52073,660.39
2025-11-10,Technology,147.24,70352,146.28
2025-11-11,Technology,149.15,74372,314.5
2025-11-12,Technology,132.32,78614,219.36
2025-11-13,Technology,169.38,50845,335.68
2025-11-14,Technology,150.15,79306,672.67
2025-11-15,Technology,147.79,81388,309.22
2025-11-16,Technology,149.35,58671,565.48
2025-11-17,Technology,150.95,43123,189.24
2025-11-18,Technology,151.08,43221,517.22
2025-11-19,Technology,149.77,43115,551.65
2025-11-20,Technology,150.41,63987,544.6
2025-11-21,Technology,150.29,49027,630.29
2025-11-22,Technology,151.47,28467,619.0
2025-11-23,Technology,150.12,86372,288.49
2025-11-24,Technology,152.61,62568,733.61
2025-11-25,Technology,151.03,38308,392.42
2025-11-26,Technology,149.47,26871,626.72
2025-11-27,Technology,151.6,117787,337.33
2025-11-28,Technology,153.22,37061,711.91
2025-11-29,Technology,149.8,88993,132.9
2025-11-30,Technology,151.47,35727,209.61
2025-12-01,Technology,150.44,19735,193.37
2025-12-02,Technology,151.97,99067,634.11
2025-12-03,Technology,152.21,65984,683.33
2025-12-04,Technology,155.91,36116,251.95
2025-12-05,Technology,154.58,55253,390.64
2025-12-06,Technology,151.28,68570,624.95
2025-12-07,Technology,151.74,47979,255.15
2025-12-08,Technology,154.49,91496,198.75
2025-12-09,Technology,153.19,127164,449.49
2025-12-10,Technology,152.57,152284,614.17
2025-12-11,Technology,155.91,104150,472.52
2025-12-12,Technology,154.87,74378,724.97
2025-12-13,Technology,154.25,100033,723.49
2025-12-14,Technology,155.93,70771,486.22
2025-12-15,Technology,153.44,32653,546.64
2025-12-16,Technology,155.58,62500,468.22
2025-12-17,Technology,155.89,88514,433.3
2025-12-18,Technology,150.81,48655,382.3
2025-12-19,Technology,154.24,35406,496.38
2025-12-20,Technology,155.83,79463,181.65
2025-12-21,Technology,155.61,34104,480.0
2025-12-22,Technology,156.38,50308,286.39
2025-12-23,Technology,154.69,91803,494.35
2025-12-24,Technology,158.58,76925,422.44
2025-12-25,Technology,155.24,54819,599.43
2025-12-26,Technology,157.51,31426,714.95
2025-12-27,Technology,160.87,61443,165.53
2025-12-28,Technology,156.49,27021,698.74
2025-12-29,Technology,156.64,42216,297.52
2025-12-30,Technology,158.75,70773,738.56
2025-12-31,Technology,153.98,72636,325.08
2023-01-01,Healthcare,159.9,101231,493.65
2023-01-02,Healthcare,158.04,58885,383.62
2023-01-03,Healthcare,156.59,156419,441.15
2023-01-04,Healthcare,156.5,77872,517.24
2023-01-05,Healthcare,158.35,59512,197.26
2023-01-06,Healthcare,153.84,79587,643.61
2023-01-07,Healthcare,165.47,78655,595.74
2023-01-08,Healthcare,153.26,70931,136.82
2023-01-09,Healthcare,156.82,37333,216.6
2023-01-10,Healthcare,162.03,71224,464.69
2023-01-11,Healthcare,162.54,71471,341.27
2023-01-12,Healthcare,160.85,80288,249.22
2023-01-13,Healthcare,157.1,90252,492.21
2023-01-14,Healthcare,157.81,69910,182.1
2023-01-15,Healthcare,164.73,38610,704.43
2023-01-16,Healthcare,163.55,78690,227.38
2023-01-17,Healthcare,162.08,28745,699.11
2023-01-18,Healthcare,162.89,64748,339.83
2023-01-19,Healthcare,164.27,38942,195.38
2023-01-20,Healthcare,165.48,63112,682.74
2023-01-21,Healthcare,162.21,103606,248.71
2023-01-22,Healthcare,165.13,89746,536.23
2023-01-23,Healthcare,160.69,75612,457.38
2023-01-24,Healthcare,159.01,45927,613.4
2023-01-25,Healthcare,161.64,81251,391.06
2023-01-26,Healthcare,166.15,60400,694.76
2023-01-27,Healthcare,162.84,84512,625.9
2023-01-28,Healthcare,163.99,63386,718.17
2023-01-29,Healthcare,162.3,64061,588.44
2023-01-30,Healthcare,161.42,48620,439.34
2023-01-31,Healthcare,167.82,56833,456.23
2023-02-01,Healthcare,166.05,48331,817.14
2023-02-02,Healthcare,168.02,55995,434.3
2023-02-03,Healthcare,168.25,43676,801.52
2023-02-04,Healthcare,163.74,53963,555.09
2023-02-05,Healthcare,163.97,86045,372.35
2023-02-06,Healthcare,167.29,66750,417.85
2023-02-07,Healthcare,166.99,179774,496.33
2023-02-08,Healthcare,166.52,84466,274.12
2023-02-09,Healthcare,163.7,48409,419.13
2023-02-10,Healthcare,162.64,64199,346.92
2023-02-11,Healthcare,166.05,32595,657.15
2023-02-12,Healthcare,166.59,70253,735.46
2023-02-13,Healthcare,168.78,52640,159.99
2023-02-14,Healthcare,168.2,77063,514.16
2023-02-15,Healthcare,167.95,42422,357.41
2023-02-16,Healthcare,166.37,97215,414.25
2023-02-17,Healthcare,168.96,33328,399.86
2023-02-18,Healthcare,168.49,40325,839.29
2023-02-19,Healthcare,162.98,52559,710.35
2023-02-20,Healthcare,168.1,71317,140.68
2023-02-21,Healthcare,163.51,41783,477.88
2023-02-22,Healthcare,171.59,36631,224.3
2023-02-23,Healthcare,165.96,18831,201.93
2023-02-24,Healthcare,172.42,38959,592.32
2023-02-25,Healthcare,165.63,31282,274.05
2023-02-26,Healthcare,167.55,51584,302.24
2023-02-27,Healthcare,171.58,101860,671.15
2023-02-28,Healthcare,173.21,75244,570.01
2023-03-01,Healthcare,165.48,59096,335.13
2023-03-02,Healthcare,166.17,33879,215.45
2023-03-03,Healthcare,172.9,82354,384.45
2023-03-04,Healthcare,170.14,31275,803.52
2023-03-05,Healthcare,169.39,51830,669.34
2023-03-06,Healthcare,169.15,27310,467.0
2023-03-07,Healthcare,170.25,25279,453.38
2023-03-08,Healthcare,168.61,68115,670.91
2023-03-09,Healthcare,171.03,70583,443.46
2023-03-10,Healthcare,170.72,69681,250.18
2023-03-11,Healthcare,167.15,31073,723.06
2023-03-12,Healthcare,172.31,111988,509.24
2023-03-13,Healthcare,168.96,45777,140.24
2023-03-14,Healthcare,164.64,48986,443.03
2023-03-15,Healthcare,167.71,35917,501.53
2023-03-16,Healthcare,172.85,77765,172.45
2023-03-17,Healthcare,171.44,56780,346.15
2023-03-18,Healthcare,167.45,63696,533.74
2023-03-19,Healthcare,170.08,30734,696.96
2023-03-20,Healthcare,171.67,59416,808.6
2023-03-21,Healthcare,170.22,46498,324.01
2023-03-22,Healthcare,165.16,52737,703.48
2023-03-23,Healthcare,171.89,115415,420.7
2023-03-24,Healthcare,174.43,51320,186.35
2023-03-25,Healthcare,170.11,92626,416.8
2023-03-26,Healthcare,168.38,36106,576.87
2023-03-27,Healthcare,170.86,71255,574.57
2023-03-28,Healthcare,170.54,50389,672.72
2023-03-29,Healthcare,171.55,52532,307.8
2023-03-30,Healthcare,170.37,56443,347.69
2023-03-31,Healthcare,171.26,46234,749.73
2023-04-01,Healthcare,171.08,25849,379.72
2023-04-02,Healthcare,168.46,75874,301.74
2023-04-03,Healthcare,169.98,52330,502.14
2023-04-04,Healthcare,173.15,100848,316.08
2023-04-05,Healthcare,172.71,57727,420.16
2023-04-06,Healthcare,169.84,46926,648.15
2023-04-07,Healthcare,171.47,40606,507.31
2023-04-08,Healthcare,173.03,73016,784.5
2023-04-09,Healthcare,170.04,52042,221.4
2023-04-10,Healthcare,170.01,54291,235.24
2023-04-11,Healthcare,171.1,64019,685.81
2023-04-12,Healthcare,174.68,61740,610.04
2023-04-13,Healthcare,169.82,102727,742.09
2023-04-14,Healthcare,170.74,22983,489.48
2023-04-15,Healthcare,174.91,41813,446.56
2023-04-16,Healthcare,171.92,55905,223.48
2023-04-17,Healthcare,170.87,44040,318.97
2023-04-18,Healthcare,168.49,86995,646.0
2023-04-19,Healthcare,170.95,54336,758.69
2023-04-20,Healthcare,170.37,90078,353.32
2023-04-21,Healthcare,168.72,103151,441.28
2023-04-22,Healthcare,171.46,51634,601.27
2023-04-23,Healthcare,169.51,45981,842.55
2023-04-24,Healthcare,169.14,79492,750.69
2023-04-25,Healthcare,168.14,55962,710.82
2023-04-26,Healthcare,171.23,41396,466.33
2023-04-27,Healthcare,167.57,27282,135.52
2023-04-28,Healthcare,171.1,30230,262.04
2023-04-29,Healthcare,175.13,69912,160.03
2023-04-30,Healthcare,166.25,49996,220.01
2023-05-01,Healthcare,169.57,63661,530.21
2023-05-02,Healthcare,169.64,28755,352.4
2023-05-03,Healthcare,166.92,86269,574.08
2023-05-04,Healthcare,169.26,58204,679.07
2023-05-05,Healthcare,172.53,46770,734.91
2023-05-06,Healthcare,165.8,59692,433.47
2023-05-07,Healthcare,170.91,41881,513.01
2023-05-08,Healthcare,167.39,84780,440.2
2023-05-09,Healthcare,171.28,47433,364.15
2023-05-10,Healthcare,167.1,74874,764.9
2023-05-11,Healthcare,169.48,40396,825.66
2023-05-12,Healthcare,171.31,17705,807.89
2023-05-13,Healthcare,169.56,65967,466.09
2023-05-14,Healthcare,171.21,101378,854.75
2023-05-15,Healthcare,165.69,39301,196.42
2023-05-16,Healthcare,171.78,69116,526.44
2023-05-17,Healthcare,171.92,44111,562.37
2023-05-18,Healthcare,169.38,57131,557.14
2023-05-19,Healthcare,170.38,66011,697.53
2023-05-20,Healthcare,171.31,56172,794.59
2023-05-21,Healthcare,170.99,80121,357.21
2023-05-22,Healthcare,169.08,49616,208.08
2023-05-23,Healthcare,169.4,69447,659.77
2023-05-24,Healthcare,176.2,60832,834.86
2023-05-25,Healthcare,167.44,26690,368.77
2023-05-26,Healthcare,170.95,34891,654.24
2023-05-27,Healthcare,175.18,68234,527.92
2023-05-28,Healthcare,173.3,81834,668.13
2023-05-29,Healthcare,168.32,67152,804.7
2023-05-30,Healthcare,166.44,53827,209.69
2023-05-31,Healthcare,164.34,68625,798.61
2023-06-01,Healthcare,164.62,50950,626.46
2023-06-02,Healthcare,170.22,68042,339.06
2023-06-03,Healthcare,165.75,92765,564.04
2023-06-04,Healthcare,168.43,43152,367.17
2023-06-05,Healthcare,164.23,87273,180.21
2023-06-06,Healthcare,170.81,74718,493.36
2023-06-07,Healthcare,167.83,65405,438.77
2023-06-08,Healthcare,169.53,46471,290.66
2023-06-09,Healthcare,166.64,63157,143.57
2023-06-10,Healthcare,166.11,46340,309.66
2023-06-11,Healthcare,168.09,86458,722.36
2023-06-12,Healthcare,169.75,59536,253.73
2023-06-13,Healthcare,167.07,98809,750.27
2023-06-14,Healthcare,168.56,36087,521.17
2023-06-15,Healthcare,164.82,75648,456.55
2023-06-16,Healthcare,169.21,28698,500.12
2023-06-17,Healthcare,166.59,41332,646.59
2023-06-18,Healthcare,167.33,97432,300.31
2023-06-19,Healthcare,163.67,46526,168.54
2023-06-20,Healthcare,166.06,36482,230.91
2023-06-21,Healthcare,162.03,42122,134.28
2023-06-22,Healthcare,171.29,52146,231.86
2023-06-23,Healthcare,165.55,75353,728.4
2023-06-24,Healthcare,165.74,101225,284.16
2023-06-25,Healthcare,166.49,43884,447.35
2023-06-26,Healthcare,167.62,35056,750.57
2023-06-27,Healthcare,164.82,40059,679.68
2023-06-28,Healthcare,162.93,91179,195.74
2023-06-29,Healthcare,167.73,63779,139.14
2023-06-30,Healthcare,169.87,42873,195.8
2023-07-01,Healthcare,167.01,100252,375.13
2023-07-02,Healthcare,165.55,56666,280.68
2023-07-03,Healthcare,163.64,76678,194.51
2023-07-04,Healthcare,161.53,29010,610.2
2023-07-05,Healthcare,166.02,41567,681.25
2023-07-06,Healthcare,162.93,39190,173.58
2023-07-07,Healthcare,165.21,60800,654.56
2023-07-08,Healthcare,162.0,59876,333.64
2023-07-09,Healthcare,164.82,52301,370.51
2023-07-10,Healthcare,166.63,54255,633.67
2023-07-11,Healthcare,165.18,55150,566.97
2023-07-12,Healthcare,164.41,54543,442.05
2023-07-13,Healthcare,161.59,49298,727.84
2023-07-14,Healthcare,166.34,98436,146.41
2023-07-15,Healthcare,164.72,63330,432.92
2023-07-16,Healthcare,160.29,62786,630.74
2023-07-17,Healthcare,160.83,50616,426.01
2023-07-18,Healthcare,163.9,44934,639.79
2023-07-19,Healthcare,163.57,49559,612.55
2023-07-20,Healthcare,163.54,128111,220.58
2023-07-21,Healthcare,165.0,51018,132.52
2023-07-22,Healthcare,167.06,78541,190.96
2023-07-23,Healthcare,161.31,43535,442.86
2023-07-24,Healthcare,164.79,59335,753.8
2023-07-25,Healthcare,159.95,56497,436.11
2023-07-26,Healthcare,161.34,41561,446.4
2023-07-27,Healthcare,161.84,57968,373.32
2023-07-28,Healthcare,166.03,84555,346.52
2023-07-29,Healthcare,162.0,28609,132.91
2023-07-30,Healthcare,160.18,55460,144.74
2023-07-31,Healthcare,158.83,49805,791.49
2023-08-01,Healthcare,163.25,69942,159.1
2023-08-02,Healthcare,160.08,53739,329.4
2023-08-03,Healthcare,161.29,91635,569.42
2023-08-04,Healthcare,162.64,42013,556.19
2023-08-05,Healthcare,161.59,61673,154.46
2023-08-06,Healthcare,162.28,47499,362.56
2023-08-07,Healthcare,163.1,48095,501.78
2023-08-08,Healthcare,156.63,92378,305.26
2023-08-09,Healthcare,162.0,58742,471.6
2023-08-10,Healthcare,163.5,39411,164.8
2023-08-11,Healthcare,157.12,91291,721.71
2023-08-12,Healthcare,163.31,75359,216.78
2023-08-13,Healthcare,159.33,78050,675.67
2023-08-14,Healthcare,163.84,62688,549.28
2023-08-15,Healthcare,161.54,45696,526.08
2023-08-16,Healthcare,161.61,41758,269.47
2023-08-17,Healthcare,162.37,70313,586.3
2023-08-18,Healthcare,159.3,81491,127.86
2023-08-19,Healthcare,160.37,61827,196.92
2023-08-20,Healthcare,160.69,56877,737.91
2023-08-21,Healthcare,159.09,67190,341.13
2023-08-22,Healthcare,162.25,76657,414.56
2023-08-23,Healthcare,157.94,56878,692.3
2023-08-24,Healthcare,158.47,63540,442.63
2023-08-25,Healthcare,156.92,34916,510.69
2023-08-26,Healthcare,158.8,93274,352.87
2023-08-27,Healthcare,160.41,46002,757.96
2023-08-28,Healthcare,161.15,65264,538.11
2023-08-29,Healthcare,166.5,98668,673.88
2023-08-30,Healthcare,160.61,52878,430.26
2023-08-31,Healthcare,161.67,39895,326.5
2023-09-01,Healthcare,159.4,49172,347.62
2023-09-02,Healthcare,157.89,47365,309.3
2023-09-03,Healthcare,159.09,64391,286.0
2023-09-04,Healthcare,155.33,57706,740.97
2023-09-05,Healthcare,160.23,82081,678.89
2023-09-06,Healthcare,157.42,74928,409.51
2023-09-07,Healthcare,158.3,42480,471.84
2023-09-08,Healthcare,158.61,52473,515.44
2023-09-09,Healthcare,157.57,95107,210.25
2023-09-10,Healthcare,159.69,84613,153.27
2023-09-11,Healthcare,160.23,120453,202.26
2023-09-12,Healthcare,162.4,51435,541.11
2023-09-13,Healthcare,158.25,68609,569.9
2023-09-14,Healthcare,160.37,54735,339.43
2023-09-15,Healthcare,163.38,101335,207.57
2023-09-16,Healthcare,159.92,96159,786.92
2023-09-17,Healthcare,158.31,68620,189.97
2023-09-18,Healthcare,159.46,51585,244.69
2023-09-19,Healthcare,157.24,73546,459.53
2023-09-20,Healthcare,157.1,76889,782.6
2023-09-21,Healthcare,159.45,138677,138.18
2023-09-22,Healthcare,161.02,68177,433.19
2023-09-23,Healthcare,160.45,34443,332.29
2023-09-24,Healthcare,155.34,52689,228.35
2023-09-25,Healthcare,160.16,88771,614.52
2023-09-26,Healthcare,158.58,302858,386.28
2023-09-27,Healthcare,157.98,54303,187.77
2023-09-28,Healthcare,159.72,59197,129.24
2023-09-29,Healthcare,157.44,69406,187.86
2023-09-30,Healthcare,131.33,73030,463.73
2023-10-01,Healthcare,157.83,36764,160.22
2023-10-02,Healthcare,157.27,59638,357.46
2023-10-03,Healthcare,161.59,76230,378.05
2023-10-04,Healthcare,157.43,51569,593.58
2023-10-05,Healthcare,158.79,37744,545.99
2023-10-06,Healthcare,158.78,101733,734.77
2023-10-07,Healthcare,156.96,65157,681.41
2023-10-08,Healthcare,163.5,100418,744.68
2023-10-09,Healthcare,164.32,67649,550.19
2023-10-10,Healthcare,161.37,48996,187.48
2023-10-11,Healthcare,157.13,56539,137.64
2023-10-12,Healthcare,163.09,24921,584.96
2023-10-13,Healthcare,159.31,74410,697.21
2023-10-14,Healthcare,160.52,97928,194.06
2023-10-15,Healthcare,163.01,34199,766.0
2023-10-16,Healthcare,160.85,44744,569.66
2023-10-17,Healthcare,158.89,35106,257.21
2023-10-18,Healthcare,161.39,98839,612.82
2023-10-19,Healthcare,161.68,34347,422.78
2023-10-20,Healthcare,160.83,73220,391.71
2023-10-21,Healthcare,160.73,67752,723.5
2023-10-22,Healthcare,159.5,54486,336.28
2023-10-23,Healthcare,160.48,107055,652.71
2023-10-24,Healthcare,158.81,25994,372.06
2023-10-25,Healthcare,164.8,62713,494.7
2023-10-26,Healthcare,158.52,85376,748.29
2023-10-27,Healthcare,162.98,115187,150.44
2023-10-28,Healthcare,162.16,155880,374.52
2023-10-29,Healthcare,161.5,75109,164.95
2023-10-30,Healthcare,163.65,207973,642.79
2023-10-31,Healthcare,160.95,49942,322.27
2023-11-01,Healthcare,163.91,35965,698.75
2023-11-02,Healthcare,160.4,56578,788.52
2023-11-03,Healthcare,166.27,80291,494.91
2023-11-04,Healthcare,162.63,48790,791.57
2023-11-05,Healthcare,157.35,135519,571.07
2023-11-06,Healthcare,162.53,44620,450.73
2023-11-07,Healthcare,168.43,36541,250.94
2023-11-08,Healthcare,166.1,60222,368.94
2023-11-09,Healthcare,164.85,74263,747.99
2023-11-10,Healthcare,164.94,156020,302.83
2023-11-11,Healthcare,168.7,45493,661.16
2023-11-12,Healthcare,164.67,30427,417.83
2023-11-13,Healthcare,165.61,91897,325.79
2023-11-14,Healthcare,158.58,59348,697.61
2023-11-15,Healthcare,165.64,68903,740.11
2023-11-16,Healthcare,160.97,38230,764.77
2023-11-17,Healthcare,163.78,50536,403.46
2023-11-18,Healthcare,163.43,35016,759.11
2023-11-19,Healthcare,164.49,113894,453.02
2023-11-20,Healthcare,161.64,54837,649.92
2023-11-21,Healthcare,166.21,32139,790.05
2023-11-22,Healthcare,164.95,90659,521.42
2023-11-23,Healthcare,162.55,63219,491.55
2023-11-24,Healthcare,167.52,151731,474.7
2023-11-25,Healthcare,165.52,45006,825.41
2023-11-26,Healthcare,160.97,45147,258.06
2023-11-27,Healthcare,162.18,118378,366.31
2023-11-28,Healthcare,167.98,38227,323.5
2023-11-29,Healthcare,164.05,61526,659.25
2023-11-30,Healthcare,168.65,73179,821.24
2023-12-01,Healthcare,167.26,64903,216.04
2023-12-02,Healthcare,163.78,61847,462.92
2023-12-03,Healthcare,166.5,34142,401.46
2023-12-04,Healthcare,170.9,47297,351.28
2023-12-05,Healthcare,163.52,50288,220.53
2023-12-06,Healthcare,166.47,58229,678.84
2023-12-07,Healthcare,166.6,59533,698.38
2023-12-08,Healthcare,167.81,62263,615.77
2023-12-09,Healthcare,168.59,71785,299.78
2023-12-10,Healthcare,168.98,80143,245.67
2023-12-11,Healthcare,166.25,45999,263.51
2023-12-12,Healthcare,170.7,50869,782.95
2023-12-13,Healthcare,168.01,55019,761.21
2023-12-14,Healthcare,174.12,42578,727.96
2023-12-15,Healthcare,166.52,59614,484.86
2023-12-16,Healthcare,168.39,38098,503.78
2023-12-17,Healthcare,168.8,60259,640.55
2023-12-18,Healthcare,167.96,56373,808.2
2023-12-19,Healthcare,167.5,38130,539.86
2023-12-20,Healthcare,168.55,40212,531.34
2023-12-21,Healthcare,166.54,28532,137.33
2023-12-22,Healthcare,170.48,50084,330.19
2023-12-23,Healthcare,172.69,27391,821.31
2023-12-24,Healthcare,169.39,65220,427.42
2023-12-25,Healthcare,168.91,58893,695.95
2023-12-26,Healthcare,166.1,50439,728.94
2023-12-27,Healthcare,168.76,86705,313.62
2023-12-28,Healthcare,171.41,81495,566.47
2023-12-29,Healthcare,174.09,48903,224.63
2023-12-30,Healthcare,171.67,38893,359.66
2023-12-31,Healthcare,172.48,73255,164.31
2024-01-01,Healthcare,172.49,48883,406.97
2024-01-02,Healthcare,176.37,60197,442.12
2024-01-03,Healthcare,179.4,38974,272.88
2024-01-04,Healthcare,173.81,87831,649.71
2024-01-05,Healthcare,169.9,54026,510.33
2024-01-06,Healthcare,169.24,96860,552.91
2024-01-07,Healthcare,172.63,42745,713.89
2024-01-08,Healthcare,175.47,59556,442.97
2024-01-09,Healthcare,175.27,70937,776.99
2024-01-10,Healthcare,171.05,48270,437.1
2024-01-11,Healthcare,171.59,38042,350.73
2024-01-12,Healthcare,169.78,134461,668.09
2024-01-13,Healthcare,174.65,70755,685.8
2024-01-14,Healthcare,176.86,48090,188.47
2024-01-15,Healthcare,171.04,79989,515.83
2024-01-16,Healthcare,171.56,79187,360.16
2024-01-17,Healthcare,171.07,36130,189.11
2024-01-18,Healthcare,173.3,77934,723.25
2024-01-19,Healthcare,179.06,70709,410.63
2024-01-20,Healthcare,173.74,86177,682.92
2024-01-21,Healthcare,171.72,41469,727.3
2024-01-22,Healthcare,175.79,81107,807.52
2024-01-23,Healthcare,175.25,52835,746.51
2024-01-24,Healthcare,175.3,92304,462.57
2024-01-25,Healthcare,174.24,40477,194.66
2024-01-26,Healthcare,175.61,98075,206.61
2024-01-27,Healthcare,174.83,53953,732.63
2024-01-28,Healthcare,172.89,54818,388.54
2024-01-29,Healthcare,177.35,37072,144.73
2024-01-30,Healthcare,179.64,65128,894.1
2024-01-31,Healthcare,175.85,65324,441.93
2024-02-01,Healthcare,178.47,29769,207.58
2024-02-02,Healthcare,178.09,96502,357.03
2024-02-03,Healthcare,175.71,49060,351.03
2024-02-04,Healthcare,176.92,81496,788.03
2024-02-05,Healthcare,175.33,71049,351.81
2024-02-06,Healthcare,177.28,117001,182.59
2024-02-07,Healthcare,177.57,24822,377.69
2024-02-08,Healthcare,179.93,69576,752.34
2024-02-09,Healthcare,178.98,95311,371.33
2024-02-10,Healthcare,174.68,41690,349.26
2024-02-11,Healthcare,178.75,62670,538.51
2024-02-12,Healthcare,178.54,32893,742.51
2024-02-13,Healthcare,177.95,113048,378.89
2024-02-14,Healthcare,176.6,58270,832.92
2024-02-15,Healthcare,180.52,80488,538.91
2024-02-16,Healthcare,181.1,47913,307.3
2024-02-17,Healthcare,177.49,117454,208.34
2024-02-18,Healthcare,181.95,60432,265.18
2024-02-19,Healthcare,183.35,32695,892.1
2024-02-20,Healthcare,176.85,25054,194.77
2024-02-21,Healthcare,180.53,63559,392.36
2024-02-22,Healthcare,176.92,82558,612.54
2024-02-23,Healthcare,175.85,67818,273.37
2024-02-24,Healthcare,181.98,62096,208.96
2024-02-25,Healthcare,177.0,94855,464.74
2024-02-26,Healthcare,179.6,48560,344.03
2024-02-27,Healthcare,179.27,77484,493.9
2024-02-28,Healthcare,179.73,37360,528.77
2024-02-29,Healthcare,183.55,57732,442.53
2024-03-01,Healthcare,183.76,59394,149.83
2024-03-02,Healthcare,179.58,29448,294.19
2024-03-03,Healthcare,181.86,52153,185.47
2024-03-04,Healthcare,183.4,46854,518.82
2024-03-05,Healthcare,182.65,58453,311.33
2024-03-06,Healthcare,179.81,48223,831.7
2024-03-07,Healthcare,178.67,121451,179.31
2024-03-08,Healthcare,182.9,34105,176.71
2024-03-09,Healthcare,186.42,38436,648.77
2024-03-10,Healthcare,180.74,53583,242.34
2024-03-11,Healthcare,182.3,77952,732.56
2024-03-12,Healthcare,177.61,59367,788.97
2024-03-13,Healthcare,181.76,62937,728.08
2024-03-14,Healthcare,181.72,49016,160.74
2024-03-15,Healthcare,182.31,115231,151.28
2024-03-16,Healthcare,181.61,92929,661.93
2024-03-17,Healthcare,183.09,60761,453.84
2024-03-18,Healthcare,183.29,71064,243.98
2024-03-19,Healthcare,182.01,90097,505.53
2024-03-20,Healthcare,184.16,35944,467.04
2024-03-21,Healthcare,177.74,113526,760.25
2024-03-22,Healthcare,183.64,34447,790.89
2024-03-23,Healthcare,182.09,83843,505.67
2024-03-24,Healthcare,182.79,56573,591.3
2024-03-25,Healthcare,184.98,66403,630.84
2024-03-26,Healthcare,184.71,76927,440.08
2024-03-27,Healthcare,181.67,45953,760.24
2024-03-28,Healthcare,181.44,46880,804.82
2024-03-29,Healthcare,183.16,57296,721.68
2024-03-30,Healthcare,186.9,65133,771.74
2024-03-31,Healthcare,183.29,162813,904.39
2024-04-01,Healthcare,181.12,51975,361.15
2024-04-02,Healthcare,187.94,116770,810.33
2024-04-03,Healthcare,182.89,30685,656.08
2024-04-04,Healthcare,182.61,101846,261.6
2024-04-05,Healthcare,183.43,77301,162.41
2024-04-06,Healthcare,183.72,33510,553.83
2024-04-07,Healthcare,183.83,81637,239.52
2024-04-08,Healthcare,182.38,80724,843.6
2024-04-09,Healthcare,184.02,78907,748.92
2024-04-10,Healthcare,184.63,40163,533.55
2024-04-11,Healthcare,183.12,51543,479.09
2024-04-12,Healthcare,182.33,64689,285.72
2024-04-13,Healthcare,188.69,90149,736.04
2024-04-14,Healthcare,186.88,44820,529.54
2024-04-15,Healthcare,186.93,110871,216.9
2024-04-16,Healthcare,182.14,69777,598.94
2024-04-17,Healthcare,185.01,53601,304.5
2024-04-18,Healthcare,184.27,71940,199.26
2024-04-19,Healthcare,183.46,88267,854.32
2024-04-20,Healthcare,180.83,51460,834.36
2024-04-21,Healthcare,185.59,121370,243.95
2024-04-22,Healthcare,186.52,62147,526.79
2024-04-23,Healthcare,183.52,52553,875.28
2024-04-24,Healthcare,183.12,29385,271.23
2024-04-25,Healthcare,188.13,57583,645.35
2024-04-26,Healthcare,181.86,69336,246.75
2024-04-27,Healthcare,182.01,84620,695.98
2024-04-28,Healthcare,181.88,79444,617.44
2024-04-29,Healthcare,182.94,65686,830.36
2024-04-30,Healthcare,185.69,47866,508.72
2024-05-01,Healthcare,185.59,29816,468.79
2024-05-02,Healthcare,187.25,87156,190.67
2024-05-03,Healthcare,183.31,94023,332.79
2024-05-04,Healthcare,186.09,58821,734.84
2024-05-05,Healthcare,183.41,41399,740.23
2024-05-06,Healthcare,183.52,33142,462.5
2024-05-07,Healthcare,185.17,79748,865.36
2024-05-08,Healthcare,179.13,102084,598.52
2024-05-09,Healthcare,181.77,185300,280.09
2024-05-10,Healthcare,183.74,102545,738.24
2024-05-11,Healthcare,180.89,52222,230.26
2024-05-12,Healthcare,181.79,32938,752.16
2024-05-13,Healthcare,179.99,55977,528.85
2024-05-14,Healthcare,183.88,39384,699.05
2024-05-15,Healthcare,182.0,44441,888.66
2024-05-16,Healthcare,182.67,76505,485.54
2024-05-17,Healthcare,183.0,47026,510.29
2024-05-18,Healthcare,185.19,67475,485.77
2024-05-19,Healthcare,182.93,39558,182.5
2024-05-20,Healthcare,184.76,70208,778.23
2024-05-21,Healthcare,183.68,53922,573.05
2024-05-22,Healthcare,181.42,119236,290.22
2024-05-23,Healthcare,181.3,36830,415.36
2024-05-24,Healthcare,182.67,58629,164.11
2024-05-25,Healthcare,184.78,55482,221.2
2024-05-26,Healthcare,183.6,105325,188.19
2024-05-27,Healthcare,182.92,40254,533.58
2024-05-28,Healthcare,177.62,69334,770.58
2024-05-29,Healthcare,180.96,64920,519.29
2024-05-30,Healthcare,181.7,36561,633.31
2024-05-31,Healthcare,181.24,39461,820.76
2024-06-01,Healthcare,180.35,84227,167.92
2024-06-02,Healthcare,181.61,73618,421.86
2024-06-03,Healthcare,181.71,52704,869.56
2024-06-04,Healthcare,181.86,31277,682.33
2024-06-05,Healthcare,182.98,42854,587.11
2024-06-06,Healthcare,182.27,51927,542.74
2024-06-07,Healthcare,178.01,45533,343.15
2024-06-08,Healthcare,182.08,138591,448.72
2024-06-09,Healthcare,180.59,130209,347.57
2024-06-10,Healthcare,176.73,21968,839.6
2024-06-11,Healthcare,179.94,57384,555.44
2024-06-12,Healthcare,181.8,46177,867.61
2024-06-13,Healthcare,181.17,54431,490.27
2024-06-14,Healthcare,183.24,63240,433.82
2024-06-15,Healthcare,186.91,54597,856.74
2024-06-16,Healthcare,182.84,106593,610.25
2024-06-17,Healthcare,173.99,78721,204.39
2024-06-18,Healthcare,176.81,53847,558.16
2024-06-19,Healthcare,177.04,96641,867.24
2024-06-20,Healthcare,178.21,30644,161.05
2024-06-21,Healthcare,179.97,103244,190.54
2024-06-22,Healthcare,176.73,83135,654.02
2024-06-23,Healthcare,174.64,106698,298.74
2024-06-24,Healthcare,180.12,37100,482.02
2024-06-25,Healthcare,180.91,48142,557.61
2024-06-26,Healthcare,176.74,47755,671.47
2024-06-27,Healthcare,180.41,40480,459.38
2024-06-28,Healthcare,173.29,48667,363.99
2024-06-29,Healthcare,181.75,97852,496.61
2024-06-30,Healthcare,177.16,47102,808.97
2024-07-01,Healthcare,176.82,45293,236.08
2024-07-02,Healthcare,176.76,65077,620.08
2024-07-03,Healthcare,181.36,40456,340.11
2024-07-04,Healthcare,176.09,68085,464.17
2024-07-05,Healthcare,179.66,32853,897.45
2024-07-06,Healthcare,174.23,116880,327.51
2024-07-07,Healthcare,172.17,52035,404.05
2024-07-08,Healthcare,174.2,32594,615.5
2024-07-09,Healthcare,173.66,92282,166.91
2024-07-10,Healthcare,177.52,92662,512.71
2024-07-11,Healthcare,176.94,91496,244.3
2024-07-12,Healthcare,176.77,18773,645.29
2024-07-13,Healthcare,178.35,57833,747.53
2024-07-14,Healthcare,176.41,41881,563.06
2024-07-15,Healthcare,178.47,38575,767.11
2024-07-16,Healthcare,178.36,61870,387.61
2024-07-17,Healthcare,178.32,64001,888.23
2024-07-18,Healthcare,179.47,70355,323.89
2024-07-19,Healthcare,176.7,23727,682.09
2024-07-20,Healthcare,179.37,31817,556.05
2024-07-21,Healthcare,172.97,81516,225.02
2024-07-22,Healthcare,176.13,32280,659.69
2024-07-23,Healthcare,174.54,95450,428.22
2024-07-24,Healthcare,176.26,60485,175.57
2024-07-25,Healthcare,174.05,82771,653.82
2024-07-26,Healthcare,175.41,76193,482.81
2024-07-27,Healthcare,173.61,138984,509.22
2024-07-28,Healthcare,178.9,62966,641.88
2024-07-29,Healthcare,176.26,47245,802.88
2024-07-30,Healthcare,177.02,25298,696.48
2024-07-31,Healthcare,179.31,76821,674.77
2024-08-01,Healthcare,147.08,114611,419.88
2024-08-02,Healthcare,171.8,48010,576.41
2024-08-03,Healthcare,176.58,57922,771.79
2024-08-04,Healthcare,173.68,95741,675.0
2024-08-05,Healthcare,172.53,48136,364.51
2024-08-06,Healthcare,175.76,74840,735.4
2024-08-07,Healthcare,170.69,82262,739.16
2024-08-08,Healthcare,173.12,59085,175.28
2024-08-09,Healthcare,175.84,39992,679.46
2024-08-10,Healthcare,177.61,38336,250.68
2024-08-11,Healthcare,171.98,54734,167.16
2024-08-12,Healthcare,176.68,61605,796.41
2024-08-13,Healthcare,174.51,39225,853.76
2024-08-14,Healthcare,173.7,50579,690.49
2024-08-15,Healthcare,171.84,67980,632.16
2024-08-16,Healthcare,174.31,87483,730.93
2024-08-17,Healthcare,173.59,58087,252.91
2024-08-18,Healthcare,174.9,79767,359.57
2024-08-19,Healthcare,176.49,36842,679.71
2024-08-20,Healthcare,172.89,95799,265.1
2024-08-21,Healthcare,173.58,68346,519.96
2024-08-22,Healthcare,170.98,41550,260.62
2024-08-23,Healthcare,177.06,138710,512.92
2024-08-24,Healthcare,171.48,48405,655.01
2024-08-25,Healthcare,177.3,72216,798.99
2024-08-26,Healthcare,170.78,65475,742.56
2024-08-27,Healthcare,172.52,72659,210.47
2024-08-28,Healthcare,173.34,49209,718.02
2024-08-29,Healthcare,172.26,59516,374.17
2024-08-30,Healthcare,168.9,49338,174.38
2024-08-31,Healthcare,174.14,43439,607.24
2024-09-01,Healthcare,172.7,47053,217.69
2024-09-02,Healthcare,174.82,62737,449.38
2024-09-03,Healthcare,172.13,124445,267.57
2024-09-04,Healthcare,172.63,71706,772.23
2024-09-05,Healthcare,174.63,180350,564.98
2024-09-06,Healthcare,174.04,41242,728.28
2024-09-07,Healthcare,171.35,58160,800.2
2024-09-08,Healthcare,172.42,39184,781.94
2024-09-09,Healthcare,179.47,82714,868.26
2024-09-10,Healthcare,175.73,137341,200.33
2024-09-11,Healthcare,174.44,62848,859.42
2024-09-12,Healthcare,176.37,63382,621.13
2024-09-13,Healthcare,171.76,26099,352.79
2024-09-14,Healthcare,174.45,102443,459.99
2024-09-15,Healthcare,173.16,76249,602.86
2024-09-16,Healthcare,170.22,39527,745.58
2024-09-17,Healthcare,177.71,59955,338.92
2024-09-18,Healthcare,172.99,73576,286.18
2024-09-19,Healthcare,170.27,75161,708.79
2024-09-20,Healthcare,177.58,48384,426.39
2024-09-21,Healthcare,175.73,60424,447.05
2024-09-22,Healthcare,171.77,155216,398.93
2024-09-23,Healthcare,177.17,98675,194.1
2024-09-24,Healthcare,173.9,63166,661.54
2024-09-25,Healthcare,175.58,64385,276.32
2024-09-26,Healthcare,167.77,37161,222.67
2024-09-27,Healthcare,177.96,69214,819.42
2024-09-28,Healthcare,172.59,98265,309.55
2024-09-29,Healthcare,171.3,70207,743.16
2024-09-30,Healthcare,174.11,51821,806.78
2024-10-01,Healthcare,173.73,42790,749.41
2024-10-02,Healthcare,170.21,60786,427.75
2024-10-03,Healthcare,174.99,68513,353.04
2024-10-04,Healthcare,173.16,53893,411.0
2024-10-05,Healthcare,172.4,35835,353.53
2024-10-06,Healthcare,176.54,72970,385.01
2024-10-07,Healthcare,175.59,67210,461.82
2024-10-08,Healthcare,171.92,35076,676.67
2024-10-09,Healthcare,173.38,41601,498.53
2024-10-10,Healthcare,171.57,106877,484.44
2024-10-11,Healthcare,176.5,66763,196.95
2024-10-12,Healthcare,173.11,126215,852.95
2024-10-13,Healthcare,169.88,29487,367.47
2024-10-14,Healthcare,175.35,81191,173.17
2024-10-15,Healthcare,170.93,39758,199.61
2024-10-16,Healthcare,175.19,91041,458.18
2024-10-17,Healthcare,176.22,113174,471.64
2024-10-18,Healthcare,179.3,50766,471.95
2024-10-19,Healthcare,171.16,38062,212.99
2024-10-20,Healthcare,172.17,66016,664.29
2024-10-21,Healthcare,174.0,48476,395.99
2024-10-22,Healthcare,174.45,47088,293.08
2024-10-23,Healthcare,175.88,93403,267.32
2024-10-24,Healthcare,174.99,48980,747.41
2024-10-25,Healthcare,175.7,107351,865.15
2024-10-26,Healthcare,176.2,63675,203.42
2024-10-27,Healthcare,172.08,29546,333.18
2024-10-28,Healthcare,175.96,97680,471.27
2024-10-29,Healthcare,174.48,27405,754.39
2024-10-30,Healthcare,177.51,35917,654.11
2024-10-31,Healthcare,175.63,81360,849.45
2024-11-01,Healthcare,171.83,80188,646.48
2024-11-02,Healthcare,173.14,91988,859.18
2024-11-03,Healthcare,174.95,42275,743.28
2024-11-04,Healthcare,176.26,46378,639.1
2024-11-05,Healthcare,174.89,93354,434.86
2024-11-06,Healthcare,178.16,46686,683.48
2024-11-07,Healthcare,174.31,43911,570.78
2024-11-08,Healthcare,180.12,52998,152.17
2024-11-09,Healthcare,177.72,73975,598.16
2024-11-10,Healthcare,179.4,48730,784.71
2024-11-11,Healthcare,174.65,85057,531.04
2024-11-12,Healthcare,176.43,46149,799.07
2024-11-13,Healthcare,177.4,50058,344.13
2024-11-14,Healthcare,181.39,54253,231.04
2024-11-15,Healthcare,178.27,66369,721.99
2024-11-16,Healthcare,174.41,49151,379.63
2024-11-17,Healthcare,172.36,35834,248.74
2024-11-18,Healthcare,176.16,75024,237.04
2024-11-19,Healthcare,176.72,64158,351.05
2024-11-20,Healthcare,181.87,70330,856.68
2024-11-21,Healthcare,177.52,71887,692.86
2024-11-22,Healthcare,177.71,87741,452.49
2024-11-23,Healthcare,177.12,74708,418.87
2024-11-24,Healthcare,179.17,32839,384.27
2024-11-25,Healthcare,178.05,82362,227.29
2024-11-26,Healthcare,180.47,46962,437.06
2024-11-27,Healthcare,178.6,73398,612.95
2024-11-28,Healthcare,177.08,69573,155.09
2024-11-29,Healthcare,174.01,55021,367.79
2024-11-30,Healthcare,180.14,96422,892.62
2024-12-01,Healthcare,179.35,57207,341.06
2024-12-02,Healthcare,186.25,82691,520.79
2024-12-03,Healthcare,178.78,68081,605.35
2024-12-04,Healthcare,177.9,115759,452.77
2024-12-05,Healthcare,178.99,57640,675.96
2024-12-06,Healthcare,179.43,45554,419.31
2024-12-07,Healthcare,182.35,37817,831.82
2024-12-08,Healthcare,181.41,47031,807.94
2024-12-09,Healthcare,181.72,43744,511.8
2024-12-10,Healthcare,185.42,58228,219.4
2024-12-11,Healthcare,184.94,97255,334.61
2024-12-12,Healthcare,182.98,66437,298.57
2024-12-13,Healthcare,150.57,79896,303.1
2024-12-14,Healthcare,180.59,47184,539.02
2024-12-15,Healthcare,184.09,52537,406.29
2024-12-16,Healthcare,180.75,36387,658.79
2024-12-17,Healthcare,183.74,30553,294.62
2024-12-18,Healthcare,184.02,56629,660.48
2024-12-19,Healthcare,181.19,51628,377.36
2024-12-20,Healthcare,181.95,52196,157.67
2024-12-21,Healthcare,177.82,89083,562.62
2024-12-22,Healthcare,180.32,39584,804.11
2024-12-23,Healthcare,182.61,80931,421.84
2024-12-24,Healthcare,184.08,40199,304.21
2024-12-25,Healthcare,187.15,54653,225.91
2024-12-26,Healthcare,188.36,71148,648.39
2024-12-27,Healthcare,185.21,43809,167.17
2024-12-28,Healthcare,179.92,41412,307.26
2024-12-29,Healthcare,186.39,64230,870.45
2024-12-30,Healthcare,181.46,122349,337.09
2024-12-31,Healthcare,184.91,65086,214.4
2025-01-01,Healthcare,186.37,45323,788.52
2025-01-02,Healthcare,188.38,31831,421.67
2025-01-03,Healthcare,186.8,165405,549.34
2025-01-04,Healthcare,180.93,34016,399.74
2025-01-05,Healthcare,187.92,29847,498.62
2025-01-06,Healthcare,187.13,60140,205.44
2025-01-07,Healthcare,187.5,45965,636.44
2025-01-08,Healthcare,185.71,61528,763.4
2025-01-09,Healthcare,188.61,39904,182.84
2025-01-10,Healthcare,185.32,49180,473.95
2025-01-11,Healthcare,178.76,96585,164.91
2025-01-12,Healthcare,183.15,112039,813.39
2025-01-13,Healthcare,188.69,70972,254.72
2025-01-14,Healthcare,184.93,77780,198.43
2025-01-15,Healthcare,187.19,62857,829.19
2025-01-16,Healthcare,191.82,54372,800.45
2025-01-17,Healthcare,191.4,52293,909.53
2025-01-18,Healthcare,180.68,38718,768.01
2025-01-19,Healthcare,185.05,65391,900.42
2025-01-20,Healthcare,190.23,75888,525.98
2025-01-21,Healthcare,191.18,72060,837.4
2025-01-22,Healthcare,185.36,65405,367.78
2025-01-23,Healthcare,187.34,60958,789.32
2025-01-24,Healthcare,188.22,48957,559.37
2025-01-25,Healthcare,188.53,111078,640.45
2025-01-26,Healthcare,184.44,36428,597.42
2025-01-27,Healthcare,186.82,51271,601.01
2025-01-28,Healthcare,191.1,20531,684.92
2025-01-29,Healthcare,188.87,77711,924.92
2025-01-30,Healthcare,192.54,30331,644.08
2025-01-31,Healthcare,192.57,78812,631.04
2025-02-01,Healthcare,193.25,56220,559.65
2025-02-02,Healthcare,190.97,79385,517.3
2025-02-03,Healthcare,190.94,31288,512.43
2025-02-04,Healthcare,188.26,56562,763.71
2025-02-05,Healthcare,194.86,70563,623.87
2025-02-06,Healthcare,189.23,44410,254.98
2025-02-07,Healthcare,189.68,52020,397.62
2025-02-08,Healthcare,190.9,52279,204.07
2025-02-09,Healthcare,190.95,31627,666.62
2025-02-10,Healthcare,187.98,47262,666.74
2025-02-11,Healthcare,188.96,52577,599.63
2025-02-12,Healthcare,193.81,92404,720.62
2025-02-13,Healthcare,193.94,57858,678.76
2025-02-14,Healthcare,193.62,57056,937.36
2025-02-15,Healthcare,191.93,72683,956.09
2025-02-16,Healthcare,191.75,31714,390.92
2025-02-17,Healthcare,191.79,29982,856.83
2025-02-18,Healthcare,191.79,66086,679.97
2025-02-19,Healthcare,193.52,57879,740.49
2025-02-20,Healthcare,192.63,64203,341.47
2025-02-21,Healthcare,194.6,49220,538.73
2025-02-22,Healthcare,190.46,65142,491.95
2025-02-23,Healthcare,190.93,40678,275.73
2025-02-24,Healthcare,195.72,64321,309.09
2025-02-25,Healthcare,197.17,87067,422.17
2025-02-26,Healthcare,193.85,82441,523.35
2025-02-27,Healthcare,191.3,54058,584.84
2025-02-28,Healthcare,194.17,51153,709.93
2025-03-01,Healthcare,196.21,65933,616.01
2025-03-02,Healthcare,195.03,107351,267.63
2025-03-03,Healthcare,194.44,89355,633.97
2025-03-04,Healthcare,197.29,75872,487.66
2025-03-05,Healthcare,198.33,61415,481.96
2025-03-06,Healthcare,195.57,45220,489.62
2025-03-07,Healthcare,193.88,64729,783.76
2025-03-08,Healthcare,194.2,69701,690.52
2025-03-09,Healthcare,195.14,90624,909.33
2025-03-10,Healthcare,195.03,86499,478.09
2025-03-11,Healthcare,191.68,43540,846.56
2025-03-12,Healthcare,196.01,49113,440.43
2025-03-13,Healthcare,195.37,55822,882.49
2025-03-14,Healthcare,195.19,32779,872.32
2025-03-15,Healthcare,195.96,113572,854.17
2025-03-16,Healthcare,195.84,59595,765.59
2025-03-17,Healthcare,200.15,161023,597.68
2025-03-18,Healthcare,193.64,123574,855.35
2025-03-19,Healthcare,195.65,37212,721.44
2025-03-20,Healthcare,197.94,35586,505.96
2025-03-21,Healthcare,195.59,51669,943.69
2025-03-22,Healthcare,196.29,35087,173.85
2025-03-23,Healthcare,192.56,79673,383.3
2025-03-24,Healthcare,199.15,96708,188.43
2025-03-25,Healthcare,192.44,45291,800.84
2025-03-26,Healthcare,202.06,41645,863.61
2025-03-27,Healthcare,192.5,48092,587.5
2025-03-28,Healthcare,191.48,29599,731.08
2025-03-29,Healthcare,195.12,47370,342.75
2025-03-30,Healthcare,192.19,96283,587.36
2025-03-31,Healthcare,195.57,50939,512.72
2025-04-01,Healthcare,195.62,57797,611.81
2025-04-02,Healthcare,201.17,73188,374.05
2025-04-03,Healthcare,196.83,38154,207.12
2025-04-04,Healthcare,194.74,50552,592.33
2025-04-05,Healthcare,195.7,72013,433.5
2025-04-06,Healthcare,192.67,82401,334.56
2025-04-07,Healthcare,196.21,35578,374.37
2025-04-08,Healthcare,197.0,52943,954.3
2025-04-09,Healthcare,195.03,160235,916.11
2025-04-10,Healthcare,195.74,87649,372.51
2025-04-11,Healthcare,201.21,60613,218.26
2025-04-12,Healthcare,199.14,76764,714.76
2025-04-13,Healthcare,199.39,55735,599.52
2025-04-14,Healthcare,198.79,68900,420.56
2025-04-15,Healthcare,195.11,79572,865.53
2025-04-16,Healthcare,195.4,111582,448.47
2025-04-17,Healthcare,194.99,47954,362.43
2025-04-18,Healthcare,191.62,42065,468.04
2025-04-19,Healthcare,201.22,111089,525.94
2025-04-20,Healthcare,197.09,45739,281.47
2025-04-21,Healthcare,197.59,42805,366.73
2025-04-22,Healthcare,195.99,74352,329.57
2025-04-23,Healthcare,196.0,59712,587.48
2025-04-24,Healthcare,198.39,75991,490.8
2025-04-25,Healthcare,195.65,45065,613.58
2025-04-26,Healthcare,198.39,57131,970.04
2025-04-27,Healthcare,198.71,44821,278.39
2025-04-28,Healthcare,195.81,82663,622.49
2025-04-29,Healthcare,195.62,15693,228.61
2025-04-30,Healthcare,198.58,67605,276.17
2025-05-01,Healthcare,195.55,118855,268.93
2025-05-02,Healthcare,194.07,60344,777.68
2025-05-03,Healthcare,196.37,30382,723.4
2025-05-04,Healthcare,195.95,94863,190.1
2025-05-05,Healthcare,196.0,52727,853.0
2025-05-06,Healthcare,199.76,35815,651.62
2025-05-07,Healthcare,199.01,28370,229.32
2025-05-08,Healthcare,198.97,35149,486.3
2025-05-09,Healthcare,194.38,36292,743.64
2025-05-10,Healthcare,198.07,60306,576.96
2025-05-11,Healthcare,198.21,63687,636.0
2025-05-12,Healthcare,195.19,75778,171.76
2025-05-13,Healthcare,196.76,62905,520.21
2025-05-14,Healthcare,194.94,59153,550.46
2025-05-15,Healthcare,195.34,51383,627.45
2025-05-16,Healthcare,196.27,154606,866.79
2025-05-17,Healthcare,194.16,118620,684.62
2025-05-18,Healthcare,197.48,54507,714.93
2025-05-19,Healthcare,193.0,33026,628.72
2025-05-20,Healthcare,194.48,58425,817.56
2025-05-21,Healthcare,198.39,87174,417.83
2025-05-22,Healthcare,194.86,49041,958.33
2025-05-23,Healthcare,194.79,59790,419.34
2025-05-24,Healthcare,193.55,63295,451.62
2025-05-25,Healthcare,195.45,61747,654.42
2025-05-26,Healthcare,198.85,102350,621.53
2025-05-27,Healthcare,196.24,68201,226.06
2025-05-28,Healthcare,200.62,20122,534.42
2025-05-29,Healthcare,197.4,167085,668.0
2025-05-30,Healthcare,194.07,67997,639.11
2025-05-31,Healthcare,194.66,66250,295.8
2025-06-01,Healthcare,197.3,113650,230.76
2025-06-02,Healthcare,194.02,84588,531.98
2025-06-03,Healthcare,197.0,53029,408.68
2025-06-04,Healthcare,195.3,71858,357.82
2025-06-05,Healthcare,190.3,74796,156.5
2025-06-06,Healthcare,189.51,81456,664.93
2025-06-07,Healthcare,194.95,91388,372.6
2025-06-08,Healthcare,187.15,92899,587.39
2025-06-09,Healthcare,196.36,119577,628.29
2025-06-10,Healthcare,189.99,78149,494.8
2025-06-11,Healthcare,188.96,76474,662.09
2025-06-12,Healthcare,196.53,43972,683.39
2025-06-13,Healthcare,192.88,60558,458.92
2025-06-14,Healthcare,189.68,74160,422.91
2025-06-15,Healthcare,188.67,54931,281.98
2025-06-16,Healthcare,197.57,64848,680.86
2025-06-17,Healthcare,189.93,39703,549.29
2025-06-18,Healthcare,188.87,76715,217.65
2025-06-19,Healthcare,189.76,85106,538.35
2025-06-20,Healthcare,193.2,27649,612.45
2025-06-21,Healthcare,188.03,41486,437.81
2025-06-22,Healthcare,192.12,98612,240.4
2025-06-23,Healthcare,193.6,79096,273.02
2025-06-24,Healthcare,191.58,30916,472.89
2025-06-25,Healthcare,193.64,62101,821.09
2025-06-26,Healthcare,190.71,61272,613.56
2025-06-27,Healthcare,190.21,45357,889.16
2025-06-28,Healthcare,192.89,73933,562.92
2025-06-29,Healthcare,187.67,54416,174.18
2025-06-30,Healthcare,190.48,110487,448.4
2025-07-01,Healthcare,193.58,79270,742.36
2025-07-02,Healthcare,189.92,38538,415.81
2025-07-03,Healthcare,189.38,95286,468.9
2025-07-04,Healthcare,188.25,132657,536.35
2025-07-05,Healthcare,191.38,127868,385.36
2025-07-06,Healthcare,193.9,28097,419.23
2025-07-07,Healthcare,189.12,70675,266.24
2025-07-08,Healthcare,189.34,77239,901.59
2025-07-09,Healthcare,196.82,120075,426.86
2025-07-10,Healthcare,196.51,47579,931.19
2025-07-11,Healthcare,195.56,50486,479.2
2025-07-12,Healthcare,190.07,72973,718.68
2025-07-13,Healthcare,190.53,116939,773.88
2025-07-14,Healthcare,194.96,77415,550.06
2025-07-15,Healthcare,186.55,118190,902.72
2025-07-16,Healthcare,194.15,61951,444.91
2025-07-17,Healthcare,185.73,30821,572.52
2025-07-18,Healthcare,186.86,59665,282.21
2025-07-19,Healthcare,193.58,92179,893.89
2025-07-20,Healthcare,192.54,77549,930.36
2025-07-21,Healthcare,190.1,67191,368.42
2025-07-22,Healthcare,186.74,41227,174.4
2025-07-23,Healthcare,188.64,51996,334.61
2025-07-24,Healthcare,189.72,103885,493.88
2025-07-25,Healthcare,186.59,54763,699.48
2025-07-26,Healthcare,161.43,87059,693.06
2025-07-27,Healthcare,194.94,34247,549.74
2025-07-28,Healthcare,189.9,49542,273.99
2025-07-29,Healthcare,181.98,64083,241.92
2025-07-30,Healthcare,188.49,91862,279.01
2025-07-31,Healthcare,189.39,65005,343.67
2025-08-01,Healthcare,191.67,66418,661.61
2025-08-02,Healthcare,184.01,85245,338.06
2025-08-03,Healthcare,189.42,97293,463.81
2025-08-04,Healthcare,190.07,47915,552.34
2025-08-05,Healthcare,181.05,93284,236.35
2025-08-06,Healthcare,188.34,51721,194.71
2025-08-07,Healthcare,186.54,70108,414.54
2025-08-08,Healthcare,187.02,40044,810.23
2025-08-09,Healthcare,184.68,60904,495.23
2025-08-10,Healthcare,185.93,43317,798.95
2025-08-11,Healthcare,191.22,45071,326.69
2025-08-12,Healthcare,188.75,79889,935.47
2025-08-13,Healthcare,184.99,42451,485.7
2025-08-14,Healthcare,184.64,48495,757.48
2025-08-15,Healthcare,188.41,61841,324.51
2025-08-16,Healthcare,189.75,81589,212.85
2025-08-17,Healthcare,183.59,84777,835.67
2025-08-18,Healthcare,190.06,61177,898.25
2025-08-19,Healthcare,187.81,89733,518.91
2025-08-20,Healthcare,189.72,73836,524.11
2025-08-21,Healthcare,182.77,137700,629.78
2025-08-22,Healthcare,186.65,51838,170.0
2025-08-23,Healthcare,184.85,82903,197.63
2025-08-24,Healthcare,187.81,45994,844.9
2025-08-25,Healthcare,182.67,45798,693.0
2025-08-26,Healthcare,188.56,62860,541.29
2025-08-27,Healthcare,183.12,44531,530.19
2025-08-28,Healthcare,186.2,66816,913.28
2025-08-29,Healthcare,185.37,69109,413.53
2025-08-30,Healthcare,188.07,54521,259.28
2025-08-31,Healthcare,189.58,43016,621.63
2025-09-01,Healthcare,183.51,100724,828.28
2025-09-02,Healthcare,180.3,47994,601.78
2025-09-03,Healthcare,185.13,81361,464.27
2025-09-04,Healthcare,182.28,68445,372.12
2025-09-05,Healthcare,186.24,127034,289.48
2025-09-06,Healthcare,183.94,76121,569.5
2025-09-07,Healthcare,185.5,61650,773.75
2025-09-08,Healthcare,184.38,80086,490.7
2025-09-09,Healthcare,188.2,68836,765.49
2025-09-10,Healthcare,192.85,52906,901.58
2025-09-11,Healthcare,187.77,108928,843.53
2025-09-12,Healthcare,187.14,90827,205.13
2025-09-13,Healthcare,189.83,76019,657.14
2025-09-14,Healthcare,188.16,43801,252.5
2025-09-15,Healthcare,179.82,76452,779.41
2025-09-16,Healthcare,185.11,57083,215.62
2025-09-17,Healthcare,185.14,62628,385.52
2025-09-18,Healthcare,186.44,81833,260.0
2025-09-19,Healthcare,187.04,35826,922.78
2025-09-20,Healthcare,188.17,136295,366.56
2025-09-21,Healthcare,185.24,76744,925.82
2025-09-22,Healthcare,187.04,31689,278.96
2025-09-23,Healthcare,185.43,37554,704.59
2025-09-24,Healthcare,185.9,55904,253.9
2025-09-25,Healthcare,186.79,49658,371.47
2025-09-26,Healthcare,180.96,42701,656.44
2025-09-27,Healthcare,184.53,85877,206.41
2025-09-28,Healthcare,184.33,132147,501.77
2025-09-29,Healthcare,188.1,40393,373.57
2025-09-30,Healthcare,184.73,86175,241.66
2025-10-01,Healthcare,184.72,41443,648.59
2025-10-02,Healthcare,184.23,55750,680.32
2025-10-03,Healthcare,183.75,72259,728.13
2025-10-04,Healthcare,191.71,61177,725.41
2025-10-05,Healthcare,187.04,51852,608.31
2025-10-06,Healthcare,191.83,45333,919.28
2025-10-07,Healthcare,186.33,69568,289.49
2025-10-08,Healthcare,184.67,63096,257.82
2025-10-09,Healthcare,188.59,48043,343.33
2025-10-10,Healthcare,183.08,84254,341.91
2025-10-11,Healthcare,187.77,59620,374.67
2025-10-12,Healthcare,185.13,25064,282.14
2025-10-13,Healthcare,189.88,42989,276.06
2025-10-14,Healthcare,184.88,44989,616.99
2025-10-15,Healthcare,189.16,115617,206.33
2025-10-16,Healthcare,185.12,41142,272.02
2025-10-17,Healthcare,186.58,49012,502.61
2025-10-18,Healthcare,184.46,99286,870.04
2025-10-19,Healthcare,188.83,35769,553.26
2025-10-20,Healthcare,187.96,66423,609.96
2025-10-21,Healthcare,189.11,36917,159.78
2025-10-22,Healthcare,190.2,55062,400.89
2025-10-23,Healthcare,188.96,39913,717.05
2025-10-24,Healthcare,186.26,45894,894.48
2025-10-25,Healthcare,183.32,40245,264.78
2025-10-26,Healthcare,185.88,56837,503.94
2025-10-27,Healthcare,189.49,96046,330.39
2025-10-28,Healthcare,190.17,90309,882.75
2025-10-29,Healthcare,191.6,62385,547.77
2025-10-30,Healthcare,190.68,49805,347.83
2025-10-31,Healthcare,188.24,59093,470.17
2025-11-01,Healthcare,189.39,58721,713.37
2025-11-02,Healthcare,186.34,48724,480.19
2025-11-03,Healthcare,187.91,29365,455.82
2025-11-04,Healthcare,191.96,66985,341.86
2025-11-05,Healthcare,189.9,84667,880.43
2025-11-06,Healthcare,190.97,46340,636.42
2025-11-07,Healthcare,190.39,76087,686.42
2025-11-08,Healthcare,189.14,41618,482.04
2025-11-09,Healthcare,190.07,27280,913.95
2025-11-10,Healthcare,194.05,55169,459.54
2025-11-11,Healthcare,189.12,66831,842.63
2025-11-12,Healthcare,192.56,30587,199.56
2025-11-13,Healthcare,193.71,29282,625.0
2025-11-14,Healthcare,194.78,63853,502.88
2025-11-15,Healthcare,187.33,54669,611.84
2025-11-16,Healthcare,185.15,53673,206.18
2025-11-17,Healthcare,190.19,74484,357.0
2025-11-18,Healthcare,191.22,44140,769.1
2025-11-19,Healthcare,190.94,57412,244.59
2025-11-20,Healthcare,187.49,50139,548.75
2025-11-21,Healthcare,192.43,66446,934.52
2025-11-22,Healthcare,188.19,59872,662.48
2025-11-23,Healthcare,188.44,54261,164.55
2025-11-24,Healthcare,190.62,63831,787.39
2025-11-25,Healthcare,191.64,38457,363.08
2025-11-26,Healthcare,190.5,40655,612.67
2025-11-27,Healthcare,191.5,38829,830.46
2025-11-28,Healthcare,194.17,49235,747.87
2025-11-29,Healthcare,197.98,64732,797.15
2025-11-30,Healthcare,189.05,23801,811.73
2025-12-01,Healthcare,189.38,101445,662.47
2025-12-02,Healthcare,189.31,98574,608.81
2025-12-03,Healthcare,164.57,64164,786.54
2025-12-04,Healthcare,192.35,68411,768.57
2025-12-05,Healthcare,191.36,95929,491.76
2025-12-06,Healthcare,192.87,106432,960.43
2025-12-07,Healthcare,197.51,33774,483.85
2025-12-08,Healthcare,194.56,63997,783.55
2025-12-09,Healthcare,192.81,59917,573.25
2025-12-10,Healthcare,200.68,73714,704.49
2025-12-11,Healthcare,195.91,56600,321.31
2025-12-12,Healthcare,195.29,43305,803.94
2025-12-13,Healthcare,196.32,104481,597.02
2025-12-14,Healthcare,196.69,44804,732.98
2025-12-15,Healthcare,192.51,151305,439.42
2025-12-16,Healthcare,198.3,79642,323.88
2025-12-17,Healthcare,198.86,59153,607.27
2025-12-18,Healthcare,197.12,95474,899.03
2025-12-19,Healthcare,194.87,71514,819.68
2025-12-20,Healthcare,198.34,39833,497.56
2025-12-21,Healthcare,195.0,89867,568.59
2025-12-22,Healthcare,196.61,61320,631.25
2025-12-23,Healthcare,196.18,94006,618.79
2025-12-24,Healthcare,194.21,50007,580.84
2025-12-25,Healthcare,193.37,52684,296.49
2025-12-26,Healthcare,197.23,28753,331.62
2025-12-27,Healthcare,195.09,64650,461.07
2025-12-28,Healthcare,198.3,119280,629.82
2025-12-29,Healthcare,198.85,55758,721.47
2025-12-30,Healthcare,197.9,63612,404.28
2025-12-31,Healthcare,196.68,65755,751.21
2023-01-01,Energy,159.33,54809,501.13
2023-01-02,Energy,159.2,80646,127.52
2023-01-03,Energy,160.88,53738,538.44
2023-01-04,Energy,161.11,58039,272.36
2023-01-05,Energy,159.8,50053,711.71
2023-01-06,Energy,163.0,107590,193.28
2023-01-07,Energy,158.95,52540,579.21
2023-01-08,Energy,160.95,74349,165.19
2023-01-09,Energy,158.54,42529,306.48
2023-01-10,Energy,155.22,74446,562.73
2023-01-11,Energy,158.0,46299,358.32
2023-01-12,Energy,162.35,82793,289.46
2023-01-13,Energy,163.71,128158,509.13
2023-01-14,Energy,166.24,51964,209.54
2023-01-15,Energy,160.02,70236,784.04
2023-01-16,Energy,158.77,54420,680.59
2023-01-17,Energy,161.6,72410,538.77
2023-01-18,Energy,162.54,53784,511.12
2023-01-19,Energy,159.35,39932,673.47
2023-01-20,Energy,158.08,48066,670.06
2023-01-21,Energy,159.3,49302,350.18
2023-01-22,Energy,162.63,37438,721.41
2023-01-23,Energy,162.18,53564,647.05
2023-01-24,Energy,162.75,75050,357.59
2023-01-25,Energy,161.61,59927,292.27
2023-01-26,Energy,161.83,49866,148.85
2023-01-27,Energy,161.17,72191,733.28
2023-01-28,Energy,165.0,95649,814.49
2023-01-29,Energy,160.33,100275,324.56
2023-01-30,Energy,161.08,63372,224.1
2023-01-31,Energy,163.46,33062,555.96
2023-02-01,Energy,162.65,103163,410.1
2023-02-02,Energy,158.95,157552,644.67
2023-02-03,Energy,159.51,67185,152.89
2023-02-04,Energy,160.59,71534,569.46
2023-02-05,Energy,165.46,82638,753.66
2023-02-06,Energy,160.84,88534,313.85
2023-02-07,Energy,163.06,34340,800.57
2023-02-08,Energy,166.17,138657,479.82
2023-02-09,Energy,163.92,51421,418.05
2023-02-10,Energy,162.39,80346,240.0
2023-02-11,Energy,165.84,51430,399.33
2023-02-12,Energy,166.99,77487,251.51
2023-02-13,Energy,164.25,68075,364.4
2023-02-14,Energy,162.35,79954,478.93
2023-02-15,Energy,162.54,48939,154.44
2023-02-16,Energy,164.22,127479,249.79
2023-02-17,Energy,164.87,42774,654.21
2023-02-18,Energy,165.11,75525,701.52
2023-02-19,Energy,166.83,59295,611.23
2023-02-20,Energy,163.34,144920,140.6
2023-02-21,Energy,165.34,42870,516.59
2023-02-22,Energy,164.74,48949,406.9
2023-02-23,Energy,167.25,75221,498.57
2023-02-24,Energy,164.36,90433,297.32
2023-02-25,Energy,164.8,58551,420.5
2023-02-26,Energy,163.71,44529,704.35
2023-02-27,Energy,169.08,88533,413.39
2023-02-28,Energy,161.82,40934,440.49
2023-03-01,Energy,163.13,61326,296.59
2023-03-02,Energy,164.54,109183,634.43
2023-03-03,Energy,164.75,132475,391.96
2023-03-04,Energy,165.26,147504,739.33
2023-03-05,Energy,165.09,55642,340.93
2023-03-06,Energy,167.29,82094,298.37
2023-03-07,Energy,163.15,61916,350.81
2023-03-08,Energy,164.82,49233,247.59
2023-03-09,Energy,165.79,53355,363.27
2023-03-10,Energy,166.03,40271,679.56
2023-03-11,Energy,162.93,89167,192.78
2023-03-12,Energy,167.93,86705,317.99
2023-03-13,Energy,165.86,51792,683.28
2023-03-14,Energy,164.68,43566,360.4
2023-03-15,Energy,165.7,94322,536.64
2023-03-16,Energy,164.58,94396,321.47
2023-03-17,Energy,163.19,65778,348.64
2023-03-18,Energy,166.75,48611,147.34
2023-03-19,Energy,164.0,83989,408.7
2023-03-20,Energy,166.05,171899,191.42
2023-03-21,Energy,168.13,95323,799.93
2023-03-22,Energy,161.54,45633,435.46
2023-03-23,Energy,163.86,27110,192.08
2023-03-24,Energy,165.95,83075,711.38
2023-03-25,Energy,164.23,27644,389.87
2023-03-26,Energy,164.38,56167,230.71
2023-03-27,Energy,165.6,60127,603.49
2023-03-28,Energy,166.81,59540,385.02
2023-03-29,Energy,167.67,41003,300.1
2023-03-30,Energy,165.52,75660,327.94
2023-03-31,Energy,166.54,124620,289.57
2023-04-01,Energy,164.32,76240,306.24
2023-04-02,Energy,164.83,44637,292.98
2023-04-03,Energy,168.0,59273,543.64
2023-04-04,Energy,166.46,47881,682.95
2023-04-05,Energy,165.02,32599,727.23
2023-04-06,Energy,166.27,39561,625.21
2023-04-07,Energy,165.65,85061,777.75
2023-04-08,Energy,162.6,198218,600.76
2023-04-09,Energy,164.46,57214,391.94
2023-04-10,Energy,166.32,43753,753.18
2023-04-11,Energy,164.92,93758,551.92
2023-04-12,Energy,167.17,54119,460.07
2023-04-13,Energy,165.72,63322,489.7
2023-04-14,Energy,166.73,77102,629.18
2023-04-15,Energy,166.77,50817,269.41
2023-04-16,Energy,165.81,89258,512.43
2023-04-17,Energy,169.66,61812,486.19
2023-04-18,Energy,164.51,43451,266.8
2023-04-19,Energy,166.6,32087,241.02
2023-04-20,Energy,166.57,77390,335.21
2023-04-21,Energy,164.42,65903,517.76
2023-04-22,Energy,164.89,35134,358.64
2023-04-23,Energy,166.26,71666,718.62
2023-04-24,Energy,164.38,143528,382.25
2023-04-25,Energy,165.13,28586,370.99
2023-04-26,Energy,167.02,82069,816.06
2023-04-27,Energy,166.69,40343,607.37
2023-04-28,Energy,165.32,59626,793.59
2023-04-29,Energy,164.53,102276,387.52
2023-04-30,Energy,164.81,51024,495.44
2023-05-01,Energy,163.94,39244,379.4
2023-05-02,Energy,164.84,105972,722.43
2023-05-03,Energy,163.94,66670,430.98
2023-05-04,Energy,164.11,57841,376.28
2023-05-05,Energy,165.94,39062,303.35
2023-05-06,Energy,161.55,91410,135.35
2023-05-07,Energy,163.22,51255,244.75
2023-05-08,Energy,168.69,81846,159.8
2023-05-09,Energy,162.42,94301,424.46
2023-05-10,Energy,165.44,18448,322.39
2023-05-11,Energy,164.13,39755,436.32
2023-05-12,Energy,163.58,144969,504.76
2023-05-13,Energy,165.29,90308,603.54
2023-05-14,Energy,163.2,90496,654.41
2023-05-15,Energy,162.11,63293,150.64
2023-05-16,Energy,164.89,82391,169.4
2023-05-17,Energy,160.59,128623,189.39
2023-05-18,Energy,161.46,176192,544.5
2023-05-19,Energy,164.63,81442,414.84
2023-05-20,Energy,161.38,49159,401.51
2023-05-21,Energy,166.17,115447,488.79
2023-05-22,Energy,162.39,54319,610.84
2023-05-23,Energy,162.18,94594,531.82
2023-05-24,Energy,164.38,69931,376.09
2023-05-25,Energy,162.62,55909,806.83
2023-05-26,Energy,167.03,35168,359.33
2023-05-27,Energy,161.41,67943,553.39
2023-05-28,Energy,159.18,47921,595.47
2023-05-29,Energy,165.94,87753,463.06
2023-05-30,Energy,160.69,47236,743.56
2023-05-31,Energy,159.15,50293,709.66
2023-06-01,Energy,162.55,69784,643.33
2023-06-02,Energy,160.64,41510,473.48
2023-06-03,Energy,160.89,55141,325.18
2023-06-04,Energy,162.61,65662,576.46
2023-06-05,Energy,161.14,98434,484.02
2023-06-06,Energy,163.87,69434,384.59
2023-06-07,Energy,161.44,57132,641.15
2023-06-08,Energy,159.01,85675,724.48
2023-06-09,Energy,161.69,58978,179.72
2023-06-10,Energy,160.74,95415,759.5
2023-06-11,Energy,162.68,23249,516.06
2023-06-12,Energy,158.86,58902,423.6
2023-06-13,Energy,157.92,66456,289.03
2023-06-14,Energy,158.67,67376,270.24
2023-06-15,Energy,158.59,48823,640.95
2023-06-16,Energy,160.0,87333,319.72
2023-06-17,Energy,160.47,59100,621.48
2023-06-18,Energy,155.88,48377,171.32
2023-06-19,Energy,157.86,80531,171.6
2023-06-20,Energy,159.2,64730,446.88
2023-06-21,Energy,157.28,104795,418.51
2023-06-22,Energy,158.96,42596,486.42
2023-06-23,Energy,157.01,68387,315.0
2023-06-24,Energy,156.68,46633,284.81
2023-06-25,Energy,156.13,80246,707.1
2023-06-26,Energy,156.43,113075,424.56
2023-06-27,Energy,158.74,38487,695.29
2023-06-28,Energy,158.87,104882,267.17
2023-06-29,Energy,157.46,110748,255.04
2023-06-30,Energy,158.34,47529,476.91
2023-07-01,Energy,161.43,34923,717.46
2023-07-02,Energy,156.56,59101,523.86
2023-07-03,Energy,160.7,81053,564.95
2023-07-04,Energy,157.93,44828,597.23
2023-07-05,Energy,156.51,47948,274.34
2023-07-06,Energy,157.57,97110,360.04
2023-07-07,Energy,161.09,49978,601.34
2023-07-08,Energy,153.73,52984,126.73
2023-07-09,Energy,158.09,42818,260.9
2023-07-10,Energy,156.0,75648,587.87
2023-07-11,Energy,155.05,65689,129.78
2023-07-12,Energy,153.98,100245,342.38
2023-07-13,Energy,155.13,64912,346.19
2023-07-14,Energy,152.17,39256,183.7
2023-07-15,Energy,157.15,50096,747.71
2023-07-16,Energy,153.49,33621,506.96
2023-07-17,Energy,157.34,79536,676.49
2023-07-18,Energy,156.03,118071,583.77
2023-07-19,Energy,154.11,34723,159.03
2023-07-20,Energy,154.68,129380,724.5
2023-07-21,Energy,154.58,95945,202.62
2023-07-22,Energy,151.81,44492,737.65
2023-07-23,Energy,155.9,64376,435.9
2023-07-24,Energy,153.83,95339,311.46
2023-07-25,Energy,155.6,65081,159.53
2023-07-26,Energy,149.36,60312,617.31
2023-07-27,Energy,154.43,30064,210.74
2023-07-28,Energy,154.23,97330,343.32
2023-07-29,Energy,153.36,40345,747.19
2023-07-30,Energy,149.01,71139,508.58
2023-07-31,Energy,150.06,77025,311.71
2023-08-01,Energy,156.41,25423,737.47
2023-08-02,Energy,151.51,55063,503.14
2023-08-03,Energy,156.28,63217,311.8
2023-08-04,Energy,151.75,91057,218.84
2023-08-05,Energy,151.72,44141,496.54
2023-08-06,Energy,153.45,94382,388.14
2023-08-07,Energy,147.52,44024,260.52
2023-08-08,Energy,152.47,56009,171.11
2023-08-09,Energy,151.92,40489,296.95
2023-08-10,Energy,153.11,112848,138.81
2023-08-11,Energy,150.24,78993,385.39
2023-08-12,Energy,153.49,65152,362.3
2023-08-13,Energy,152.68,45534,245.29
2023-08-14,Energy,154.18,94711,330.57
2023-08-15,Energy,153.62,38015,722.37
2023-08-16,Energy,152.09,46796,173.31
2023-08-17,Energy,154.04,43994,675.07
2023-08-18,Energy,151.4,27224,346.15
2023-08-19,Energy,151.28,38174,244.68
2023-08-20,Energy,151.76,56664,547.43
2023-08-21,Energy,149.95,115745,583.91
2023-08-22,Energy,154.8,34209,508.87
2023-08-23,Energy,149.81,84444,254.4
2023-08-24,Energy,151.04,82407,510.73
2023-08-25,Energy,150.1,96514,346.68
2023-08-26,Energy,150.52,71558,477.02
2023-08-27,Energy,147.95,62381,313.97
2023-08-28,Energy,151.57,68245,348.52
2023-08-29,Energy,153.65,63502,286.63
2023-08-30,Energy,150.73,64906,723.9
2023-08-31,Energy,149.63,86015,475.7
2023-09-01,Energy,149.42,37339,129.25
2023-09-02,Energy,152.5,47330,727.37
2023-09-03,Energy,146.77,77286,595.36
2023-09-04,Energy,152.63,78076,578.77
2023-09-05,Energy,151.94,42206,368.14
2023-09-06,Energy,147.07,52504,200.04
2023-09-07,Energy,151.23,75104,340.98
2023-09-08,Energy,150.3,63486,573.26
2023-09-09,Energy,148.46,64653,625.76
2023-09-10,Energy,148.71,51484,451.48
2023-09-11,Energy,149.68,54541,148.38
2023-09-12,Energy,149.4,28221,291.34
2023-09-13,Energy,149.18,54409,325.82
2023-09-14,Energy,151.49,33091,370.62
2023-09-15,Energy,148.93,85300,523.65
2023-09-16,Energy,148.45,53692,314.87
2023-09-17,Energy,150.23,74327,744.41
2023-09-18,Energy,149.7,51523,347.47
2023-09-19,Energy,147.58,67348,448.01
2023-09-20,Energy,150.27,35663,252.42
2023-09-21,Energy,148.3,49907,664.65
2023-09-22,Energy,148.48,81791,392.75
2023-09-23,Energy,146.88,77868,508.77
2023-09-24,Energy,147.68,94549,646.15
2023-09-25,Energy,146.92,87761,536.45
2023-09-26,Energy,146.02,65519,668.77
2023-09-27,Energy,149.5,45068,540.76
2023-09-28,Energy,144.28,50535,633.08
2023-09-29,Energy,148.31,53619,377.56
2023-09-30,Energy,147.22,85738,228.84
2023-10-01,Energy,150.49,96286,325.66
2023-10-02,Energy,149.07,77191,453.55
2023-10-03,Energy,146.52,59167,559.06
2023-10-04,Energy,148.39,68344,464.3
2023-10-05,Energy,148.7,61469,138.18
2023-10-06,Energy,149.01,66635,484.59
2023-10-07,Energy,148.6,46184,518.37
2023-10-08,Energy,146.09,68482,498.31
2023-10-09,Energy,147.4,46984,320.41
2023-10-10,Energy,149.43,59417,364.07
2023-10-11,Energy,150.76,75875,700.28
2023-10-12,Energy,146.81,79844,354.09
2023-10-13,Energy,148.95,44506,146.67
2023-10-14,Energy,147.22,78247,530.79
2023-10-15,Energy,145.07,26884,360.66
2023-10-16,Energy,148.57,63135,383.18
2023-10-17,Energy,148.76,63207,393.99
2023-10-18,Energy,149.1,99584,512.39
2023-10-19,Energy,148.33,34667,664.55
2023-10-20,Energy,144.99,53089,648.38
2023-10-21,Energy,147.79,36689,598.25
2023-10-22,Energy,144.33,51611,632.06
2023-10-23,Energy,151.6,71081,695.45
2023-10-24,Energy,149.04,56876,355.11
2023-10-25,Energy,147.88,74038,306.27
2023-10-26,Energy,146.4,135708,667.36
2023-10-27,Energy,146.56,76828,280.05
2023-10-28,Energy,146.75,63838,302.33
2023-10-29,Energy,149.98,32367,599.57
2023-10-30,Energy,147.03,43125,122.71
2023-10-31,Energy,148.3,67024,331.84
2023-11-01,Energy,152.04,48869,324.66
2023-11-02,Energy,151.95,70060,128.71
2023-11-03,Energy,146.85,56979,249.5
2023-11-04,Energy,146.42,53100,188.5
2023-11-05,Energy,148.31,64260,435.63
2023-11-06,Energy,150.22,58717,612.05
2023-11-07,Energy,147.28,146733,703.66
2023-11-08,Energy,151.81,125082,151.23
2023-11-09,Energy,148.98,68799,190.91
2023-11-10,Energy,148.95,64468,575.69
2023-11-11,Energy,149.83,36890,232.03
2023-11-12,Energy,148.94,91154,225.42
2023-11-13,Energy,151.31,53106,725.79
2023-11-14,Energy,150.09,54644,122.83
2023-11-15,Energy,150.93,32272,205.3
2023-11-16,Energy,150.76,108790,392.16
2023-11-17,Energy,148.62,101870,573.97
2023-11-18,Energy,150.5,58659,703.04
2023-11-19,Energy,149.45,103532,402.09
2023-11-20,Energy,149.68,116618,245.07
2023-11-21,Energy,153.03,50112,565.01
2023-11-22,Energy,149.99,28989,635.01
2023-11-23,Energy,150.33,62358,227.47
2023-11-24,Energy,152.63,113026,284.86
2023-11-25,Energy,151.98,91983,469.77
2023-11-26,Energy,150.36,37711,386.27
2023-11-27,Energy,151.31,94772,490.35
2023-11-28,Energy,146.15,63546,372.72
2023-11-29,Energy,147.78,44627,351.41
2023-11-30,Energy,151.39,113917,286.5
2023-12-01,Energy,151.23,79052,352.84
2023-12-02,Energy,151.79,45625,424.44
2023-12-03,Energy,152.26,37350,418.78
2023-12-04,Energy,151.51,102618,713.28
2023-12-05,Energy,151.96,67390,469.4
2023-12-06,Energy,151.1,33064,648.66
2023-12-07,Energy,151.41,85709,669.14
2023-12-08,Energy,152.66,38121,378.29
2023-12-09,Energy,148.74,45428,662.08
2023-12-10,Energy,151.75,57183,335.8
2023-12-11,Energy,152.02,60780,559.84
2023-12-12,Energy,153.17,51697,261.15
2023-12-13,Energy,150.76,75310,580.39
2023-12-14,Energy,154.26,48617,375.52
2023-12-15,Energy,156.48,110981,389.87
2023-12-16,Energy,150.79,30531,426.24
2023-12-17,Energy,152.63,67570,626.56
2023-12-18,Energy,156.79,132831,387.92
2023-12-19,Energy,154.42,52103,344.64
2023-12-20,Energy,155.5,63716,229.15
2023-12-21,Energy,151.01,36614,500.23
2023-12-22,Energy,152.84,90109,525.21
2023-12-23,Energy,151.75,52194,666.06
2023-12-24,Energy,156.56,70842,676.5
2023-12-25,Energy,157.27,74310,181.09
2023-12-26,Energy,155.92,52606,456.35
2023-12-27,Energy,157.07,80153,205.81
2023-12-28,Energy,154.03,103874,397.47
2023-12-29,Energy,155.58,60212,747.29
2023-12-30,Energy,155.49,43227,567.9
2023-12-31,Energy,156.82,133976,666.62
2024-01-01,Energy,151.84,48408,396.98
2024-01-02,Energy,153.65,82333,442.66
2024-01-03,Energy,155.37,51202,413.8
2024-01-04,Energy,154.57,49415,222.06
2024-01-05,Energy,156.37,65701,657.76
2024-01-06,Energy,154.72,49754,588.47
2024-01-07,Energy,157.99,96420,155.96
2024-01-08,Energy,156.76,91784,717.78
2024-01-09,Energy,153.3,40151,635.77
2024-01-10,Energy,153.7,60951,546.59
2024-01-11,Energy,157.92,51482,660.68
2024-01-12,Energy,158.32,48369,237.77
2024-01-13,Energy,155.92,51257,281.25
2024-01-14,Energy,155.9,58311,216.15
2024-01-15,Energy,153.16,70030,154.64
2024-01-16,Energy,156.28,114018,399.64
2024-01-17,Energy,157.72,68776,378.62
2024-01-18,Energy,159.54,105413,396.1
2024-01-19,Energy,159.89,49492,195.18
2024-01-20,Energy,154.83,30275,653.69
2024-01-21,Energy,158.98,28647,244.03
2024-01-22,Energy,157.59,85359,787.15
2024-01-23,Energy,154.55,41369,771.84
2024-01-24,Energy,159.61,74098,365.9
2024-01-25,Energy,159.71,66677,141.96
2024-01-26,Energy,155.9,50747,717.62
2024-01-27,Energy,159.43,32470,273.7
2024-01-28,Energy,156.88,46591,304.17
2024-01-29,Energy,157.8,77760,609.56
2024-01-30,Energy,160.19,35419,512.14
2024-01-31,Energy,156.55,36862,734.84
2024-02-01,Energy,158.18,38457,356.14
2024-02-02,Energy,159.02,40278,792.92
2024-02-03,Energy,160.88,30630,208.07
2024-02-04,Energy,157.01,117111,391.19
2024-02-05,Energy,159.01,49505,335.18
2024-02-06,Energy,163.85,54142,413.57
2024-02-07,Energy,159.93,44064,197.72
2024-02-08,Energy,157.16,78385,439.4
2024-02-09,Energy,162.31,50332,569.12
2024-02-10,Energy,157.21,90515,414.98
2024-02-11,Energy,158.37,70196,155.16
2024-02-12,Energy,158.39,52954,697.49
2024-02-13,Energy,157.77,79285,462.76
2024-02-14,Energy,160.22,70033,470.86
2024-02-15,Energy,158.26,68500,291.9
2024-02-16,Energy,163.22,40217,166.35
2024-02-17,Energy,158.26,45070,330.0
2024-02-18,Energy,159.99,39135,583.62
2024-02-19,Energy,160.82,29514,620.44
2024-02-20,Energy,161.44,69503,521.71
2024-02-21,Energy,163.55,40895,134.72
2024-02-22,Energy,162.05,57844,454.15
2024-02-23,Energy,159.58,40178,371.39
2024-02-24,Energy,159.35,50896,472.51
2024-02-25,Energy,157.56,69200,330.9
2024-02-26,Energy,160.73,76321,661.83
2024-02-27,Energy,159.31,84853,753.68
2024-02-28,Energy,163.02,55000,760.02
2024-02-29,Energy,158.76,61761,646.02
2024-03-01,Energy,160.61,56122,580.89
2024-03-02,Energy,161.74,52431,644.07
2024-03-03,Energy,158.79,64041,364.98
2024-03-04,Energy,161.94,80742,139.64
2024-03-05,Energy,160.02,67752,142.03
2024-03-06,Energy,163.45,105398,404.02
2024-03-07,Energy,162.92,32849,771.32
2024-03-08,Energy,160.29,102153,704.72
2024-03-09,Energy,158.13,58690,126.61
2024-03-10,Energy,159.88,68351,327.92
2024-03-11,Energy,157.17,97608,162.46
2024-03-12,Energy,161.04,39066,328.91
2024-03-13,Energy,159.73,69330,781.79
2024-03-14,Energy,159.63,120402,634.77
2024-03-15,Energy,160.91,109722,136.18
2024-03-16,Energy,161.47,79279,752.85
2024-03-17,Energy,162.37,49510,287.38
2024-03-18,Energy,162.53,51157,144.38
2024-03-19,Energy,158.27,55109,502.57
2024-03-20,Energy,159.01,50481,405.08
2024-03-21,Energy,161.19,41650,216.24
2024-03-22,Energy,162.3,50926,693.08
2024-03-23,Energy,159.0,41893,609.25
2024-03-24,Energy,161.48,54178,703.21
2024-03-25,Energy,161.83,62688,750.58
2024-03-26,Energy,159.47,46865,431.0
2024-03-27,Energy,162.9,42957,349.77
2024-03-28,Energy,164.16,33929,724.69
2024-03-29,Energy,162.82,57434,318.35
2024-03-30,Energy,159.47,61810,522.27
2024-03-31,Energy,159.78,47998,763.22
2024-04-01,Energy,160.55,80503,342.17
2024-04-02,Energy,160.09,65641,648.26
2024-04-03,Energy,162.69,61141,724.48
2024-04-04,Energy,161.93,58909,353.38
2024-04-05,Energy,162.2,36321,699.74
2024-04-06,Energy,163.84,28456,801.48
2024-04-07,Energy,159.88,57658,507.41
2024-04-08,Energy,157.67,48870,350.41
2024-04-09,Energy,161.6,113132,498.2
2024-04-10,Energy,162.15,50307,270.59
2024-04-11,Energy,158.26,100517,427.9
2024-04-12,Energy,160.1,66671,789.24
2024-04-13,Energy,160.15,70051,349.97
2024-04-14,Energy,163.23,80086,480.13
2024-04-15,Energy,160.38,101628,508.5
2024-04-16,Energy,164.27,88990,426.94
2024-04-17,Energy,160.03,83421,407.02
2024-04-18,Energy,162.56,54183,504.09
2024-04-19,Energy,164.12,96395,276.77
2024-04-20,Energy,160.26,50925,509.29
2024-04-21,Energy,162.35,142731,296.6
2024-04-22,Energy,158.31,71446,707.11
2024-04-23,Energy,161.96,98020,307.78
2024-04-24,Energy,161.92,49657,331.57
2024-04-25,Energy,157.93,53070,605.77
2024-04-26,Energy,161.72,47688,181.42
2024-04-27,Energy,162.82,56937,649.96
2024-04-28,Energy,158.96,26333,777.39
2024-04-29,Energy,161.09,54687,798.04
2024-04-30,Energy,159.18,133704,309.54
2024-05-01,Energy,158.83,52349,359.0
2024-05-02,Energy,160.89,104428,704.58
2024-05-03,Energy,160.62,62402,246.66
2024-05-04,Energy,163.67,51416,141.19
2024-05-05,Energy,158.88,47837,452.36
2024-05-06,Energy,160.24,42692,326.37
2024-05-07,Energy,157.39,52288,541.16
2024-05-08,Energy,156.46,66684,528.67
2024-05-09,Energy,159.98,75538,371.41
2024-05-10,Energy,160.75,52853,795.66
2024-05-11,Energy,161.36,94332,539.46
2024-05-12,Energy,157.12,58981,713.23
2024-05-13,Energy,154.75,99457,587.93
2024-05-14,Energy,160.33,110178,420.36
2024-05-15,Energy,155.98,73104,510.5
2024-05-16,Energy,157.6,28302,233.05
2024-05-17,Energy,160.31,37468,661.83
2024-05-18,Energy,158.98,48827,135.6
2024-05-19,Energy,158.54,85540,281.71
2024-05-20,Energy,158.43,156472,781.01
2024-05-21,Energy,156.37,135408,573.33
2024-05-22,Energy,157.31,45395,174.32
2024-05-23,Energy,157.62,34108,447.5
2024-05-24,Energy,156.5,54377,303.5
2024-05-25,Energy,158.01,61419,267.18
2024-05-26,Energy,158.33,59187,723.97
2024-05-27,Energy,159.36,78495,485.63
2024-05-28,Energy,157.93,100910,498.54
2024-05-29,Energy,159.45,63200,402.84
2024-05-30,Energy,156.26,65565,368.77
2024-05-31,Energy,156.57,51378,203.67
2024-06-01,Energy,157.0,69938,383.26
2024-06-02,Energy,157.69,108429,383.88
2024-06-03,Energy,156.92,59705,400.93
2024-06-04,Energy,158.1,43903,320.67
2024-06-05,Energy,152.63,32550,423.26
2024-06-06,Energy,156.9,53065,520.36
2024-06-07,Energy,155.43,43529,509.19
2024-06-08,Energy,157.97,33000,308.16
2024-06-09,Energy,156.69,60031,598.94
2024-06-10,Energy,158.35,89058,335.44
2024-06-11,Energy,153.37,78526,243.91
2024-06-12,Energy,156.03,58310,509.73
2024-06-13,Energy,156.15,46850,198.77
2024-06-14,Energy,155.09,60451,747.18
2024-06-15,Energy,153.37,53113,445.08
2024-06-16,Energy,153.76,69917,331.98
2024-06-17,Energy,156.84,36386,660.39
2024-06-18,Energy,155.12,49086,250.52
2024-06-19,Energy,155.91,70434,338.99
2024-06-20,Energy,151.34,64548,612.8
2024-06-21,Energy,153.69,37691,340.7
2024-06-22,Energy,152.86,63409,220.3
2024-06-23,Energy,152.77,91006,661.76
2024-06-24,Energy,153.24,48028,305.89
2024-06-25,Energy,153.7,68193,584.32
2024-06-26,Energy,154.92,61415,497.52
2024-06-27,Energy,145.75,67071,242.47
2024-06-28,Energy,152.33,112979,288.73
2024-06-29,Energy,153.49,63981,684.47
2024-06-30,Energy,151.75,91912,220.99
2024-07-01,Energy,149.58,64963,451.4
2024-07-02,Energy,149.4,47081,164.52
2024-07-03,Energy,153.69,68468,750.42
2024-07-04,Energy,152.35,40845,356.51
2024-07-05,Energy,151.78,69573,418.45
2024-07-06,Energy,153.46,73225,505.37
2024-07-07,Energy,153.11,35432,154.03
2024-07-08,Energy,151.73,88486,729.89
2024-07-09,Energy,147.44,55161,269.32
2024-07-10,Energy,151.86,93739,269.44
2024-07-11,Energy,151.21,59917,316.83
2024-07-12,Energy,151.4,70119,640.56
2024-07-13,Energy,149.21,49826,413.02
2024-07-14,Energy,147.43,47084,589.91
2024-07-15,Energy,148.53,43222,204.1
2024-07-16,Energy,154.31,91294,564.29
2024-07-17,Energy,148.28,36719,336.26
2024-07-18,Energy,148.98,36295,174.44
2024-07-19,Energy,150.36,66196,161.19
2024-07-20,Energy,148.18,78768,158.46
2024-07-21,Energy,150.86,46317,251.89
2024-07-22,Energy,147.84,51332,734.36
2024-07-23,Energy,150.34,136166,650.7
2024-07-24,Energy,150.15,38976,739.71
2024-07-25,Energy,149.63,62730,662.64
2024-07-26,Energy,149.0,36639,389.95
2024-07-27,Energy,149.35,59375,498.4
2024-07-28,Energy,146.56,118786,481.46
2024-07-29,Energy,146.26,71616,518.32
2024-07-30,Energy,148.1,52354,479.36
2024-07-31,Energy,150.56,86364,176.88
2024-08-01,Energy,147.85,43856,253.48
2024-08-02,Energy,147.15,53738,537.9
2024-08-03,Energy,149.58,69422,204.14
2024-08-04,Energy,149.53,36195,453.1
2024-08-05,Energy,149.57,105409,487.79
2024-08-06,Energy,146.14,82318,670.66
2024-08-07,Energy,149.8,48266,157.29
2024-08-08,Energy,145.32,65563,611.48
2024-08-09,Energy,143.91,91015,442.52
2024-08-10,Energy,145.44,54511,675.33
2024-08-11,Energy,148.16,74540,282.54
2024-08-12,Energy,147.98,44849,563.92
2024-08-13,Energy,147.23,84398,381.06
2024-08-14,Energy,145.48,123082,457.13
2024-08-15,Energy,146.07,29353,355.15
2024-08-16,Energy,145.95,100735,665.7
2024-08-17,Energy,144.56,40769,509.82
2024-08-18,Energy,146.83,39583,647.61
2024-08-19,Energy,144.01,43751,668.44
2024-08-20,Energy,148.85,73163,137.12
2024-08-21,Energy,145.92,44740,248.7
2024-08-22,Energy,147.27,76230,579.51
2024-08-23,Energy,148.72,41757,738.54
2024-08-24,Energy,143.62,29614,238.0
2024-08-25,Energy,146.39,66009,227.69
2024-08-26,Energy,144.63,29425,257.59
2024-08-27,Energy,147.9,64639,493.07
2024-08-28,Energy,147.37,100754,332.4
2024-08-29,Energy,145.98,77478,179.95
2024-08-30,Energy,143.86,62577,570.2
2024-08-31,Energy,146.75,43797,268.92
2024-09-01,Energy,146.53,84167,246.72
2024-09-02,Energy,146.27,60877,223.24
2024-09-03,Energy,143.33,122738,556.56
2024-09-04,Energy,147.12,61446,497.74
2024-09-05,Energy,144.97,54064,199.37
2024-09-06,Energy,141.27,57915,541.19
2024-09-07,Energy,145.31,48217,316.6
2024-09-08,Energy,143.74,52829,447.3
2024-09-09,Energy,144.48,54902,151.04
2024-09-10,Energy,142.64,62823,657.57
2024-09-11,Energy,144.96,65112,620.42
2024-09-12,Energy,140.77,77245,306.07
2024-09-13,Energy,141.96,71212,392.64
2024-09-14,Energy,144.85,33663,570.99
2024-09-15,Energy,145.56,122109,230.5
2024-09-16,Energy,143.35,71217,566.23
2024-09-17,Energy,142.99,38308,196.71
2024-09-18,Energy,145.61,71946,651.33
2024-09-19,Energy,142.51,38897,485.43
2024-09-20,Energy,147.13,35487,454.91
2024-09-21,Energy,144.77,64232,334.19
2024-09-22,Energy,145.05,109366,345.19
2024-09-23,Energy,139.01,40444,650.94
2024-09-24,Energy,143.34,113510,654.87
2024-09-25,Energy,142.78,47416,593.37
2024-09-26,Energy,139.59,45733,213.89
2024-09-27,Energy,144.52,57355,407.61
2024-09-28,Energy,142.16,126207,148.38
2024-09-29,Energy,142.91,62904,609.48
2024-09-30,Energy,142.02,38209,469.51
2024-10-01,Energy,144.7,31474,149.49
2024-10-02,Energy,144.27,20151,449.3
2024-10-03,Energy,143.98,39555,233.53
2024-10-04,Energy,141.78,53666,216.76
2024-10-05,Energy,141.15,28759,502.18
2024-10-06,Energy,143.03,80915,277.06
2024-10-07,Energy,143.78,93636,205.39
2024-10-08,Energy,140.14,51160,632.48
2024-10-09,Energy,143.43,42537,362.2
2024-10-10,Energy,143.52,91333,240.12
2024-10-11,Energy,144.32,97230,247.28
2024-10-12,Energy,143.92,57479,357.34
2024-10-13,Energy,146.23,62734,226.74
2024-10-14,Energy,146.71,86162,660.84
2024-10-15,Energy,142.21,55258,373.59
2024-10-16,Energy,146.26,93651,243.1
2024-10-17,Energy,144.85,76691,413.11
2024-10-18,Energy,141.13,38821,577.39
2024-10-19,Energy,143.96,139625,706.79
2024-10-20,Energy,142.0,53834,634.87
2024-10-21,Energy,142.97,75075,623.44
2024-10-22,Energy,144.13,90415,607.51
2024-10-23,Energy,144.2,65228,701.4
2024-10-24,Energy,143.69,96630,484.94
2024-10-25,Energy,143.75,45457,243.88
2024-10-26,Energy,145.02,57248,334.29
2024-10-27,Energy,145.48,20006,605.63
2024-10-28,Energy,146.31,55302,325.04
2024-10-29,Energy,146.28,86672,151.81
2024-10-30,Energy,142.97,43143,518.74
2024-10-31,Energy,142.35,38499,242.97
2024-11-01,Energy,146.22,55606,296.51
2024-11-02,Energy,147.25,46235,670.17
2024-11-03,Energy,143.29,73589,257.34
2024-11-04,Energy,147.25,48633,264.76
2024-11-05,Energy,145.78,60021,314.51
2024-11-06,Energy,145.34,44029,428.5
2024-11-07,Energy,145.7,53911,120.31
2024-11-08,Energy,143.68,59091,427.78
2024-11-09,Energy,145.66,56242,647.3
2024-11-10,Energy,143.84,56960,125.44
2024-11-11,Energy,144.43,73284,533.58
2024-11-12,Energy,144.09,51217,500.96
2024-11-13,Energy,143.44,75235,499.55
2024-11-14,Energy,145.18,96361,712.0
2024-11-15,Energy,146.95,65730,534.36
2024-11-16,Energy,144.91,60095,238.18
2024-11-17,Energy,144.08,44335,333.15
2024-11-18,Energy,143.62,55842,521.41
2024-11-19,Energy,140.96,112401,602.77
2024-11-20,Energy,148.97,40499,644.52
2024-11-21,Energy,149.02,40697,470.05
2024-11-22,Energy,145.63,69875,365.65
2024-11-23,Energy,145.88,48583,136.61
2024-11-24,Energy,144.73,82815,290.99
2024-11-25,Energy,148.16,30715,467.28
2024-11-26,Energy,146.45,76087,647.59
2024-11-27,Energy,146.41,35394,501.71
2024-11-28,Energy,147.13,91690,701.36
2024-11-29,Energy,144.83,48385,542.8
2024-11-30,Energy,146.74,58290,364.74
2024-12-01,Energy,145.49,38142,181.36
2024-12-02,Energy,145.74,26884,301.09
2024-12-03,Energy,147.83,45735,512.5
2024-12-04,Energy,148.24,54931,226.7
2024-12-05,Energy,147.15,32532,387.47
2024-12-06,Energy,148.29,167560,456.48
2024-12-07,Energy,146.44,62880,456.54
2024-12-08,Energy,147.67,36424,243.72
2024-12-09,Energy,145.44,74256,367.99
2024-12-10,Energy,146.0,54750,562.43
2024-12-11,Energy,147.82,75368,591.3
2024-12-12,Energy,147.34,56463,204.68
2024-12-13,Energy,152.14,87549,185.01
2024-12-14,Energy,147.27,56719,234.46
2024-12-15,Energy,151.37,75480,397.17
2024-12-16,Energy,150.14,51859,583.12
2024-12-17,Energy,147.36,109034,409.11
2024-12-18,Energy,148.23,58021,647.24
2024-12-19,Energy,147.68,90946,470.97
2024-12-20,Energy,150.73,64696,442.29
2024-12-21,Energy,146.71,48481,431.08
2024-12-22,Energy,151.19,65314,702.89
2024-12-23,Energy,150.9,70193,662.83
2024-12-24,Energy,147.28,73333,690.95
2024-12-25,Energy,149.1,48981,535.77
2024-12-26,Energy,148.51,90317,731.28
2024-12-27,Energy,149.88,64328,267.26
2024-12-28,Energy,152.54,45994,295.32
2024-12-29,Energy,149.49,47417,135.08
2024-12-30,Energy,150.68,64791,559.52
2024-12-31,Energy,149.26,54705,559.52
2025-01-01,Energy,151.72,96236,229.56
2025-01-02,Energy,149.15,171605,395.8
2025-01-03,Energy,147.9,40301,283.4
2025-01-04,Energy,149.88,45093,237.25
2025-01-05,Energy,148.97,95167,567.72
2025-01-06,Energy,151.59,62137,591.56
2025-01-07,Energy,149.81,40893,498.2
2025-01-08,Energy,149.01,94955,551.6
2025-01-09,Energy,153.03,54266,163.99
2025-01-10,Energy,148.61,76486,716.12
2025-01-11,Energy,150.76,87981,269.03
2025-01-12,Energy,149.45,61944,120.4
2025-01-13,Energy,149.42,45538,575.94
2025-01-14,Energy,150.25,53946,254.9
2025-01-15,Energy,154.0,63208,533.13
2025-01-16,Energy,153.24,61689,452.59
2025-01-17,Energy,151.18,28197,525.0
2025-01-18,Energy,150.24,59879,422.83
2025-01-19,Energy,152.45,88120,339.03
2025-01-20,Energy,149.35,139654,151.21
2025-01-21,Energy,148.85,58404,719.8
2025-01-22,Energy,151.43,41001,670.03
2025-01-23,Energy,155.45,48504,326.77
2025-01-24,Energy,149.68,36850,147.62
2025-01-25,Energy,154.85,37467,407.62
2025-01-26,Energy,150.32,64450,437.01
2025-01-27,Energy,152.52,71636,534.72
2025-01-28,Energy,152.41,79618,366.09
2025-01-29,Energy,150.82,33361,514.11
2025-01-30,Energy,153.85,53832,430.96
2025-01-31,Energy,152.62,76468,519.02
2025-02-01,Energy,157.82,33639,769.16
2025-02-02,Energy,156.04,77851,230.16
2025-02-03,Energy,152.85,114889,320.39
2025-02-04,Energy,151.59,70603,231.93
2025-02-05,Energy,153.59,49427,696.34
2025-02-06,Energy,152.01,183606,126.24
2025-02-07,Energy,153.22,24660,344.51
2025-02-08,Energy,155.75,68095,674.34
2025-02-09,Energy,153.79,51618,213.98
2025-02-10,Energy,154.25,83627,745.15
2025-02-11,Energy,155.11,73133,267.5
2025-02-12,Energy,155.5,85286,644.88
2025-02-13,Energy,156.87,45889,341.99
2025-02-14,Energy,155.08,28524,749.32
2025-02-15,Energy,156.94,45763,412.67
2025-02-16,Energy,157.48,45612,625.3
2025-02-17,Energy,155.68,53904,501.32
2025-02-18,Energy,154.28,71623,509.72
2025-02-19,Energy,157.37,53411,200.05
2025-02-20,Energy,157.63,44998,510.83
2025-02-21,Energy,157.54,62461,418.81
2025-02-22,Energy,155.93,38327,343.38
2025-02-23,Energy,154.57,59208,568.95
2025-02-24,Energy,157.48,55089,131.34
2025-02-25,Energy,154.09,65546,764.95
2025-02-26,Energy,159.27,68464,420.14
2025-02-27,Energy,155.27,65773,414.7
2025-02-28,Energy,154.16,107131,184.48
2025-03-01,Energy,158.46,41996,563.64
2025-03-02,Energy,158.46,66045,521.21
2025-03-03,Energy,157.16,59690,607.96
2025-03-04,Energy,156.08,47083,733.09
2025-03-05,Energy,154.38,41437,281.31
2025-03-06,Energy,158.1,64288,313.77
2025-03-07,Energy,154.55,62201,386.05
2025-03-08,Energy,153.21,42613,284.57
2025-03-09,Energy,158.43,48914,329.16
2025-03-10,Energy,158.21,57790,717.38
2025-03-11,Energy,157.53,38918,491.87
2025-03-12,Energy,157.26,26010,268.77
2025-03-13,Energy,155.54,99596,620.26
2025-03-14,Energy,156.42,41875,359.28
2025-03-15,Energy,158.57,139581,412.6
2025-03-16,Energy,155.95,32618,681.82
2025-03-17,Energy,156.52,80787,638.45
2025-03-18,Energy,156.1,27136,565.54
2025-03-19,Energy,157.66,45098,140.29
2025-03-20,Energy,155.68,33150,699.42
2025-03-21,Energy,152.25,38430,277.47
2025-03-22,Energy,155.56,48276,445.64
2025-03-23,Energy,159.34,40130,410.55
2025-03-24,Energy,158.35,63409,215.5
2025-03-25,Energy,159.67,58151,412.52
2025-03-26,Energy,153.03,56161,509.43
2025-03-27,Energy,152.37,38175,147.77
2025-03-28,Energy,156.28,57029,558.91
2025-03-29,Energy,158.28,71209,425.58
2025-03-30,Energy,159.44,86956,446.06
2025-03-31,Energy,158.01,133594,533.13
2025-04-01,Energy,158.16,102690,579.42
2025-04-02,Energy,129.72,52945,401.64
2025-04-03,Energy,159.67,71248,341.72
2025-04-04,Energy,155.73,73322,134.79
2025-04-05,Energy,156.64,33216,292.68
2025-04-06,Energy,156.66,55052,781.89
2025-04-07,Energy,157.31,98589,537.02
2025-04-08,Energy,159.95,55797,486.87
2025-04-09,Energy,154.36,40247,123.9
2025-04-10,Energy,154.08,17962,413.51
2025-04-11,Energy,154.47,166674,648.54
2025-04-12,Energy,154.2,31607,170.62
2025-04-13,Energy,155.85,91833,620.48
2025-04-14,Energy,157.16,52774,452.0
2025-04-15,Energy,155.55,77990,273.46
2025-04-16,Energy,154.15,45823,705.39
2025-04-17,Energy,155.52,90367,457.97
2025-04-18,Energy,153.4,50695,529.44
2025-04-19,Energy,153.0,69490,209.75
2025-04-20,Energy,153.92,54829,219.31
2025-04-21,Energy,157.98,77071,577.62
2025-04-22,Energy,156.11,74694,419.6
2025-04-23,Energy,157.21,29198,629.89
2025-04-24,Energy,154.09,50290,172.71
2025-04-25,Energy,155.58,41403,630.57
2025-04-26,Energy,152.86,43077,435.8
2025-04-27,Energy,156.68,23567,294.3
2025-04-28,Energy,153.91,42151,192.53
2025-04-29,Energy,153.51,77961,261.87
2025-04-30,Energy,153.65,39558,398.88
2025-05-01,Energy,156.16,75776,621.15
2025-05-02,Energy,155.63,40995,296.1
2025-05-03,Energy,157.05,67382,149.8
2025-05-04,Energy,151.84,107051,314.05
2025-05-05,Energy,156.81,21486,723.79
2025-05-06,Energy,150.26,38062,317.11
2025-05-07,Energy,154.35,63528,739.9
2025-05-08,Energy,153.93,92518,732.78
2025-05-09,Energy,152.37,62814,692.46
2025-05-10,Energy,159.58,82298,416.83
2025-05-11,Energy,152.85,79675,751.18
2025-05-12,Energy,154.13,64398,594.09
2025-05-13,Energy,154.52,54229,636.81
2025-05-14,Energy,153.29,35357,225.83
2025-05-15,Energy,152.64,41605,449.59
2025-05-16,Energy,154.89,79905,665.74
2025-05-17,Energy,152.19,37268,130.88
2025-05-18,Energy,154.92,28792,549.78
2025-05-19,Energy,150.6,63766,694.35
2025-05-20,Energy,151.7,40578,210.2
2025-05-21,Energy,157.18,62135,595.4
2025-05-22,Energy,152.88,37631,133.73
2025-05-23,Energy,150.06,51278,576.51
2025-05-24,Energy,153.4,69951,362.14
2025-05-25,Energy,151.43,33237,183.28
2025-05-26,Energy,156.02,64115,420.33
2025-05-27,Energy,156.3,179523,156.5
2025-05-28,Energy,153.65,116410,154.58
2025-05-29,Energy,152.43,40402,336.2
2025-05-30,Energy,153.35,55872,189.5
2025-05-31,Energy,154.37,43670,393.08
2025-06-01,Energy,151.99,58004,566.16
2025-06-02,Energy,153.21,51375,521.32
2025-06-03,Energy,152.52,54584,277.87
2025-06-04,Energy,151.28,72142,593.0
2025-06-05,Energy,149.41,48209,560.62
2025-06-06,Energy,150.56,64805,589.37
2025-06-07,Energy,148.96,33995,345.01
2025-06-08,Energy,148.48,140742,526.29
2025-06-09,Energy,153.0,94371,700.16
2025-06-10,Energy,153.02,43337,540.5
2025-06-11,Energy,153.53,32549,614.13
2025-06-12,Energy,150.07,42718,647.66
2025-06-13,Energy,153.8,72869,666.69
2025-06-14,Energy,150.89,42390,140.3
2025-06-15,Energy,148.85,42904,340.84
2025-06-16,Energy,150.01,50153,300.83
2025-06-17,Energy,149.79,85418,496.32
2025-06-18,Energy,151.23,77460,712.73
2025-06-19,Energy,151.14,92359,186.94
2025-06-20,Energy,152.68,119660,405.93
2025-06-21,Energy,150.49,120940,494.6
2025-06-22,Energy,148.17,209696,220.59
2025-06-23,Energy,153.22,43482,437.05
2025-06-24,Energy,147.29,29579,651.93
2025-06-25,Energy,144.66,31629,621.96
2025-06-26,Energy,151.15,93676,289.36
2025-06-27,Energy,149.38,27318,132.25
2025-06-28,Energy,145.66,158747,206.27
2025-06-29,Energy,147.69,64439,396.98
2025-06-30,Energy,149.64,62766,233.99
2025-07-01,Energy,144.82,52377,283.28
2025-07-02,Energy,123.67,89509,406.92
2025-07-03,Energy,146.8,43948,232.84
2025-07-04,Energy,146.19,48074,576.09
2025-07-05,Energy,148.26,61156,380.21
2025-07-06,Energy,147.93,118378,546.33
2025-07-07,Energy,147.46,76851,297.83
2025-07-08,Energy,148.59,45320,470.09
2025-07-09,Energy,147.93,47621,633.68
2025-07-10,Energy,144.16,70337,286.37
2025-07-11,Energy,144.19,34943,712.44
2025-07-12,Energy,146.26,55880,513.85
2025-07-13,Energy,148.56,37984,549.73
2025-07-14,Energy,146.46,43635,134.88
2025-07-15,Energy,142.89,27427,537.29
2025-07-16,Energy,143.52,37901,528.82
2025-07-17,Energy,141.86,84610,433.66
2025-07-18,Energy,147.41,17339,526.56
2025-07-19,Energy,143.78,50360,501.14
2025-07-20,Energy,144.56,89323,575.02
2025-07-21,Energy,146.77,67586,183.52
2025-07-22,Energy,145.23,48728,418.95
2025-07-23,Energy,140.99,53534,213.71
2025-07-24,Energy,146.71,46123,532.03
2025-07-25,Energy,143.64,81346,161.54
2025-07-26,Energy,143.43,54314,641.94
2025-07-27,Energy,145.52,27419,396.9
2025-07-28,Energy,141.75,125836,404.72
2025-07-29,Energy,145.24,86647,401.81
2025-07-30,Energy,144.17,70329,607.76
2025-07-31,Energy,142.37,139386,667.59
2025-08-01,Energy,142.86,87816,162.56
2025-08-02,Energy,142.38,46124,533.4
2025-08-03,Energy,143.07,67066,428.02
2025-08-04,Energy,145.4,187484,117.37
2025-08-05,Energy,141.13,77835,663.33
2025-08-06,Energy,142.9,29506,598.2
2025-08-07,Energy,145.49,51123,140.99
2025-08-08,Energy,141.68,110550,171.21
2025-08-09,Energy,142.28,95334,602.11
2025-08-10,Energy,141.83,73195,203.81
2025-08-11,Energy,141.92,43411,395.72
2025-08-12,Energy,143.05,81420,684.52
2025-08-13,Energy,141.94,27581,215.99
2025-08-14,Energy,139.71,48545,221.53
2025-08-15,Energy,144.38,58618,657.16
2025-08-16,Energy,144.24,90074,387.67
2025-08-17,Energy,140.65,64860,572.0
2025-08-18,Energy,142.87,44235,244.66
2025-08-19,Energy,142.61,75543,414.31
2025-08-20,Energy,139.68,72557,161.09
2025-08-21,Energy,140.89,35113,199.03
2025-08-22,Energy,140.01,47888,245.23
2025-08-23,Energy,143.94,38254,584.26
2025-08-24,Energy,139.57,69809,626.31
2025-08-25,Energy,140.79,55326,696.22
2025-08-26,Energy,140.2,87052,286.96
2025-08-27,Energy,139.05,39215,449.06
2025-08-28,Energy,136.77,49532,191.66
2025-08-29,Energy,137.95,52821,185.15
2025-08-30,Energy,137.06,52521,163.93
2025-08-31,Energy,140.73,58812,630.61
2025-09-01,Energy,141.24,93900,157.87
2025-09-02,Energy,140.52,59378,680.22
2025-09-03,Energy,140.71,67753,562.0
2025-09-04,Energy,141.36,60937,614.11
2025-09-05,Energy,137.54,91818,650.54
2025-09-06,Energy,136.61,79608,585.25
2025-09-07,Energy,140.38,70786,328.1
2025-09-08,Energy,139.72,151129,655.58
2025-09-09,Energy,138.24,57277,418.05
2025-09-10,Energy,141.74,71725,443.53
2025-09-11,Energy,140.26,98939,473.34
2025-09-12,Energy,141.92,81189,691.28
2025-09-13,Energy,142.99,71525,342.95
2025-09-14,Energy,140.64,88831,435.38
2025-09-15,Energy,141.65,41983,503.15
2025-09-16,Energy,136.75,37792,193.01
2025-09-17,Energy,138.21,90206,629.56
2025-09-18,Energy,144.81,54464,655.16
2025-09-19,Energy,138.8,35919,328.12
2025-09-20,Energy,136.75,49046,534.61
2025-09-21,Energy,137.55,81867,679.35
2025-09-22,Energy,136.5,38747,444.63
2025-09-23,Energy,139.42,54745,162.29
2025-09-24,Energy,138.25,89695,641.79
2025-09-25,Energy,138.27,60724,153.24
2025-09-26,Energy,137.85,57507,231.72
2025-09-27,Energy,140.26,51437,241.24
2025-09-28,Energy,139.06,51704,558.68
2025-09-29,Energy,134.99,45108,532.4
2025-09-30,Energy,137.72,60514,622.25
2025-10-01,Energy,139.76,55508,660.17
2025-10-02,Energy,137.91,66385,338.64
2025-10-03,Energy,138.6,35748,667.56
2025-10-04,Energy,141.28,52465,633.4
2025-10-05,Energy,138.59,33261,343.62
2025-10-06,Energy,140.63,49820,421.81
2025-10-07,Energy,141.5,58266,476.63
2025-10-08,Energy,139.6,51556,304.62
2025-10-09,Energy,136.35,69709,347.66
2025-10-10,Energy,139.32,25107,443.03
2025-10-11,Energy,136.2,91215,544.16
2025-10-12,Energy,137.81,77791,398.81
2025-10-13,Energy,142.52,71201,545.86
2025-10-14,Energy,138.58,44919,373.48
2025-10-15,Energy,139.18,69574,218.81
2025-10-16,Energy,138.81,79112,310.48
2025-10-17,Energy,136.6,61562,385.79
2025-10-18,Energy,138.67,47427,564.82
2025-10-19,Energy,139.43,36591,541.31
2025-10-20,Energy,137.36,186010,649.89
2025-10-21,Energy,138.18,55007,556.23
2025-10-22,Energy,139.62,73432,413.09
2025-10-23,Energy,137.41,110751,500.75
2025-10-24,Energy,139.58,126919,259.4
2025-10-25,Energy,141.41,47880,641.24
2025-10-26,Energy,136.72,33502,376.04
2025-10-27,Energy,135.2,64872,480.62
2025-10-28,Energy,137.93,75278,459.45
2025-10-29,Energy,138.06,43207,515.92
2025-10-30,Energy,140.15,143378,558.25
2025-10-31,Energy,141.63,73861,637.52
2025-11-01,Energy,141.46,70642,242.96
2025-11-02,Energy,135.33,79663,378.69
2025-11-03,Energy,140.33,86653,240.25
2025-11-04,Energy,138.29,92615,190.26
2025-11-05,Energy,137.38,62964,484.23
2025-11-06,Energy,139.54,22362,175.26
2025-11-07,Energy,138.67,72392,219.02
2025-11-08,Energy,138.78,105964,416.87
2025-11-09,Energy,140.18,53616,315.53
2025-11-10,Energy,141.91,50452,594.62
2025-11-11,Energy,137.93,74761,186.68
2025-11-12,Energy,137.69,49155,685.28
2025-11-13,Energy,140.13,53369,650.18
2025-11-14,Energy,145.91,70947,281.51
2025-11-15,Energy,140.01,46842,435.72
2025-11-16,Energy,140.94,27903,664.84
2025-11-17,Energy,142.54,31846,326.29
2025-11-18,Energy,141.06,55642,456.37
2025-11-19,Energy,142.01,60750,691.73
2025-11-20,Energy,141.52,131137,150.05
2025-11-21,Energy,142.25,53241,595.27
2025-11-22,Energy,139.05,55698,378.31
2025-11-23,Energy,139.17,62883,254.03
2025-11-24,Energy,141.26,34042,373.94
2025-11-25,Energy,141.29,111556,542.53
2025-11-26,Energy,141.32,51069,123.38
2025-11-27,Energy,142.64,56165,388.94
2025-11-28,Energy,141.25,92843,608.85
2025-11-29,Energy,139.85,85913,393.65
2025-11-30,Energy,138.9,138899,542.71
2025-12-01,Energy,140.1,61814,380.17
2025-12-02,Energy,144.34,33735,243.19
2025-12-03,Energy,140.97,82946,353.39
2025-12-04,Energy,138.75,72667,502.59
2025-12-05,Energy,142.73,13320,467.94
2025-12-06,Energy,138.76,27030,120.87
2025-12-07,Energy,165.38,66942,704.49
2025-12-08,Energy,142.28,33154,645.96
2025-12-09,Energy,143.29,55598,517.72
2025-12-10,Energy,141.54,32059,418.04
2025-12-11,Energy,143.01,65568,646.99
2025-12-12,Energy,145.12,102651,356.77
2025-12-13,Energy,144.29,68121,246.01
2025-12-14,Energy,141.85,63511,532.39
2025-12-15,Energy,144.7,53271,508.23
2025-12-16,Energy,142.62,34668,241.65
2025-12-17,Energy,140.51,40878,283.39
2025-12-18,Energy,141.98,93886,126.79
2025-12-19,Energy,140.63,64225,634.48
2025-12-20,Energy,144.78,49333,124.51
2025-12-21,Energy,145.11,110445,287.68
2025-12-22,Energy,142.44,59573,280.76
2025-12-23,Energy,142.95,41969,158.82
2025-12-24,Energy,146.08,58819,320.06
2025-12-25,Energy,147.12,29602,361.49
2025-12-26,Energy,144.15,47737,509.94
2025-12-27,Energy,141.41,68958,181.25
2025-12-28,Energy,144.54,66464,313.43
2025-12-29,Energy,143.58,81837,310.07
2025-12-30,Energy,148.82,62520,479.26
2025-12-31,Energy,144.53,61031,254.74
2023-01-01,Financials,89.06,55669,412.62
2023-01-02,Financials,88.79,85878,160.94
2023-01-03,Financials,93.11,65049,238.14
2023-01-04,Financials,87.7,48571,225.59
2023-01-05,Financials,87.15,83148,366.78
2023-01-06,Financials,85.49,81445,212.68
2023-01-07,Financials,88.62,76682,257.8
2023-01-08,Financials,89.33,84083,165.41
2023-01-09,Financials,89.22,71698,201.23
2023-01-10,Financials,89.35,83506,206.94
2023-01-11,Financials,87.81,41910,266.98
2023-01-12,Financials,95.85,79276,145.16
2023-01-13,Financials,90.68,52418,294.73
2023-01-14,Financials,95.5,36732,295.76
2023-01-15,Financials,86.78,52548,141.58
2023-01-16,Financials,89.18,82453,276.23
2023-01-17,Financials,91.49,37362,368.92
2023-01-18,Financials,89.36,58034,338.21
2023-01-19,Financials,90.84,92052,338.97
2023-01-20,Financials,87.32,49827,107.85
2023-01-21,Financials,85.64,71451,300.81
2023-01-22,Financials,90.57,57474,330.11
2023-01-23,Financials,92.45,94582,163.71
2023-01-24,Financials,92.94,38568,147.99
2023-01-25,Financials,89.58,64504,320.95
2023-01-26,Financials,90.07,111172,276.17
2023-01-27,Financials,93.35,56477,79.72
2023-01-28,Financials,90.26,43051,145.38
2023-01-29,Financials,92.5,80737,263.4
2023-01-30,Financials,88.02,33234,99.0
2023-01-31,Financials,88.74,102618,174.74
2023-02-01,Financials,93.85,65054,440.72
2023-02-02,Financials,92.15,33744,246.81
2023-02-03,Financials,96.16,100421,107.76
2023-02-04,Financials,91.38,141716,432.27
2023-02-05,Financials,92.78,50455,279.26
2023-02-06,Financials,91.8,38856,245.37
2023-02-07,Financials,92.02,43974,174.73
2023-02-08,Financials,91.84,81309,115.78
2023-02-09,Financials,90.09,48363,114.31
2023-02-10,Financials,87.79,43404,307.0
2023-02-11,Financials,94.83,84909,433.38
2023-02-12,Financials,92.4,68039,330.9
2023-02-13,Financials,88.86,42204,365.93
2023-02-14,Financials,90.38,80074,94.94
2023-02-15,Financials,91.34,55195,321.39
2023-02-16,Financials,96.21,44946,250.81
2023-02-17,Financials,89.78,27512,328.75
2023-02-18,Financials,95.83,41909,127.26
2023-02-19,Financials,97.12,56125,432.24
2023-02-20,Financials,89.73,37200,253.62
2023-02-21,Financials,94.75,74402,109.58
2023-02-22,Financials,95.67,44017,301.38
2023-02-23,Financials,92.46,43583,181.61
2023-02-24,Financials,94.8,47489,94.09
2023-02-25,Financials,94.49,34367,402.33
2023-02-26,Financials,94.59,65124,215.55
2023-02-27,Financials,92.19,64925,80.37
2023-02-28,Financials,90.82,49426,307.36
2023-03-01,Financials,91.79,62945,185.91
2023-03-02,Financials,93.39,77388,156.84
2023-03-03,Financials,92.21,46892,397.12
2023-03-04,Financials,91.68,119616,252.33
2023-03-05,Financials,89.22,101999,278.76
2023-03-06,Financials,97.74,50842,370.73
2023-03-07,Financials,92.98,56975,446.46
2023-03-08,Financials,92.35,51113,299.85
2023-03-09,Financials,96.94,31858,350.65
2023-03-10,Financials,96.12,55702,128.72
2023-03-11,Financials,99.89,59530,472.81
2023-03-12,Financials,92.87,49669,362.31
2023-03-13,Financials,94.03,101821,452.07
2023-03-14,Financials,94.77,64168,323.68
2023-03-15,Financials,94.13,40224,191.99
2023-03-16,Financials,91.6,105265,280.89
2023-03-17,Financials,95.69,51498,269.63
2023-03-18,Financials,95.18,61745,233.04
2023-03-19,Financials,97.11,39083,470.56
2023-03-20,Financials,97.7,49700,337.8
2023-03-21,Financials,95.76,36808,251.3
2023-03-22,Financials,92.55,36456,148.65
2023-03-23,Financials,91.35,67475,356.53
2023-03-24,Financials,95.29,52351,270.37
2023-03-25,Financials,92.91,107427,419.61
2023-03-26,Financials,90.87,75907,200.81
2023-03-27,Financials,92.95,73442,256.31
2023-03-28,Financials,98.22,44543,256.73
2023-03-29,Financials,92.48,36784,86.13
2023-03-30,Financials,95.54,58610,85.32
2023-03-31,Financials,93.79,139884,338.84
2023-04-01,Financials,96.64,42595,293.23
2023-04-02,Financials,97.0,36209,294.81
2023-04-03,Financials,100.45,54043,496.78
2023-04-04,Financials,94.49,81067,160.64
2023-04-05,Financials,94.62,70235,389.87
2023-04-06,Financials,97.59,48846,241.01
2023-04-07,Financials,97.52,56739,362.02
2023-04-08,Financials,96.82,65303,315.14
2023-04-09,Financials,99.16,34353,212.32
2023-04-10,Financials,96.2,38007,171.1
2023-04-11,Financials,98.9,49563,169.05
2023-04-12,Financials,95.8,39622,339.32
2023-04-13,Financials,94.98,32808,146.86
2023-04-14,Financials,90.8,72591,91.67
2023-04-15,Financials,94.93,60930,214.51
2023-04-16,Financials,95.53,48846,216.8
2023-04-17,Financials,97.02,98195,115.04
2023-04-18,Financials,93.23,69927,334.57
2023-04-19,Financials,95.56,84635,429.75
2023-04-20,Financials,92.01,35713,443.46
2023-04-21,Financials,95.55,87307,309.39
2023-04-22,Financials,97.77,73886,211.99
2023-04-23,Financials,95.67,65459,143.4
2023-04-24,Financials,95.09,69066,167.18
2023-04-25,Financials,96.16,72468,229.21
2023-04-26,Financials,98.64,31795,406.58
2023-04-27,Financials,93.77,62722,282.39
2023-04-28,Financials,95.87,57150,232.71
2023-04-29,Financials,95.2,136346,231.07
2023-04-30,Financials,96.52,26843,296.26
2023-05-01,Financials,93.24,103522,317.58
2023-05-02,Financials,92.21,55699,314.25
2023-05-03,Financials,97.56,55718,107.99
2023-05-04,Financials,97.5,65315,343.23
2023-05-05,Financials,96.04,32707,426.57
2023-05-06,Financials,94.57,43760,89.45
2023-05-07,Financials,95.85,129693,404.62
2023-05-08,Financials,96.48,85180,443.64
2023-05-09,Financials,93.57,79289,180.43
2023-05-10,Financials,91.74,55026,131.83
2023-05-11,Financials,96.88,62083,194.4
2023-05-12,Financials,96.79,114753,348.08
2023-05-13,Financials,96.12,56280,381.36
2023-05-14,Financials,93.29,48759,375.03
2023-05-15,Financials,94.5,78434,262.31
2023-05-16,Financials,97.1,42038,160.4
2023-05-17,Financials,94.52,27550,444.35
2023-05-18,Financials,92.33,65751,443.94
2023-05-19,Financials,96.58,85985,440.42
2023-05-20,Financials,99.0,45406,120.78
2023-05-21,Financials,92.89,59270,172.73
2023-05-22,Financials,93.86,82181,414.23
2023-05-23,Financials,94.25,69258,105.38
2023-05-24,Financials,94.21,58102,225.88
2023-05-25,Financials,91.72,55158,292.84
2023-05-26,Financials,92.88,136986,118.16
2023-05-27,Financials,98.22,68034,342.14
2023-05-28,Financials,94.6,59520,336.92
2023-05-29,Financials,93.87,69761,257.29
2023-05-30,Financials,96.26,22071,451.69
2023-05-31,Financials,96.5,59037,368.32
2023-06-01,Financials,96.22,32882,225.34
2023-06-02,Financials,90.24,58455,168.25
2023-06-03,Financials,90.93,70959,416.23
2023-06-04,Financials,94.43,40480,240.43
2023-06-05,Financials,98.66,97881,344.17
2023-06-06,Financials,91.61,32409,369.09
2023-06-07,Financials,92.08,72411,89.92
2023-06-08,Financials,92.31,24491,305.39
2023-06-09,Financials,91.91,120272,273.12
2023-06-10,Financials,93.61,39992,442.74
2023-06-11,Financials,89.27,30900,269.0
2023-06-12,Financials,90.13,40831,73.38
2023-06-13,Financials,93.46,35398,461.71
2023-06-14,Financials,97.9,42350,197.31
2023-06-15,Financials,94.52,142187,182.49
2023-06-16,Financials,89.23,87878,298.14
2023-06-17,Financials,92.48,39611,268.65
2023-06-18,Financials,91.04,65031,248.24
2023-06-19,Financials,93.64,58388,88.59
2023-06-20,Financials,92.89,101575,87.71
2023-06-21,Financials,89.41,72543,329.03
2023-06-22,Financials,89.4,81326,273.44
2023-06-23,Financials,90.59,78665,291.07
2023-06-24,Financials,91.24,47956,210.62
2023-06-25,Financials,90.24,23476,288.61
2023-06-26,Financials,90.97,71342,279.1
2023-06-27,Financials,93.6,95815,132.36
2023-06-28,Financials,90.51,96371,105.2
2023-06-29,Financials,95.25,35804,461.32
2023-06-30,Financials,89.53,135391,332.76
2023-07-01,Financials,92.72,52662,346.32
2023-07-02,Financials,90.45,87143,355.26
2023-07-03,Financials,88.7,57702,88.77
2023-07-04,Financials,91.64,66227,112.6
2023-07-05,Financials,91.26,32738,269.36
2023-07-06,Financials,91.0,42489,223.12
2023-07-07,Financials,88.08,96207,196.63
2023-07-08,Financials,91.41,52092,182.6
2023-07-09,Financials,90.48,70655,305.95
2023-07-10,Financials,90.87,80580,320.34
2023-07-11,Financials,92.54,71074,345.96
2023-07-12,Financials,91.52,30044,205.59
2023-07-13,Financials,91.32,67278,345.75
2023-07-14,Financials,91.33,54886,151.81
2023-07-15,Financials,92.75,35946,125.66
2023-07-16,Financials,90.53,72907,361.63
2023-07-17,Financials,88.31,50869,255.42
2023-07-18,Financials,91.07,38782,314.72
2023-07-19,Financials,88.56,25235,95.95
2023-07-20,Financials,88.56,33055,197.01
2023-07-21,Financials,94.77,103333,238.96
2023-07-22,Financials,87.47,33244,112.32
2023-07-23,Financials,89.82,55608,237.47
2023-07-24,Financials,87.24,60063,402.23
2023-07-25,Financials,88.29,91593,378.52
2023-07-26,Financials,86.58,29484,197.78
2023-07-27,Financials,90.39,67205,217.2
2023-07-28,Financials,85.96,40139,246.94
2023-07-29,Financials,85.81,54475,192.24
2023-07-30,Financials,92.85,103290,362.38
2023-07-31,Financials,86.92,113625,263.07
2023-08-01,Financials,85.67,52587,201.57
2023-08-02,Financials,87.46,152640,90.37
2023-08-03,Financials,84.66,78361,408.03
2023-08-04,Financials,86.61,58952,281.92
2023-08-05,Financials,85.45,56757,290.72
2023-08-06,Financials,90.52,24900,181.82
2023-08-07,Financials,87.36,28532,119.36
2023-08-08,Financials,89.96,26963,352.39
2023-08-09,Financials,84.8,99188,168.18
2023-08-10,Financials,86.29,52351,408.14
2023-08-11,Financials,86.63,54809,143.55
2023-08-12,Financials,85.79,116902,148.45
2023-08-13,Financials,90.56,52638,190.67
2023-08-14,Financials,83.69,74345,203.03
2023-08-15,Financials,86.7,50270,176.1
2023-08-16,Financials,85.76,55453,374.49
2023-08-17,Financials,83.89,45111,329.61
2023-08-18,Financials,82.59,76580,314.35
2023-08-19,Financials,92.0,158760,271.51
2023-08-20,Financials,87.23,43113,395.98
2023-08-21,Financials,87.09,121014,140.95
2023-08-22,Financials,88.47,50574,321.09
2023-08-23,Financials,85.57,29009,153.15
2023-08-24,Financials,87.31,93051,370.51
2023-08-25,Financials,85.82,41958,71.41
2023-08-26,Financials,89.29,98693,132.74
2023-08-27,Financials,84.24,43034,91.28
2023-08-28,Financials,88.58,55286,376.83
2023-08-29,Financials,85.94,68404,79.82
2023-08-30,Financials,86.55,37790,336.9
2023-08-31,Financials,83.56,84276,416.33
2023-09-01,Financials,84.62,93365,85.89
2023-09-02,Financials,88.5,49478,383.04
2023-09-03,Financials,85.76,72948,295.03
2023-09-04,Financials,85.75,62400,185.54
2023-09-05,Financials,87.93,67063,274.43
2023-09-06,Financials,83.3,123079,193.57
2023-09-07,Financials,84.05,50168,317.71
2023-09-08,Financials,86.97,63081,386.97
2023-09-09,Financials,81.14,72462,214.54
2023-09-10,Financials,83.91,49580,276.55
2023-09-11,Financials,83.4,64251,125.71
2023-09-12,Financials,83.79,126239,340.91
2023-09-13,Financials,87.83,91550,92.81
2023-09-14,Financials,84.58,138362,202.31
2023-09-15,Financials,85.41,63245,413.81
2023-09-16,Financials,85.21,65941,266.1
2023-09-17,Financials,89.7,67534,131.67
2023-09-18,Financials,82.52,87666,222.49
2023-09-19,Financials,86.33,45294,122.93
2023-09-20,Financials,86.67,57971,195.77
2023-09-21,Financials,84.92,59150,370.99
2023-09-22,Financials,86.73,60821,137.25
2023-09-23,Financials,86.0,70772,210.94
2023-09-24,Financials,85.31,46168,266.73
2023-09-25,Financials,82.41,94871,70.47
2023-09-26,Financials,86.63,93072,221.56
2023-09-27,Financials,85.97,104806,165.25
2023-09-28,Financials,86.92,48782,328.43
2023-09-29,Financials,83.9,47769,79.48
2023-09-30,Financials,86.29,65681,166.16
2023-10-01,Financials,84.93,41315,192.01
2023-10-02,Financials,86.06,66904,122.59
2023-10-03,Financials,87.95,29109,169.6
2023-10-04,Financials,86.02,39834,289.34
2023-10-05,Financials,83.67,44133,275.38
2023-10-06,Financials,82.0,67059,103.45
2023-10-07,Financials,85.97,49613,251.08
2023-10-08,Financials,85.97,65110,276.32
2023-10-09,Financials,85.17,35978,409.05
2023-10-10,Financials,85.41,31431,351.41
2023-10-11,Financials,86.08,70908,367.74
2023-10-12,Financials,83.98,48757,292.54
2023-10-13,Financials,88.53,77580,210.13
2023-10-14,Financials,86.59,54130,286.84
2023-10-15,Financials,82.61,30890,191.5
2023-10-16,Financials,83.3,37765,176.69
2023-10-17,Financials,89.43,89861,298.14
2023-10-18,Financials,81.98,36682,87.52
2023-10-19,Financials,86.43,62719,274.9
2023-10-20,Financials,85.92,66585,98.6
2023-10-21,Financials,88.67,61383,300.44
2023-10-22,Financials,86.97,73239,283.78
2023-10-23,Financials,89.14,73547,369.06
2023-10-24,Financials,84.79,70683,329.91
2023-10-25,Financials,84.83,80436,102.53
2023-10-26,Financials,88.45,36903,187.16
2023-10-27,Financials,60.16,110757,197.48
2023-10-28,Financials,84.92,49800,216.01
2023-10-29,Financials,88.46,65460,161.3
2023-10-30,Financials,86.89,34199,335.57
2023-10-31,Financials,88.17,33462,407.79
2023-11-01,Financials,86.57,67275,71.61
2023-11-02,Financials,87.84,63694,305.27
2023-11-03,Financials,87.62,62661,427.17
2023-11-04,Financials,84.29,35343,203.2
2023-11-05,Financials,89.24,83903,267.15
2023-11-06,Financials,85.02,64097,337.8
2023-11-07,Financials,88.34,60153,287.18
2023-11-08,Financials,89.85,50397,170.17
2023-11-09,Financials,86.85,89107,211.84
2023-11-10,Financials,84.85,81976,88.09
2023-11-11,Financials,91.27,73387,234.09
2023-11-12,Financials,87.78,36860,420.06
2023-11-13,Financials,88.4,45130,262.39
2023-11-14,Financials,87.47,68955,316.94
2023-11-15,Financials,86.28,38793,131.56
2023-11-16,Financials,87.1,21347,425.97
2023-11-17,Financials,91.52,69511,247.68
2023-11-18,Financials,86.83,46628,397.8
2023-11-19,Financials,91.23,35244,371.35
2023-11-20,Financials,84.03,101625,282.97
2023-11-21,Financials,86.8,99717,163.43
2023-11-22,Financials,90.82,40551,333.28
2023-11-23,Financials,90.54,32505,299.43
2023-11-24,Financials,91.5,40218,173.09
2023-11-25,Financials,91.62,36007,344.23
2023-11-26,Financials,87.17,113488,163.03
2023-11-27,Financials,90.57,42555,429.18
2023-11-28,Financials,90.18,65935,226.91
2023-11-29,Financials,89.15,65684,365.22
2023-11-30,Financials,92.46,82147,335.63
2023-12-01,Financials,91.13,42133,99.1
2023-12-02,Financials,87.06,58181,156.51
2023-12-03,Financials,92.03,27971,219.74
2023-12-04,Financials,89.19,71830,194.36
2023-12-05,Financials,93.4,23814,384.58
2023-12-06,Financials,90.32,48487,317.92
2023-12-07,Financials,90.65,73937,187.6
2023-12-08,Financials,87.01,41441,227.73
2023-12-09,Financials,88.98,52054,402.45
2023-12-10,Financials,93.49,40170,242.53
2023-12-11,Financials,89.59,35441,203.66
2023-12-12,Financials,90.45,54096,239.63
2023-12-13,Financials,90.95,152912,281.69
2023-12-14,Financials,93.36,59007,118.43
2023-12-15,Financials,92.8,47617,286.74
2023-12-16,Financials,96.55,84267,353.05
2023-12-17,Financials,93.5,102273,138.01
2023-12-18,Financials,96.03,40536,231.16
2023-12-19,Financials,94.91,71171,255.54
2023-12-20,Financials,92.91,112636,275.96
2023-12-21,Financials,90.31,59404,217.53
2023-12-22,Financials,92.17,70751,280.35
2023-12-23,Financials,77.16,94850,62.19
2023-12-24,Financials,90.02,55960,419.82
2023-12-25,Financials,92.66,49284,359.25
2023-12-26,Financials,91.8,50321,352.72
2023-12-27,Financials,93.39,36199,399.94
2023-12-28,Financials,91.39,65262,240.55
2023-12-29,Financials,94.28,89845,452.3
2023-12-30,Financials,99.16,72879,490.57
2023-12-31,Financials,91.28,90207,90.17
2024-01-01,Financials,92.35,45103,157.21
2024-01-02,Financials,91.12,74829,253.23
2024-01-03,Financials,93.91,89101,303.14
2024-01-04,Financials,92.43,35748,295.91
2024-01-05,Financials,96.82,96904,394.49
2024-01-06,Financials,92.98,49878,307.8
2024-01-07,Financials,95.52,41217,194.02
2024-01-08,Financials,91.24,53578,81.41
2024-01-09,Financials,94.65,74806,132.42
2024-01-10,Financials,95.78,67132,439.98
2024-01-11,Financials,94.94,36041,313.69
2024-01-12,Financials,94.45,71866,176.07
2024-01-13,Financials,95.54,184053,323.73
2024-01-14,Financials,96.74,41480,287.61
2024-01-15,Financials,96.57,92888,289.27
2024-01-16,Financials,92.49,113581,255.9
2024-01-17,Financials,98.29,109713,402.78
2024-01-18,Financials,99.22,61217,478.02
2024-01-19,Financials,94.59,73922,294.8
2024-01-20,Financials,95.86,44166,414.48
2024-01-21,Financials,94.6,104361,304.89
2024-01-22,Financials,95.77,49398,155.24
2024-01-23,Financials,95.79,78684,159.59
2024-01-24,Financials,100.74,18538,338.07
2024-01-25,Financials,95.06,105804,276.6
2024-01-26,Financials,98.5,42964,347.21
2024-01-27,Financials,98.38,54932,188.57
2024-01-28,Financials,101.16,43534,232.42
2024-01-29,Financials,98.85,35455,155.17
2024-01-30,Financials,97.28,105112,284.37
2024-01-31,Financials,101.1,41313,216.86
2024-02-01,Financials,94.2,54763,383.12
2024-02-02,Financials,99.24,47095,494.15
2024-02-03,Financials,96.58,80633,379.43
2024-02-04,Financials,95.3,58988,465.53
2024-02-05,Financials,99.3,44878,391.67
2024-02-06,Financials,96.64,129661,383.51
2024-02-07,Financials,100.92,46058,325.58
2024-02-08,Financials,95.75,48285,113.34
2024-02-09,Financials,99.76,57777,232.23
2024-02-10,Financials,96.72,74903,195.71
2024-02-11,Financials,96.25,68632,423.64
2024-02-12,Financials,103.6,63677,278.25
2024-02-13,Financials,99.55,43014,199.75
2024-02-14,Financials,98.66,49018,321.2
2024-02-15,Financials,99.73,48012,304.68
2024-02-16,Financials,98.28,89293,306.41
2024-02-17,Financials,99.54,78580,396.13
2024-02-18,Financials,104.64,66743,316.92
2024-02-19,Financials,103.99,61451,126.77
2024-02-20,Financials,101.3,90571,263.44
2024-02-21,Financials,99.25,72885,401.82
2024-02-22,Financials,99.22,70365,118.38
2024-02-23,Financials,98.56,40236,89.08
2024-02-24,Financials,98.49,55093,137.24
2024-02-25,Financials,100.39,89843,202.74
2024-02-26,Financials,104.62,50234,268.83
2024-02-27,Financials,98.16,101331,237.93
2024-02-28,Financials,102.55,54151,390.88
2024-02-29,Financials,100.71,47361,194.18
2024-03-01,Financials,103.7,67227,490.7
2024-03-02,Financials,99.73,69452,359.81
2024-03-03,Financials,101.73,108948,198.14
2024-03-04,Financials,102.97,35677,501.81
2024-03-05,Financials,103.48,47209,353.62
2024-03-06,Financials,103.75,32391,347.31
2024-03-07,Financials,103.48,69188,242.41
2024-03-08,Financials,97.34,77483,185.46
2024-03-09,Financials,103.61,57881,440.0
2024-03-10,Financials,100.16,61572,96.62
2024-03-11,Financials,99.81,60393,451.75
2024-03-12,Financials,99.73,76482,412.65
2024-03-13,Financials,101.22,88934,296.87
2024-03-14,Financials,99.98,48888,149.03
2024-03-15,Financials,103.79,42247,246.51
2024-03-16,Financials,98.84,48934,338.38
2024-03-17,Financials,103.08,57983,414.62
2024-03-18,Financials,104.35,71021,505.46
2024-03-19,Financials,104.61,74911,397.67
2024-03-20,Financials,97.67,64544,275.27
2024-03-21,Financials,100.16,64889,373.83
2024-03-22,Financials,98.74,142853,207.42
2024-03-23,Financials,99.54,80102,326.2
2024-03-24,Financials,101.93,40346,98.64
2024-03-25,Financials,101.88,101044,217.95
2024-03-26,Financials,101.25,69402,171.65
2024-03-27,Financials,104.71,72314,160.06
2024-03-28,Financials,103.22,36155,462.89
2024-03-29,Financials,102.89,62814,174.21
2024-03-30,Financials,105.42,154589,238.22
2024-03-31,Financials,102.78,137711,211.9
2024-04-01,Financials,101.41,99963,497.64
2024-04-02,Financials,107.49,65200,249.6
2024-04-03,Financials,103.45,69648,368.24
2024-04-04,Financials,100.5,75940,126.32
2024-04-05,Financials,105.12,71195,163.48
2024-04-06,Financials,105.05,64126,451.42
2024-04-07,Financials,102.79,31865,462.37
2024-04-08,Financials,99.2,110012,396.03
2024-04-09,Financials,103.72,40385,122.64
2024-04-10,Financials,100.24,40469,147.92
2024-04-11,Financials,102.42,80764,268.92
2024-04-12,Financials,101.32,61148,318.31
2024-04-13,Financials,102.4,49835,92.26
2024-04-14,Financials,103.36,61947,193.02
2024-04-15,Financials,103.36,81060,439.21
2024-04-16,Financials,97.82,69748,105.27
2024-04-17,Financials,102.5,74716,373.27
2024-04-18,Financials,105.2,62418,506.64
2024-04-19,Financials,98.21,46919,409.07
2024-04-20,Financials,107.16,51452,369.85
2024-04-21,Financials,101.12,45041,342.16
2024-04-22,Financials,100.8,58627,118.99
2024-04-23,Financials,96.81,57585,370.55
2024-04-24,Financials,100.5,49456,81.14
2024-04-25,Financials,102.78,48810,511.43
2024-04-26,Financials,103.05,48262,221.87
2024-04-27,Financials,103.58,28131,250.87
2024-04-28,Financials,101.52,47466,481.69
2024-04-29,Financials,101.29,62590,102.39
2024-04-30,Financials,101.49,40560,143.09
2024-05-01,Financials,99.42,38716,94.69
2024-05-02,Financials,101.97,75592,243.76
2024-05-03,Financials,99.7,104920,122.4
2024-05-04,Financials,99.83,75258,258.88
2024-05-05,Financials,99.24,69643,316.92
2024-05-06,Financials,104.43,46316,273.62
2024-05-07,Financials,101.3,71238,364.31
2024-05-08,Financials,102.6,95810,242.79
2024-05-09,Financials,98.18,57633,169.85
2024-05-10,Financials,99.15,46773,216.93
2024-05-11,Financials,99.56,58798,202.13
2024-05-12,Financials,99.74,51926,198.77
2024-05-13,Financials,100.71,67355,312.07
2024-05-14,Financials,102.16,62874,346.97
2024-05-15,Financials,100.79,90447,240.41
2024-05-16,Financials,99.15,81954,442.65
2024-05-17,Financials,97.4,52402,176.31
2024-05-18,Financials,101.94,51117,322.12
2024-05-19,Financials,102.78,65190,432.16
2024-05-20,Financials,101.83,81908,88.34
2024-05-21,Financials,101.72,118079,189.4
2024-05-22,Financials,99.71,49460,389.73
2024-05-23,Financials,102.56,39275,463.44
2024-05-24,Financials,99.85,32380,220.44
2024-05-25,Financials,104.49,61124,179.3
2024-05-26,Financials,97.21,110074,419.14
2024-05-27,Financials,105.34,59561,439.8
2024-05-28,Financials,98.88,64404,489.95
2024-05-29,Financials,101.0,35535,329.61
2024-05-30,Financials,98.45,55040,154.04
2024-05-31,Financials,99.03,112562,190.17
2024-06-01,Financials,99.68,30240,261.18
2024-06-02,Financials,100.56,59810,340.32
2024-06-03,Financials,99.26,31674,312.1
2024-06-04,Financials,99.08,65027,277.84
2024-06-05,Financials,103.41,49072,211.02
2024-06-06,Financials,101.33,53057,386.48
2024-06-07,Financials,99.8,73447,317.66
2024-06-08,Financials,104.61,95755,390.6
2024-06-09,Financials,97.17,67180,431.13
2024-06-10,Financials,99.5,71167,226.81
2024-06-11,Financials,95.83,58911,365.62
2024-06-12,Financials,97.3,42624,150.52
2024-06-13,Financials,100.68,107761,171.17
2024-06-14,Financials,100.74,115996,265.83
2024-06-15,Financials,98.03,184144,152.94
2024-06-16,Financials,93.44,123739,258.96
2024-06-17,Financials,98.72,62777,376.03
2024-06-18,Financials,93.76,56345,104.62
2024-06-19,Financials,96.68,35100,123.91
2024-06-20,Financials,99.21,90870,128.46
2024-06-21,Financials,97.49,45961,187.61
2024-06-22,Financials,98.3,47354,391.08
2024-06-23,Financials,99.42,46879,380.75
2024-06-24,Financials,99.88,29401,287.64
2024-06-25,Financials,97.62,37257,257.3
2024-06-26,Financials,97.08,52445,475.88
2024-06-27,Financials,101.89,48826,294.77
2024-06-28,Financials,96.92,87665,292.56
2024-06-29,Financials,94.02,32278,130.96
2024-06-30,Financials,94.92,25504,216.04
2024-07-01,Financials,95.0,69385,423.77
2024-07-02,Financials,94.96,94557,130.1
2024-07-03,Financials,96.05,64562,297.43
2024-07-04,Financials,98.46,50599,183.94
2024-07-05,Financials,98.18,80829,473.27
2024-07-06,Financials,101.4,56226,285.35
2024-07-07,Financials,91.93,55168,338.5
2024-07-08,Financials,91.35,35055,75.57
2024-07-09,Financials,90.6,84895,278.96
2024-07-10,Financials,96.34,146736,133.45
2024-07-11,Financials,97.14,45021,469.9
2024-07-12,Financials,95.69,56947,432.49
2024-07-13,Financials,93.39,61504,196.81
2024-07-14,Financials,91.88,86894,311.34
2024-07-15,Financials,95.81,92172,477.54
2024-07-16,Financials,93.52,27910,109.63
2024-07-17,Financials,93.87,55139,76.93
2024-07-18,Financials,96.36,99941,287.23
2024-07-19,Financials,95.71,62335,403.02
2024-07-20,Financials,96.18,36574,290.22
2024-07-21,Financials,93.2,58894,427.75
2024-07-22,Financials,91.97,80883,309.29
2024-07-23,Financials,92.02,26038,127.24
2024-07-24,Financials,98.62,42809,217.46
2024-07-25,Financials,97.18,77970,376.3
2024-07-26,Financials,96.38,86801,333.7
2024-07-27,Financials,92.1,119952,342.13
2024-07-28,Financials,94.46,63765,314.33
2024-07-29,Financials,95.08,39644,271.96
2024-07-30,Financials,92.96,64384,205.3
2024-07-31,Financials,97.74,38800,235.06
2024-08-01,Financials,93.62,59175,91.02
2024-08-02,Financials,94.58,99534,355.54
2024-08-03,Financials,91.41,63473,88.74
2024-08-04,Financials,95.42,89451,435.99
2024-08-05,Financials,94.29,47847,106.51
2024-08-06,Financials,91.79,57146,446.99
2024-08-07,Financials,90.34,70105,395.96
2024-08-08,Financials,95.41,106979,141.76
2024-08-09,Financials,92.81,74652,268.24
2024-08-10,Financials,96.23,67943,223.66
2024-08-11,Financials,94.64,72635,142.97
2024-08-12,Financials,91.66,71709,167.7
2024-08-13,Financials,92.65,116954,299.78
2024-08-14,Financials,90.08,105094,259.29
2024-08-15,Financials,93.37,54959,167.55
2024-08-16,Financials,94.4,35115,174.48
2024-08-17,Financials,91.63,43182,439.58
2024-08-18,Financials,91.99,121413,251.7
2024-08-19,Financials,89.25,90128,120.21
2024-08-20,Financials,90.92,57477,400.07
2024-08-21,Financials,93.69,34675,178.26
2024-08-22,Financials,90.59,51520,406.22
2024-08-23,Financials,91.33,84897,129.15
2024-08-24,Financials,93.68,32845,103.85
2024-08-25,Financials,91.5,57295,421.93
2024-08-26,Financials,93.23,54472,418.48
2024-08-27,Financials,93.6,47246,288.33
2024-08-28,Financials,93.74,93079,225.03
2024-08-29,Financials,94.82,66050,269.31
2024-08-30,Financials,92.36,75063,210.08
2024-08-31,Financials,92.63,65661,145.18
2024-09-01,Financials,93.03,101571,446.78
2024-09-02,Financials,91.21,137939,270.48
2024-09-03,Financials,91.51,38363,204.65
2024-09-04,Financials,92.86,38099,149.88
2024-09-05,Financials,93.7,49238,246.15
2024-09-06,Financials,94.46,44559,179.17
2024-09-07,Financials,91.44,104712,203.84
2024-09-08,Financials,94.86,61030,146.02
2024-09-09,Financials,91.41,37860,363.22
2024-09-10,Financials,88.16,39193,333.03
2024-09-11,Financials,95.17,67746,391.1
2024-09-12,Financials,89.83,76323,412.72
2024-09-13,Financials,89.8,86833,446.07
2024-09-14,Financials,90.98,82403,257.55
2024-09-15,Financials,88.0,36036,74.65
2024-09-16,Financials,93.78,84465,406.46
2024-09-17,Financials,95.31,68674,457.12
2024-09-18,Financials,90.87,53525,307.4
2024-09-19,Financials,92.66,32657,174.19
2024-09-20,Financials,87.74,85982,315.94
2024-09-21,Financials,94.85,66119,415.62
2024-09-22,Financials,90.74,47104,397.44
2024-09-23,Financials,91.6,56106,298.72
2024-09-24,Financials,91.51,67793,140.76
2024-09-25,Financials,89.85,67844,319.14
2024-09-26,Financials,89.44,65830,323.76
2024-09-27,Financials,87.96,41210,236.59
2024-09-28,Financials,94.46,73632,279.31
2024-09-29,Financials,93.43,132147,387.22
2024-09-30,Financials,91.67,71943,359.5
2024-10-01,Financials,90.92,58849,237.23
2024-10-02,Financials,92.63,34239,154.25
2024-10-03,Financials,86.9,86842,433.36
2024-10-04,Financials,92.37,48229,414.58
2024-10-05,Financials,89.1,76407,374.03
2024-10-06,Financials,91.96,62511,134.94
2024-10-07,Financials,90.07,59718,313.44
2024-10-08,Financials,93.48,41312,300.92
2024-10-09,Financials,89.53,120335,220.36
2024-10-10,Financials,90.02,58542,92.87
2024-10-11,Financials,91.82,34657,133.6
2024-10-12,Financials,93.93,80806,438.68
2024-10-13,Financials,93.78,54209,202.7
2024-10-14,Financials,92.88,44244,281.52
2024-10-15,Financials,92.68,77832,227.14
2024-10-16,Financials,94.36,66844,319.19
2024-10-17,Financials,93.98,69013,208.15
2024-10-18,Financials,94.42,55289,123.28
2024-10-19,Financials,90.27,43440,176.71
2024-10-20,Financials,91.12,120743,423.97
2024-10-21,Financials,93.69,74014,202.54
2024-10-22,Financials,95.23,34895,271.92
2024-10-23,Financials,93.36,54110,281.56
2024-10-24,Financials,95.51,80350,372.04
2024-10-25,Financials,93.7,46326,113.53
2024-10-26,Financials,94.05,67225,393.45
2024-10-27,Financials,93.32,71200,329.48
2024-10-28,Financials,97.19,76026,455.05
2024-10-29,Financials,92.44,44786,179.3
2024-10-30,Financials,85.89,42800,163.17
2024-10-31,Financials,94.44,43407,254.87
2024-11-01,Financials,94.55,41976,147.56
2024-11-02,Financials,91.49,69712,131.84
2024-11-03,Financials,92.2,53824,305.24
2024-11-04,Financials,96.99,41460,361.35
2024-11-05,Financials,94.77,36776,278.85
2024-11-06,Financials,93.88,57507,207.03
2024-11-07,Financials,93.74,67093,231.84
2024-11-08,Financials,99.41,57603,303.61
2024-11-09,Financials,95.5,52906,114.95
2024-11-10,Financials,92.27,41362,335.13
2024-11-11,Financials,98.43,82446,354.18
2024-11-12,Financials,92.99,32342,88.42
2024-11-13,Financials,97.13,58580,303.02
2024-11-14,Financials,95.94,47125,462.22
2024-11-15,Financials,94.09,46745,393.22
2024-11-16,Financials,95.11,83656,118.63
2024-11-17,Financials,96.01,78680,161.25
2024-11-18,Financials,99.29,75468,181.52
2024-11-19,Financials,93.72,46425,356.76
2024-11-20,Financials,97.08,78119,390.49
2024-11-21,Financials,99.07,46543,132.83
2024-11-22,Financials,96.19,55386,272.54
2024-11-23,Financials,92.16,42946,435.44
2024-11-24,Financials,95.0,38239,215.31
2024-11-25,Financials,94.4,103324,464.48
2024-11-26,Financials,98.32,52050,484.9
2024-11-27,Financials,94.55,19815,200.35
2024-11-28,Financials,92.73,59018,283.05
2024-11-29,Financials,96.31,26544,155.2
2024-11-30,Financials,96.08,84350,223.44
2024-12-01,Financials,96.96,66742,314.82
2024-12-02,Financials,96.37,67339,155.95
2024-12-03,Financials,99.44,71219,408.68
2024-12-04,Financials,94.66,82150,134.82
2024-12-05,Financials,96.22,45646,414.12
2024-12-06,Financials,102.5,58159,387.76
2024-12-07,Financials,95.2,50826,254.37
2024-12-08,Financials,96.59,75319,452.96
2024-12-09,Financials,98.2,78904,388.85
2024-12-10,Financials,100.06,104552,486.26
2024-12-11,Financials,100.6,29614,108.56
2024-12-12,Financials,101.89,46417,265.38
2024-12-13,Financials,99.04,74748,111.28
2024-12-14,Financials,97.65,46644,323.9
2024-12-15,Financials,95.04,61221,251.29
2024-12-16,Financials,97.99,39003,379.12
2024-12-17,Financials,98.29,71840,256.55
2024-12-18,Financials,103.23,48524,166.05
2024-12-19,Financials,97.51,93352,227.53
2024-12-20,Financials,98.98,32980,411.59
2024-12-21,Financials,97.49,49203,171.38
2024-12-22,Financials,99.58,38514,118.81
2024-12-23,Financials,96.08,49924,223.93
2024-12-24,Financials,98.33,40997,407.33
2024-12-25,Financials,96.84,85392,83.31
2024-12-26,Financials,98.78,83818,262.56
2024-12-27,Financials,100.97,46447,426.65
2024-12-28,Financials,97.92,96832,161.12
2024-12-29,Financials,101.27,58279,433.31
2024-12-30,Financials,102.25,37906,287.67
2024-12-31,Financials,104.08,48321,517.41
2025-01-01,Financials,97.44,53368,174.21
2025-01-02,Financials,98.05,64085,432.52
2025-01-03,Financials,99.87,52558,404.08
2025-01-04,Financials,105.07,71578,410.52
2025-01-05,Financials,99.24,60289,116.83
2025-01-06,Financials,103.79,51783,180.07
2025-01-07,Financials,101.26,48030,226.77
2025-01-08,Financials,103.39,60435,373.03
2025-01-09,Financials,104.47,65402,238.3
2025-01-10,Financials,100.89,56073,457.14
2025-01-11,Financials,105.61,62457,283.25
2025-01-12,Financials,100.1,52633,401.41
2025-01-13,Financials,105.7,37823,227.84
2025-01-14,Financials,100.65,92938,174.55
2025-01-15,Financials,103.64,43264,183.31
2025-01-16,Financials,101.7,47808,238.76
2025-01-17,Financials,106.2,68304,530.87
2025-01-18,Financials,102.0,55777,382.46
2025-01-19,Financials,101.41,92027,132.02
2025-01-20,Financials,104.21,91389,195.53
2025-01-21,Financials,102.51,49633,377.81
2025-01-22,Financials,104.12,63648,230.39
2025-01-23,Financials,107.93,54789,500.09
2025-01-24,Financials,102.22,62524,405.28
2025-01-25,Financials,101.64,72436,328.35
2025-01-26,Financials,101.35,68851,211.27
2025-01-27,Financials,103.96,119978,308.92
2025-01-28,Financials,104.43,44953,88.12
2025-01-29,Financials,105.35,45743,305.19
2025-01-30,Financials,105.2,54601,391.78
2025-01-31,Financials,102.11,38658,325.78
2025-02-01,Financials,107.69,36861,114.87
2025-02-02,Financials,104.83,93977,219.13
2025-02-03,Financials,102.84,54929,338.16
2025-02-04,Financials,108.13,52618,99.56
2025-02-05,Financials,103.58,48122,390.31
2025-02-06,Financials,106.88,66697,491.48
2025-02-07,Financials,104.6,84253,402.86
2025-02-08,Financials,107.57,46951,329.81
2025-02-09,Financials,102.94,60333,118.99
2025-02-10,Financials,108.05,56959,433.54
2025-02-11,Financials,106.61,40131,230.34
2025-02-12,Financials,105.47,87283,481.52
2025-02-13,Financials,108.55,71290,123.07
2025-02-14,Financials,105.86,64902,231.0
2025-02-15,Financials,107.58,70985,522.01
2025-02-16,Financials,103.79,38111,505.73
2025-02-17,Financials,104.3,50655,490.69
2025-02-18,Financials,109.91,98781,158.6
2025-02-19,Financials,105.97,65801,293.35
2025-02-20,Financials,110.54,53260,394.43
2025-02-21,Financials,104.93,86698,133.89
2025-02-22,Financials,103.6,83983,311.73
2025-02-23,Financials,106.14,46059,516.27
2025-02-24,Financials,103.45,52383,406.12
2025-02-25,Financials,105.82,71905,520.89
2025-02-26,Financials,107.82,41353,312.74
2025-02-27,Financials,106.7,105874,276.41
2025-02-28,Financials,106.2,38797,463.17
2025-03-01,Financials,112.36,40468,473.8
2025-03-02,Financials,109.51,74007,89.75
2025-03-03,Financials,106.46,39009,172.38
2025-03-04,Financials,108.01,69547,214.19
2025-03-05,Financials,108.74,53328,337.22
2025-03-06,Financials,104.96,87047,377.43
2025-03-07,Financials,106.03,44793,124.42
2025-03-08,Financials,109.07,54195,208.88
2025-03-09,Financials,108.16,72523,434.03
2025-03-10,Financials,110.76,60558,256.3
2025-03-11,Financials,109.77,54549,487.51
2025-03-12,Financials,110.68,119573,217.73
2025-03-13,Financials,113.9,61383,433.76
2025-03-14,Financials,110.03,70952,384.51
2025-03-15,Financials,107.82,46101,258.74
2025-03-16,Financials,106.72,55845,531.18
2025-03-17,Financials,110.43,41839,239.18
2025-03-18,Financials,107.93,58279,212.82
2025-03-19,Financials,107.11,42048,402.15
2025-03-20,Financials,108.03,22550,90.51
2025-03-21,Financials,111.56,29732,440.55
2025-03-22,Financials,105.41,86571,289.8
2025-03-23,Financials,107.21,66301,330.35
2025-03-24,Financials,110.82,38583,314.12
2025-03-25,Financials,105.42,58645,437.13
2025-03-26,Financials,107.43,40008,468.84
2025-03-27,Financials,106.88,28261,224.67
2025-03-28,Financials,110.36,83931,393.11
2025-03-29,Financials,107.31,60161,258.79
2025-03-30,Financials,109.19,64688,256.14
2025-03-31,Financials,109.94,47978,183.26
2025-04-01,Financials,110.84,86513,290.57
2025-04-02,Financials,107.84,61660,156.46
2025-04-03,Financials,111.33,63512,105.89
2025-04-04,Financials,108.74,51568,348.53
2025-04-05,Financials,109.65,47607,497.23
2025-04-06,Financials,110.99,35959,444.36
2025-04-07,Financials,109.32,49711,480.28
2025-04-08,Financials,106.9,104782,212.74
2025-04-09,Financials,110.76,42116,101.99
2025-04-10,Financials,109.57,74822,88.58
2025-04-11,Financials,105.0,68133,280.84
2025-04-12,Financials,110.59,71369,244.52
2025-04-13,Financials,106.82,84915,117.5
2025-04-14,Financials,108.21,48647,533.53
2025-04-15,Financials,107.56,51632,238.32
2025-04-16,Financials,107.78,111530,425.16
2025-04-17,Financials,111.32,66999,164.72
2025-04-18,Financials,106.62,82818,493.69
2025-04-19,Financials,106.35,138155,233.97
2025-04-20,Financials,111.35,76860,442.16
2025-04-21,Financials,108.78,65497,343.73
2025-04-22,Financials,108.22,84397,298.16
2025-04-23,Financials,108.74,73556,478.59
2025-04-24,Financials,112.01,63055,516.28
2025-04-25,Financials,111.95,75603,237.81
2025-04-26,Financials,109.72,41954,178.88
2025-04-27,Financials,110.9,46978,532.42
2025-04-28,Financials,107.87,99079,126.75
2025-04-29,Financials,107.42,68810,98.95
2025-04-30,Financials,107.89,39558,436.89
2025-05-01,Financials,106.85,50165,481.86
2025-05-02,Financials,108.38,42081,300.73
2025-05-03,Financials,106.72,44104,374.59
2025-05-04,Financials,108.7,54761,420.39
2025-05-05,Financials,105.16,47848,299.9
2025-05-06,Financials,110.09,64085,284.45
2025-05-07,Financials,105.21,53841,493.22
2025-05-08,Financials,100.7,68569,360.34
2025-05-09,Financials,102.78,45656,110.93
2025-05-10,Financials,103.23,64944,396.29
2025-05-11,Financials,110.57,36857,426.16
2025-05-12,Financials,109.51,44580,174.11
2025-05-13,Financials,108.44,110644,100.89
2025-05-14,Financials,109.73,41402,199.81
2025-05-15,Financials,110.57,71105,421.72
2025-05-16,Financials,106.27,60885,516.29
2025-05-17,Financials,105.25,91628,349.04
2025-05-18,Financials,102.29,95072,413.79
2025-05-19,Financials,102.71,57213,345.82
2025-05-20,Financials,110.05,97071,363.21
2025-05-21,Financials,106.52,79975,430.66
2025-05-22,Financials,105.78,44804,203.63
2025-05-23,Financials,105.44,56667,311.82
2025-05-24,Financials,102.79,97509,268.63
2025-05-25,Financials,108.4,74528,310.43
2025-05-26,Financials,106.7,109609,137.49
2025-05-27,Financials,105.36,79748,374.12
2025-05-28,Financials,107.76,45136,331.99
2025-05-29,Financials,104.38,63729,121.45
2025-05-30,Financials,107.9,53142,422.91
2025-05-31,Financials,103.32,68044,410.43
2025-06-01,Financials,106.91,53156,87.45
2025-06-02,Financials,100.55,72076,406.16
2025-06-03,Financials,106.68,68971,492.52
2025-06-04,Financials,107.93,60170,376.38
2025-06-05,Financials,103.62,71143,283.97
2025-06-06,Financials,106.69,35957,318.01
2025-06-07,Financials,105.92,38312,476.91
2025-06-08,Financials,107.84,50962,433.28
2025-06-09,Financials,103.15,44759,93.02
2025-06-10,Financials,105.08,80117,420.12
2025-06-11,Financials,105.99,46860,193.29
2025-06-12,Financials,106.12,55424,383.29
2025-06-13,Financials,105.7,29131,227.14
2025-06-14,Financials,103.94,33093,180.09
2025-06-15,Financials,103.09,58899,481.98
2025-06-16,Financials,106.36,87434,443.75
2025-06-17,Financials,107.16,70665,334.52
2025-06-18,Financials,104.61,61222,152.6
2025-06-19,Financials,103.77,82091,115.24
2025-06-20,Financials,107.96,100888,533.32
2025-06-21,Financials,104.89,46408,192.05
2025-06-22,Financials,105.61,44870,132.19
2025-06-23,Financials,104.35,52084,198.81
2025-06-24,Financials,105.25,63816,415.46
2025-06-25,Financials,103.21,142426,404.1
2025-06-26,Financials,101.15,46726,409.53
2025-06-27,Financials,104.78,93911,500.3
2025-06-28,Financials,106.02,39499,102.34
2025-06-29,Financials,107.53,72086,187.69
2025-06-30,Financials,103.82,141623,505.89
2025-07-01,Financials,104.05,141105,370.85
2025-07-02,Financials,106.73,41041,126.95
2025-07-03,Financials,103.3,85593,497.18
2025-07-04,Financials,107.21,49522,160.12
2025-07-05,Financials,103.13,66048,480.83
2025-07-06,Financials,107.38,66569,192.12
2025-07-07,Financials,102.78,62649,205.6
2025-07-08,Financials,105.34,36543,230.04
2025-07-09,Financials,106.06,49389,497.36
2025-07-10,Financials,97.64,60987,252.71
2025-07-11,Financials,101.1,48319,400.63
2025-07-12,Financials,105.28,52341,224.57
2025-07-13,Financials,104.4,84246,103.32
2025-07-14,Financials,103.54,88041,395.72
2025-07-15,Financials,100.52,23955,386.64
2025-07-16,Financials,101.72,82713,302.16
2025-07-17,Financials,107.72,74653,259.61
2025-07-18,Financials,103.5,61858,227.61
2025-07-19,Financials,103.52,59597,346.06
2025-07-20,Financials,99.45,95707,299.61
2025-07-21,Financials,103.84,72672,350.67
2025-07-22,Financials,100.38,65077,173.06
2025-07-23,Financials,99.75,51160,423.9
2025-07-24,Financials,102.48,63448,423.04
2025-07-25,Financials,98.85,85183,376.55
2025-07-26,Financials,105.63,50794,233.38
2025-07-27,Financials,103.35,57956,257.91
2025-07-28,Financials,104.33,76376,92.14
2025-07-29,Financials,99.8,127135,315.27
2025-07-30,Financials,102.62,73961,325.14
2025-07-31,Financials,98.53,52280,269.95
2025-08-01,Financials,104.33,70624,458.12
2025-08-02,Financials,102.07,78486,307.37
2025-08-03,Financials,100.71,46086,132.11
2025-08-04,Financials,99.35,125327,302.13
2025-08-05,Financials,97.5,36835,263.44
2025-08-06,Financials,99.17,57517,433.21
2025-08-07,Financials,98.47,79487,160.08
2025-08-08,Financials,100.42,73984,381.38
2025-08-09,Financials,99.38,87816,386.93
2025-08-10,Financials,98.54,78123,89.56
2025-08-11,Financials,100.32,139423,217.76
2025-08-12,Financials,103.18,83302,143.24
2025-08-13,Financials,98.55,118019,207.96
2025-08-14,Financials,100.01,51654,312.53
2025-08-15,Financials,100.25,132107,98.7
2025-08-16,Financials,96.75,47899,172.53
2025-08-17,Financials,97.3,44146,249.13
2025-08-18,Financials,96.0,26033,208.47
2025-08-19,Financials,100.88,51920,157.42
2025-08-20,Financials,94.99,84505,397.79
2025-08-21,Financials,99.49,62786,489.07
2025-08-22,Financials,96.76,50181,372.15
2025-08-23,Financials,99.7,45367,189.37
2025-08-24,Financials,97.18,114461,192.35
2025-08-25,Financials,95.64,101696,463.3
2025-08-26,Financials,98.94,53393,485.32
2025-08-27,Financials,99.89,104778,426.27
2025-08-28,Financials,99.43,94566,240.96
2025-08-29,Financials,99.42,45299,441.17
2025-08-30,Financials,98.64,24436,193.09
2025-08-31,Financials,101.49,84799,295.95
2025-09-01,Financials,97.73,95378,255.46
2025-09-02,Financials,101.38,31275,255.07
2025-09-03,Financials,98.97,36438,168.45
2025-09-04,Financials,100.46,64100,157.28
2025-09-05,Financials,96.87,80446,451.81
2025-09-06,Financials,98.2,52222,440.22
2025-09-07,Financials,98.04,40614,84.58
2025-09-08,Financials,99.88,74391,143.35
2025-09-09,Financials,98.22,37742,289.52
2025-09-10,Financials,95.5,48833,136.71
2025-09-11,Financials,99.1,103844,81.26
2025-09-12,Financials,98.64,65020,211.42
2025-09-13,Financials,98.55,61863,315.92
2025-09-14,Financials,95.8,117708,169.61
2025-09-15,Financials,95.48,79989,268.36
2025-09-16,Financials,98.69,56954,438.25
2025-09-17,Financials,96.62,48246,115.38
2025-09-18,Financials,105.79,42199,145.53
2025-09-19,Financials,99.54,70324,428.55
2025-09-20,Financials,97.7,29589,486.57
2025-09-21,Financials,98.6,75063,185.98
2025-09-22,Financials,100.4,52494,172.99
2025-09-23,Financials,99.69,55055,350.59
2025-09-24,Financials,95.52,50274,398.44
2025-09-25,Financials,98.28,88555,412.08
2025-09-26,Financials,97.73,62238,358.2
2025-09-27,Financials,99.17,61216,104.22
2025-09-28,Financials,96.27,98217,326.56
2025-09-29,Financials,101.09,60118,458.57
2025-09-30,Financials,96.27,35533,467.78
2025-10-01,Financials,97.61,57702,301.07
2025-10-02,Financials,99.89,83868,408.26
2025-10-03,Financials,100.67,34498,502.49
2025-10-04,Financials,97.76,52195,320.09
2025-10-05,Financials,99.35,42028,260.06
2025-10-06,Financials,100.45,62914,168.36
2025-10-07,Financials,99.45,25854,335.39
2025-10-08,Financials,95.12,38223,424.27
2025-10-09,Financials,93.57,50866,198.46
2025-10-10,Financials,97.78,44894,183.12
2025-10-11,Financials,101.79,111182,484.85
2025-10-12,Financials,97.84,58232,362.67
2025-10-13,Financials,99.58,154305,402.81
2025-10-14,Financials,101.88,85949,111.38
2025-10-15,Financials,98.22,37349,262.71
2025-10-16,Financials,98.2,42255,133.64
2025-10-17,Financials,98.0,33053,133.01
2025-10-18,Financials,100.48,71423,98.83
2025-10-19,Financials,103.51,44877,496.59
2025-10-20,Financials,102.77,33605,440.94
2025-10-21,Financials,95.15,56448,271.12
2025-10-22,Financials,98.4,70336,198.2
2025-10-23,Financials,101.83,98520,181.71
2025-10-24,Financials,98.88,53696,217.38
2025-10-25,Financials,100.76,42199,221.69
2025-10-26,Financials,97.37,83981,307.49
2025-10-27,Financials,95.53,66793,306.23
2025-10-28,Financials,98.59,49417,401.71
2025-10-29,Financials,100.02,72440,185.35
2025-10-30,Financials,96.79,57811,186.9
2025-10-31,Financials,101.21,62252,210.77
2025-11-01,Financials,101.77,58976,176.84
2025-11-02,Financials,99.54,36549,201.43
2025-11-03,Financials,105.75,67579,169.74
2025-11-04,Financials,100.34,82005,348.32
2025-11-05,Financials,100.14,60299,231.57
2025-11-06,Financials,97.06,42776,432.64
2025-11-07,Financials,97.64,38805,437.75
2025-11-08,Financials,102.92,27738,258.74
2025-11-09,Financials,99.78,101807,260.52
2025-11-10,Financials,96.93,101884,93.73
2025-11-11,Financials,98.59,106719,229.53
2025-11-12,Financials,103.7,47515,468.38
2025-11-13,Financials,97.45,73373,79.6
2025-11-14,Financials,98.58,46110,135.19
2025-11-15,Financials,98.75,36660,98.4
2025-11-16,Financials,98.71,45075,142.89
2025-11-17,Financials,102.38,86131,472.73
2025-11-18,Financials,101.19,55631,347.98
2025-11-19,Financials,101.08,74091,96.08
2025-11-20,Financials,98.66,84210,318.24
2025-11-21,Financials,104.12,36443,254.97
2025-11-22,Financials,102.64,36886,340.76
2025-11-23,Financials,102.46,158803,278.82
2025-11-24,Financials,98.69,23914,352.24
2025-11-25,Financials,106.57,51957,269.04
2025-11-26,Financials,101.26,83925,154.37
2025-11-27,Financials,101.77,31602,394.12
2025-11-28,Financials,101.18,46072,206.37
2025-11-29,Financials,101.45,20506,188.12
2025-11-30,Financials,101.84,38018,306.79
2025-12-01,Financials,101.26,53754,330.18
2025-12-02,Financials,98.3,58346,210.96
2025-12-03,Financials,98.68,42315,201.52
2025-12-04,Financials,101.15,27492,289.97
2025-12-05,Financials,102.61,76419,438.65
2025-12-06,Financials,103.96,54117,340.36
2025-12-07,Financials,104.9,67050,283.59
2025-12-08,Financials,100.44,68316,159.18
2025-12-09,Financials,108.34,81652,291.53
2025-12-10,Financials,102.46,72808,307.82
2025-12-11,Financials,107.92,98472,220.01
2025-12-12,Financials,101.35,72053,109.73
2025-12-13,Financials,104.32,117167,327.16
2025-12-14,Financials,106.7,50199,98.72
2025-12-15,Financials,103.13,122752,375.51
2025-12-16,Financials,102.9,35459,82.77
2025-12-17,Financials,106.96,58293,259.83
2025-12-18,Financials,106.02,64486,321.61
2025-12-19,Financials,106.27,50637,442.57
2025-12-20,Financials,104.96,56798,359.57
2025-12-21,Financials,103.91,94335,425.9
2025-12-22,Financials,103.74,45632,272.99
2025-12-23,Financials,105.15,72110,341.64
2025-12-24,Financials,104.65,52077,338.22
2025-12-25,Financials,109.21,120000,362.69
2025-12-26,Financials,107.87,55469,434.3
2025-12-27,Financials,104.49,68796,452.61
2025-12-28,Financials,102.76,24877,350.41
2025-12-29,Financials,105.09,47672,397.76
2025-12-30,Financials,107.92,59380,133.09
2025-12-31,Financials,106.56,36325,195.91
2023-01-01,Consumer Goods,174.14,51504,725.0
2023-01-02,Consumer Goods,173.39,55547,336.53
2023-01-03,Consumer Goods,174.72,160267,682.26
2023-01-04,Consumer Goods,170.28,39241,265.57
2023-01-05,Consumer Goods,173.58,50974,338.36
2023-01-06,Consumer Goods,174.25,41716,266.77
2023-01-07,Consumer Goods,175.28,38268,181.59
2023-01-08,Consumer Goods,173.96,80913,786.07
2023-01-09,Consumer Goods,177.21,51657,271.32
2023-01-10,Consumer Goods,176.43,46854,648.09
2023-01-11,Consumer Goods,174.7,40700,346.57
2023-01-12,Consumer Goods,174.01,55206,645.41
2023-01-13,Consumer Goods,176.42,44574,467.5
2023-01-14,Consumer Goods,173.07,70636,719.2
2023-01-15,Consumer Goods,175.56,165980,867.05
2023-01-16,Consumer Goods,176.22,41214,172.68
2023-01-17,Consumer Goods,171.12,69679,798.24
2023-01-18,Consumer Goods,171.83,40111,573.65
2023-01-19,Consumer Goods,174.48,36958,800.0
2023-01-20,Consumer Goods,174.87,53699,531.96
2023-01-21,Consumer Goods,173.35,90167,625.55
2023-01-22,Consumer Goods,171.08,42005,717.14
2023-01-23,Consumer Goods,176.35,51794,145.82
2023-01-24,Consumer Goods,174.05,60651,683.8
2023-01-25,Consumer Goods,174.52,73957,517.16
2023-01-26,Consumer Goods,177.08,98884,704.74
2023-01-27,Consumer Goods,177.27,37628,193.75
2023-01-28,Consumer Goods,177.11,47092,352.08
2023-01-29,Consumer Goods,176.13,68428,779.94
2023-01-30,Consumer Goods,174.09,52670,158.88
2023-01-31,Consumer Goods,174.95,47689,514.61
2023-02-01,Consumer Goods,177.35,29375,704.8
2023-02-02,Consumer Goods,173.91,79343,506.74
2023-02-03,Consumer Goods,175.87,54694,214.22
2023-02-04,Consumer Goods,178.95,60402,339.11
2023-02-05,Consumer Goods,175.5,77890,686.09
2023-02-06,Consumer Goods,177.63,92850,817.81
2023-02-07,Consumer Goods,177.81,41718,379.7
2023-02-08,Consumer Goods,179.34,40870,224.46
2023-02-09,Consumer Goods,180.94,80334,198.01
2023-02-10,Consumer Goods,178.95,38456,296.15
2023-02-11,Consumer Goods,178.15,38388,591.15
2023-02-12,Consumer Goods,175.88,26337,152.32
2023-02-13,Consumer Goods,174.68,33865,832.38
2023-02-14,Consumer Goods,175.7,62745,227.42
2023-02-15,Consumer Goods,176.65,149097,644.53
2023-02-16,Consumer Goods,177.55,70837,756.98
2023-02-17,Consumer Goods,177.74,47543,229.31
2023-02-18,Consumer Goods,175.4,57360,839.22
2023-02-19,Consumer Goods,171.01,59182,232.62
2023-02-20,Consumer Goods,176.52,85102,532.9
2023-02-21,Consumer Goods,178.46,63628,765.76
2023-02-22,Consumer Goods,175.87,39356,809.54
2023-02-23,Consumer Goods,178.2,60320,590.57
2023-02-24,Consumer Goods,178.24,87228,204.47
2023-02-25,Consumer Goods,174.48,75692,793.87
2023-02-26,Consumer Goods,174.39,79266,852.38
2023-02-27,Consumer Goods,177.31,63244,672.59
2023-02-28,Consumer Goods,179.48,34941,539.74
2023-03-01,Consumer Goods,172.57,93861,289.07
2023-03-02,Consumer Goods,180.75,75622,886.82
2023-03-03,Consumer Goods,177.85,46626,169.39
2023-03-04,Consumer Goods,178.13,56210,468.98
2023-03-05,Consumer Goods,179.79,55181,792.6
2023-03-06,Consumer Goods,178.4,27742,760.88
2023-03-07,Consumer Goods,178.2,118652,502.75
2023-03-08,Consumer Goods,176.7,33980,712.52
2023-03-09,Consumer Goods,177.91,86505,815.79
2023-03-10,Consumer Goods,179.14,142781,320.2
2023-03-11,Consumer Goods,178.02,90971,209.67
2023-03-12,Consumer Goods,176.28,29531,717.27
2023-03-13,Consumer Goods,175.94,47535,595.21
2023-03-14,Consumer Goods,177.4,84503,280.22
2023-03-15,Consumer Goods,176.94,71284,318.43
2023-03-16,Consumer Goods,178.37,64121,372.97
2023-03-17,Consumer Goods,178.95,67670,840.18
2023-03-18,Consumer Goods,175.57,51972,634.38
2023-03-19,Consumer Goods,175.42,53040,531.27
2023-03-20,Consumer Goods,177.47,73675,662.62
2023-03-21,Consumer Goods,178.91,89096,790.57
2023-03-22,Consumer Goods,172.57,65103,645.87
2023-03-23,Consumer Goods,179.82,64048,807.4
2023-03-24,Consumer Goods,174.07,85530,202.38
2023-03-25,Consumer Goods,179.81,44370,269.6
2023-03-26,Consumer Goods,175.56,55430,220.94
2023-03-27,Consumer Goods,180.73,114759,355.78
2023-03-28,Consumer Goods,181.06,51059,706.69
2023-03-29,Consumer Goods,176.74,71071,780.89
2023-03-30,Consumer Goods,179.28,86169,419.67
2023-03-31,Consumer Goods,179.74,38095,473.68
2023-04-01,Consumer Goods,175.68,41364,524.47
2023-04-02,Consumer Goods,178.74,83215,886.55
2023-04-03,Consumer Goods,180.07,57413,394.38
2023-04-04,Consumer Goods,172.6,61427,396.7
2023-04-05,Consumer Goods,178.85,71961,419.46
2023-04-06,Consumer Goods,175.16,123660,653.74
2023-04-07,Consumer Goods,175.0,56492,401.75
2023-04-08,Consumer Goods,175.87,36898,795.59
2023-04-09,Consumer Goods,180.14,97028,145.5
2023-04-10,Consumer Goods,180.58,48266,572.09
2023-04-11,Consumer Goods,177.32,64530,274.91
2023-04-12,Consumer Goods,178.52,44672,340.78
2023-04-13,Consumer Goods,174.51,114009,470.83
2023-04-14,Consumer Goods,177.82,65904,236.59
2023-04-15,Consumer Goods,181.09,37529,150.07
2023-04-16,Consumer Goods,176.74,26844,648.99
2023-04-17,Consumer Goods,177.95,44925,850.85
2023-04-18,Consumer Goods,176.28,53764,337.52
2023-04-19,Consumer Goods,179.17,39126,378.54
2023-04-20,Consumer Goods,181.71,74414,195.99
2023-04-21,Consumer Goods,178.94,53285,208.18
2023-04-22,Consumer Goods,179.61,44711,716.96
2023-04-23,Consumer Goods,176.49,75859,225.03
2023-04-24,Consumer Goods,181.15,36804,644.59
2023-04-25,Consumer Goods,179.78,41000,740.72
2023-04-26,Consumer Goods,177.05,41135,456.81
2023-04-27,Consumer Goods,173.96,26456,280.3
2023-04-28,Consumer Goods,178.49,110188,617.73
2023-04-29,Consumer Goods,177.53,95407,211.96
2023-04-30,Consumer Goods,174.73,96900,558.85
2023-05-01,Consumer Goods,172.3,51016,585.28
2023-05-02,Consumer Goods,173.0,61435,701.12
2023-05-03,Consumer Goods,176.28,76931,318.08
2023-05-04,Consumer Goods,178.26,69954,766.02
2023-05-05,Consumer Goods,177.07,108422,797.26
2023-05-06,Consumer Goods,174.58,89015,786.0
2023-05-07,Consumer Goods,178.15,79260,171.92
2023-05-08,Consumer Goods,181.16,85383,787.02
2023-05-09,Consumer Goods,178.46,86846,774.71
2023-05-10,Consumer Goods,179.51,45682,737.28
2023-05-11,Consumer Goods,175.03,56866,311.67
2023-05-12,Consumer Goods,178.18,66914,781.6
2023-05-13,Consumer Goods,178.74,77808,639.96
2023-05-14,Consumer Goods,179.35,57305,859.81
2023-05-15,Consumer Goods,180.8,37125,337.95
2023-05-16,Consumer Goods,177.18,49321,370.11
2023-05-17,Consumer Goods,177.91,74414,263.24
2023-05-18,Consumer Goods,174.4,69965,526.5
2023-05-19,Consumer Goods,176.48,65194,817.62
2023-05-20,Consumer Goods,172.73,66867,352.89
2023-05-21,Consumer Goods,179.99,41232,224.2
2023-05-22,Consumer Goods,174.94,24426,659.82
2023-05-23,Consumer Goods,176.01,76505,411.4
2023-05-24,Consumer Goods,174.75,116949,839.54
2023-05-25,Consumer Goods,174.78,43226,671.28
2023-05-26,Consumer Goods,174.61,105117,573.86
2023-05-27,Consumer Goods,177.83,53550,360.84
2023-05-28,Consumer Goods,174.09,66324,180.3
2023-05-29,Consumer Goods,177.98,153950,653.81
2023-05-30,Consumer Goods,176.27,47191,481.4
2023-05-31,Consumer Goods,174.39,115263,697.91
2023-06-01,Consumer Goods,177.34,47009,501.86
2023-06-02,Consumer Goods,174.42,76497,261.74
2023-06-03,Consumer Goods,175.81,105572,818.07
2023-06-04,Consumer Goods,172.8,49207,255.53
2023-06-05,Consumer Goods,177.56,65017,287.97
2023-06-06,Consumer Goods,174.9,46211,256.84
2023-06-07,Consumer Goods,174.62,95253,757.58
2023-06-08,Consumer Goods,175.22,74077,376.75
2023-06-09,Consumer Goods,177.25,33446,211.48
2023-06-10,Consumer Goods,173.71,45926,819.92
2023-06-11,Consumer Goods,175.18,45163,393.72
2023-06-12,Consumer Goods,174.3,67433,507.88
2023-06-13,Consumer Goods,173.66,88810,359.9
2023-06-14,Consumer Goods,177.84,63664,185.55
2023-06-15,Consumer Goods,178.74,49715,173.32
2023-06-16,Consumer Goods,178.09,41959,454.37
2023-06-17,Consumer Goods,176.57,78366,482.19
2023-06-18,Consumer Goods,177.18,83280,283.27
2023-06-19,Consumer Goods,175.4,34933,574.53
2023-06-20,Consumer Goods,179.73,66597,759.27
2023-06-21,Consumer Goods,172.57,72179,570.19
2023-06-22,Consumer Goods,174.67,55279,319.38
2023-06-23,Consumer Goods,175.84,32547,633.49
2023-06-24,Consumer Goods,175.05,68655,763.19
2023-06-25,Consumer Goods,172.25,70878,668.34
2023-06-26,Consumer Goods,176.48,66283,560.88
2023-06-27,Consumer Goods,174.06,71355,395.48
2023-06-28,Consumer Goods,172.15,66994,836.15
2023-06-29,Consumer Goods,178.61,30325,549.3
2023-06-30,Consumer Goods,174.12,66172,492.35
2023-07-01,Consumer Goods,174.07,59944,868.42
2023-07-02,Consumer Goods,176.29,33832,588.48
2023-07-03,Consumer Goods,177.47,21870,273.87
2023-07-04,Consumer Goods,174.8,109620,828.01
2023-07-05,Consumer Goods,175.03,23470,376.19
2023-07-06,Consumer Goods,176.13,100710,807.63
2023-07-07,Consumer Goods,178.17,75193,775.85
2023-07-08,Consumer Goods,175.86,62166,401.15
2023-07-09,Consumer Goods,171.04,34596,337.27
2023-07-10,Consumer Goods,175.35,50819,469.64
2023-07-11,Consumer Goods,171.49,53378,732.01
2023-07-12,Consumer Goods,169.99,173511,369.05
2023-07-13,Consumer Goods,173.18,47734,271.17
2023-07-14,Consumer Goods,172.81,60211,564.45
2023-07-15,Consumer Goods,174.61,53544,292.25
2023-07-16,Consumer Goods,176.52,65366,516.01
2023-07-17,Consumer Goods,172.45,65384,329.55
2023-07-18,Consumer Goods,173.86,37153,635.42
2023-07-19,Consumer Goods,170.76,59272,619.42
2023-07-20,Consumer Goods,168.02,82100,633.69
2023-07-21,Consumer Goods,172.37,64811,488.91
2023-07-22,Consumer Goods,175.53,47053,291.56
2023-07-23,Consumer Goods,174.43,50886,201.43
2023-07-24,Consumer Goods,174.67,95342,151.08
2023-07-25,Consumer Goods,171.92,49199,473.53
2023-07-26,Consumer Goods,174.38,49419,165.96
2023-07-27,Consumer Goods,168.81,93226,622.29
2023-07-28,Consumer Goods,171.44,85017,521.55
2023-07-29,Consumer Goods,169.8,75557,602.56
2023-07-30,Consumer Goods,174.14,65952,238.45
2023-07-31,Consumer Goods,173.25,47675,623.58
2023-08-01,Consumer Goods,176.15,43052,879.23
2023-08-02,Consumer Goods,173.82,57169,816.66
2023-08-03,Consumer Goods,174.81,44488,614.12
2023-08-04,Consumer Goods,170.47,67633,771.27
2023-08-05,Consumer Goods,173.71,45719,301.65
2023-08-06,Consumer Goods,170.63,30617,791.09
2023-08-07,Consumer Goods,170.11,102644,628.78
2023-08-08,Consumer Goods,168.44,50833,751.16
2023-08-09,Consumer Goods,171.32,46833,147.73
2023-08-10,Consumer Goods,171.07,84032,147.62
2023-08-11,Consumer Goods,171.84,55229,777.98
2023-08-12,Consumer Goods,173.09,61613,235.9
2023-08-13,Consumer Goods,173.73,45615,590.0
2023-08-14,Consumer Goods,175.06,38659,476.71
2023-08-15,Consumer Goods,169.2,60319,668.42
2023-08-16,Consumer Goods,166.72,70808,803.96
2023-08-17,Consumer Goods,169.4,54308,596.59
2023-08-18,Consumer Goods,169.47,23745,610.28
2023-08-19,Consumer Goods,171.44,139061,739.07
2023-08-20,Consumer Goods,170.44,67881,840.17
2023-08-21,Consumer Goods,171.32,74319,691.5
2023-08-22,Consumer Goods,165.54,69689,491.04
2023-08-23,Consumer Goods,171.05,65424,721.34
2023-08-24,Consumer Goods,168.17,83063,236.69
2023-08-25,Consumer Goods,168.99,54776,197.87
2023-08-26,Consumer Goods,170.74,69489,833.02
2023-08-27,Consumer Goods,170.67,84949,246.71
2023-08-28,Consumer Goods,168.93,122155,648.3
2023-08-29,Consumer Goods,174.81,73673,188.49
2023-08-30,Consumer Goods,168.16,37975,141.29
2023-08-31,Consumer Goods,173.52,41798,313.01
2023-09-01,Consumer Goods,174.53,95121,521.78
2023-09-02,Consumer Goods,168.6,52861,379.41
2023-09-03,Consumer Goods,173.11,66885,654.5
2023-09-04,Consumer Goods,169.34,75919,185.58
2023-09-05,Consumer Goods,173.01,31132,324.21
2023-09-06,Consumer Goods,172.35,88634,484.95
2023-09-07,Consumer Goods,166.08,55664,778.75
2023-09-08,Consumer Goods,169.83,43546,227.54
2023-09-09,Consumer Goods,172.52,37834,715.61
2023-09-10,Consumer Goods,168.91,95484,215.36
2023-09-11,Consumer Goods,170.39,65991,763.35
2023-09-12,Consumer Goods,167.2,36792,736.41
2023-09-13,Consumer Goods,171.05,41448,761.66
2023-09-14,Consumer Goods,166.4,127469,293.03
2023-09-15,Consumer Goods,169.49,55065,638.41
2023-09-16,Consumer Goods,171.29,57834,648.01
2023-09-17,Consumer Goods,172.94,78621,208.89
2023-09-18,Consumer Goods,173.07,73763,577.51
2023-09-19,Consumer Goods,171.89,48907,153.6
2023-09-20,Consumer Goods,170.61,84075,551.91
2023-09-21,Consumer Goods,170.89,51216,570.44
2023-09-22,Consumer Goods,171.79,43067,505.95
2023-09-23,Consumer Goods,169.99,87210,822.64
2023-09-24,Consumer Goods,175.12,30274,317.13
2023-09-25,Consumer Goods,172.27,87163,147.47
2023-09-26,Consumer Goods,168.88,42716,232.71
2023-09-27,Consumer Goods,167.93,93512,477.31
2023-09-28,Consumer Goods,168.58,32442,258.96
2023-09-29,Consumer Goods,171.13,57544,378.37
2023-09-30,Consumer Goods,169.64,26338,422.22
2023-10-01,Consumer Goods,169.72,63814,267.87
2023-10-02,Consumer Goods,170.27,34403,648.18
2023-10-03,Consumer Goods,170.18,46062,586.95
2023-10-04,Consumer Goods,173.19,53012,150.71
2023-10-05,Consumer Goods,168.97,46578,551.55
2023-10-06,Consumer Goods,168.97,35728,407.3
2023-10-07,Consumer Goods,170.15,37633,753.69
2023-10-08,Consumer Goods,168.73,75369,381.38
2023-10-09,Consumer Goods,171.83,56582,763.6
2023-10-10,Consumer Goods,172.59,60211,651.56
2023-10-11,Consumer Goods,173.1,61532,798.15
2023-10-12,Consumer Goods,168.2,133428,743.52
2023-10-13,Consumer Goods,168.55,85986,660.81
2023-10-14,Consumer Goods,171.97,64371,237.98
2023-10-15,Consumer Goods,168.8,62179,305.72
2023-10-16,Consumer Goods,169.81,40749,257.44
2023-10-17,Consumer Goods,170.13,48667,760.76
2023-10-18,Consumer Goods,170.51,41341,404.69
2023-10-19,Consumer Goods,169.96,74929,285.43
2023-10-20,Consumer Goods,170.3,74884,460.37
2023-10-21,Consumer Goods,172.18,47116,636.89
2023-10-22,Consumer Goods,168.0,67068,599.57
2023-10-23,Consumer Goods,167.93,41882,674.95
2023-10-24,Consumer Goods,170.67,61751,519.29
2023-10-25,Consumer Goods,169.01,48452,701.89
2023-10-26,Consumer Goods,170.12,109573,797.91
2023-10-27,Consumer Goods,168.04,45325,261.0
2023-10-28,Consumer Goods,169.88,82001,560.24
2023-10-29,Consumer Goods,167.86,61165,255.98
2023-10-30,Consumer Goods,172.5,78227,814.07
2023-10-31,Consumer Goods,176.08,54834,514.3
2023-11-01,Consumer Goods,171.75,47153,223.02
2023-11-02,Consumer Goods,173.28,91263,204.52
2023-11-03,Consumer Goods,169.83,56433,782.4
2023-11-04,Consumer Goods,172.41,78666,399.33
2023-11-05,Consumer Goods,168.42,36121,372.57
2023-11-06,Consumer Goods,172.38,166941,680.41
2023-11-07,Consumer Goods,168.73,88520,338.74
2023-11-08,Consumer Goods,171.92,48206,246.27
2023-11-09,Consumer Goods,171.39,52458,703.24
2023-11-10,Consumer Goods,171.1,84945,644.52
2023-11-11,Consumer Goods,172.68,79488,500.46
2023-11-12,Consumer Goods,171.01,67939,555.66
2023-11-13,Consumer Goods,176.05,48991,432.33
2023-11-14,Consumer Goods,171.64,71815,316.27
2023-11-15,Consumer Goods,168.63,64148,352.32
2023-11-16,Consumer Goods,172.98,46448,389.39
2023-11-17,Consumer Goods,173.61,57377,183.91
2023-11-18,Consumer Goods,171.74,48448,370.56
2023-11-19,Consumer Goods,173.52,42818,550.59
2023-11-20,Consumer Goods,171.0,52779,285.36
2023-11-21,Consumer Goods,172.47,151263,780.94
2023-11-22,Consumer Goods,170.81,45910,755.47
2023-11-23,Consumer Goods,172.89,54464,608.17
2023-11-24,Consumer Goods,170.28,49380,214.54
2023-11-25,Consumer Goods,172.94,106284,659.73
2023-11-26,Consumer Goods,173.33,30760,484.61
2023-11-27,Consumer Goods,171.75,43081,826.66
2023-11-28,Consumer Goods,174.14,61046,605.69
2023-11-29,Consumer Goods,170.75,29353,839.44
2023-11-30,Consumer Goods,172.89,62657,835.96
2023-12-01,Consumer Goods,169.84,43568,708.54
2023-12-02,Consumer Goods,174.24,86471,241.58
2023-12-03,Consumer Goods,174.02,43208,302.17
2023-12-04,Consumer Goods,170.82,56836,244.11
2023-12-05,Consumer Goods,173.2,89253,769.52
2023-12-06,Consumer Goods,174.41,64251,661.51
2023-12-07,Consumer Goods,174.57,56093,261.89
2023-12-08,Consumer Goods,174.87,64201,846.86
2023-12-09,Consumer Goods,171.4,35830,304.61
2023-12-10,Consumer Goods,174.8,23831,328.29
2023-12-11,Consumer Goods,173.86,45856,299.93
2023-12-12,Consumer Goods,171.3,60186,348.89
2023-12-13,Consumer Goods,173.11,89858,318.13
2023-12-14,Consumer Goods,173.93,53201,684.24
2023-12-15,Consumer Goods,176.12,43890,867.03
2023-12-16,Consumer Goods,170.25,33945,752.24
2023-12-17,Consumer Goods,173.62,47778,863.73
2023-12-18,Consumer Goods,173.9,38519,823.52
2023-12-19,Consumer Goods,172.5,76875,828.86
2023-12-20,Consumer Goods,175.67,93358,378.48
2023-12-21,Consumer Goods,171.62,81521,778.78
2023-12-22,Consumer Goods,173.64,53124,283.75
2023-12-23,Consumer Goods,174.98,84311,503.38
2023-12-24,Consumer Goods,171.27,57385,400.78
2023-12-25,Consumer Goods,172.37,76035,206.79
2023-12-26,Consumer Goods,174.45,73705,851.55
2023-12-27,Consumer Goods,175.1,47860,599.4
2023-12-28,Consumer Goods,170.91,65615,579.66
2023-12-29,Consumer Goods,175.01,66222,500.39
2023-12-30,Consumer Goods,177.65,81117,518.64
2023-12-31,Consumer Goods,174.84,60639,304.51
2024-01-01,Consumer Goods,177.35,68612,737.94
2024-01-02,Consumer Goods,173.83,81091,708.22
2024-01-03,Consumer Goods,172.91,34399,697.56
2024-01-04,Consumer Goods,175.56,54488,663.81
2024-01-05,Consumer Goods,173.15,40194,329.9
2024-01-06,Consumer Goods,172.59,74026,384.04
2024-01-07,Consumer Goods,171.8,78309,648.84
2024-01-08,Consumer Goods,174.72,41232,431.09
2024-01-09,Consumer Goods,178.81,50070,721.02
2024-01-10,Consumer Goods,174.81,95229,301.98
2024-01-11,Consumer Goods,173.91,74058,587.99
2024-01-12,Consumer Goods,179.53,86364,800.85
2024-01-13,Consumer Goods,170.16,100641,638.75
2024-01-14,Consumer Goods,173.13,103895,547.33
2024-01-15,Consumer Goods,175.84,65980,389.58
2024-01-16,Consumer Goods,178.1,61567,673.94
2024-01-17,Consumer Goods,173.47,45809,792.01
2024-01-18,Consumer Goods,172.96,61707,621.74
2024-01-19,Consumer Goods,174.26,51973,632.89
2024-01-20,Consumer Goods,176.72,99410,574.78
2024-01-21,Consumer Goods,179.44,100652,278.18
2024-01-22,Consumer Goods,173.3,72078,625.77
2024-01-23,Consumer Goods,175.94,63739,254.31
2024-01-24,Consumer Goods,179.37,117398,502.17
2024-01-25,Consumer Goods,179.06,124115,808.16
2024-01-26,Consumer Goods,173.78,76627,714.09
2024-01-27,Consumer Goods,176.98,50317,551.66
2024-01-28,Consumer Goods,177.33,51721,669.05
2024-01-29,Consumer Goods,178.11,41057,342.58
2024-01-30,Consumer Goods,175.72,54344,535.99
2024-01-31,Consumer Goods,175.4,82085,493.63
2024-02-01,Consumer Goods,176.88,28543,616.65
2024-02-02,Consumer Goods,177.52,47748,886.22
2024-02-03,Consumer Goods,175.65,90586,331.73
2024-02-04,Consumer Goods,175.49,102213,153.95
2024-02-05,Consumer Goods,176.12,41083,585.55
2024-02-06,Consumer Goods,175.26,78908,472.77
2024-02-07,Consumer Goods,175.48,111084,342.14
2024-02-08,Consumer Goods,178.13,59119,278.22
2024-02-09,Consumer Goods,177.73,62957,680.33
2024-02-10,Consumer Goods,181.7,50227,896.8
2024-02-11,Consumer Goods,179.44,45374,471.84
2024-02-12,Consumer Goods,179.6,32560,344.63
2024-02-13,Consumer Goods,178.63,117293,661.22
2024-02-14,Consumer Goods,176.64,58125,810.61
2024-02-15,Consumer Goods,176.86,91957,614.16
2024-02-16,Consumer Goods,175.53,90292,871.64
2024-02-17,Consumer Goods,173.31,87710,269.69
2024-02-18,Consumer Goods,175.86,38978,805.2
2024-02-19,Consumer Goods,177.79,130640,658.65
2024-02-20,Consumer Goods,174.74,105400,298.66
2024-02-21,Consumer Goods,177.18,61722,698.02
2024-02-22,Consumer Goods,176.44,81082,532.8
2024-02-23,Consumer Goods,174.55,50622,324.65
2024-02-24,Consumer Goods,178.08,85060,359.91
2024-02-25,Consumer Goods,177.57,63379,430.64
2024-02-26,Consumer Goods,175.12,57211,630.08
2024-02-27,Consumer Goods,182.17,99747,328.81
2024-02-28,Consumer Goods,179.29,77650,623.72
2024-02-29,Consumer Goods,181.18,41748,606.27
2024-03-01,Consumer Goods,175.62,119181,676.24
2024-03-02,Consumer Goods,177.47,59490,634.89
2024-03-03,Consumer Goods,179.22,73271,498.0
2024-03-04,Consumer Goods,177.05,32144,793.05
2024-03-05,Consumer Goods,178.08,54159,604.92
2024-03-06,Consumer Goods,178.84,48280,764.73
2024-03-07,Consumer Goods,176.91,47276,664.51
2024-03-08,Consumer Goods,179.9,77887,354.41
2024-03-09,Consumer Goods,178.81,57941,226.45
2024-03-10,Consumer Goods,180.08,51218,825.03
2024-03-11,Consumer Goods,182.18,36289,284.1
2024-03-12,Consumer Goods,180.44,65182,840.08
2024-03-13,Consumer Goods,176.53,28313,444.19
2024-03-14,Consumer Goods,180.61,39197,768.88
2024-03-15,Consumer Goods,181.37,44987,874.78
2024-03-16,Consumer Goods,178.93,59420,726.53
2024-03-17,Consumer Goods,178.66,49823,173.4
2024-03-18,Consumer Goods,179.2,57723,283.88
2024-03-19,Consumer Goods,177.49,60236,585.01
2024-03-20,Consumer Goods,181.63,45540,815.23
2024-03-21,Consumer Goods,178.79,97877,322.26
2024-03-22,Consumer Goods,180.19,58160,279.64
2024-03-23,Consumer Goods,179.5,31946,576.24
2024-03-24,Consumer Goods,177.95,32080,177.17
2024-03-25,Consumer Goods,176.32,60612,547.58
2024-03-26,Consumer Goods,178.43,62610,873.52
2024-03-27,Consumer Goods,177.55,49470,823.12
2024-03-28,Consumer Goods,180.73,58763,316.53
2024-03-29,Consumer Goods,184.4,57515,415.51
2024-03-30,Consumer Goods,177.19,41885,417.02
2024-03-31,Consumer Goods,180.37,55274,190.24
2024-04-01,Consumer Goods,182.94,42361,360.58
2024-04-02,Consumer Goods,181.17,107007,268.31
2024-04-03,Consumer Goods,183.48,75978,471.93
2024-04-04,Consumer Goods,177.84,67540,615.16
2024-04-05,Consumer Goods,176.58,69021,661.47
2024-04-06,Consumer Goods,176.15,126779,467.01
2024-04-07,Consumer Goods,185.23,48609,547.76
2024-04-08,Consumer Goods,178.71,116901,579.83
2024-04-09,Consumer Goods,177.07,86445,765.26
2024-04-10,Consumer Goods,179.73,37076,497.05
2024-04-11,Consumer Goods,180.94,57407,739.71
2024-04-12,Consumer Goods,178.81,17536,487.34
2024-04-13,Consumer Goods,173.97,60942,455.61
2024-04-14,Consumer Goods,181.78,91772,757.03
2024-04-15,Consumer Goods,186.4,36858,371.82
2024-04-16,Consumer Goods,179.73,109092,459.18
2024-04-17,Consumer Goods,179.57,29771,311.77
2024-04-18,Consumer Goods,178.51,98260,498.2
2024-04-19,Consumer Goods,178.94,60171,347.34
2024-04-20,Consumer Goods,178.0,88681,572.85
2024-04-21,Consumer Goods,179.42,49864,421.4
2024-04-22,Consumer Goods,178.26,140623,712.57
2024-04-23,Consumer Goods,176.68,36449,675.1
2024-04-24,Consumer Goods,173.36,30928,253.2
2024-04-25,Consumer Goods,178.36,87302,237.6
2024-04-26,Consumer Goods,182.55,52236,639.4
2024-04-27,Consumer Goods,177.98,72410,845.22
2024-04-28,Consumer Goods,177.87,63075,206.38
2024-04-29,Consumer Goods,179.21,88858,158.24
2024-04-30,Consumer Goods,176.31,55777,260.93
2024-05-01,Consumer Goods,180.68,48309,503.99
2024-05-02,Consumer Goods,177.05,32229,726.26
2024-05-03,Consumer Goods,179.09,70293,563.57
2024-05-04,Consumer Goods,176.46,24404,375.19
2024-05-05,Consumer Goods,178.15,160137,598.08
2024-05-06,Consumer Goods,180.09,57524,518.75
2024-05-07,Consumer Goods,178.73,53359,723.39
2024-05-08,Consumer Goods,174.84,55706,550.46
2024-05-09,Consumer Goods,177.19,50669,470.76
2024-05-10,Consumer Goods,176.54,51011,238.83
2024-05-11,Consumer Goods,174.91,39747,441.18
2024-05-12,Consumer Goods,180.18,89279,239.72
2024-05-13,Consumer Goods,180.75,29558,204.0
2024-05-14,Consumer Goods,173.94,71078,612.64
2024-05-15,Consumer Goods,177.41,82930,341.78
2024-05-16,Consumer Goods,177.07,56400,605.91
2024-05-17,Consumer Goods,174.38,40449,482.4
2024-05-18,Consumer Goods,177.99,83540,745.33
2024-05-19,Consumer Goods,181.97,59040,270.7
2024-05-20,Consumer Goods,177.1,73604,804.73
2024-05-21,Consumer Goods,179.75,50413,826.48
2024-05-22,Consumer Goods,177.73,58321,734.64
2024-05-23,Consumer Goods,174.49,54091,425.07
2024-05-24,Consumer Goods,174.24,47924,431.75
2024-05-25,Consumer Goods,174.22,25931,586.64
2024-05-26,Consumer Goods,177.29,50933,183.84
2024-05-27,Consumer Goods,173.99,24786,486.82
2024-05-28,Consumer Goods,175.22,91323,377.64
2024-05-29,Consumer Goods,175.28,20636,179.58
2024-05-30,Consumer Goods,178.47,41392,331.31
2024-05-31,Consumer Goods,174.92,34024,740.9
2024-06-01,Consumer Goods,173.6,49749,619.86
2024-06-02,Consumer Goods,175.37,73170,290.39
2024-06-03,Consumer Goods,175.27,84253,538.12
2024-06-04,Consumer Goods,177.43,110308,820.61
2024-06-05,Consumer Goods,176.35,124386,597.21
2024-06-06,Consumer Goods,174.28,28280,871.04
2024-06-07,Consumer Goods,174.59,63971,176.31
2024-06-08,Consumer Goods,175.43,29558,859.61
2024-06-09,Consumer Goods,179.47,63827,709.33
2024-06-10,Consumer Goods,177.14,82737,828.52
2024-06-11,Consumer Goods,177.09,76810,730.65
2024-06-12,Consumer Goods,173.64,42936,866.12
2024-06-13,Consumer Goods,177.59,83475,374.75
2024-06-14,Consumer Goods,176.57,93533,502.97
2024-06-15,Consumer Goods,177.28,69724,151.93
2024-06-16,Consumer Goods,176.71,55373,688.52
2024-06-17,Consumer Goods,178.64,39499,276.74
2024-06-18,Consumer Goods,175.63,66405,412.81
2024-06-19,Consumer Goods,176.28,44180,735.78
2024-06-20,Consumer Goods,173.63,24181,694.51
2024-06-21,Consumer Goods,172.16,26930,358.38
2024-06-22,Consumer Goods,174.33,55113,664.4
2024-06-23,Consumer Goods,173.9,65371,414.42
2024-06-24,Consumer Goods,177.03,73654,386.25
2024-06-25,Consumer Goods,177.25,56312,342.58
2024-06-26,Consumer Goods,172.57,26615,167.83
2024-06-27,Consumer Goods,178.88,36966,587.67
2024-06-28,Consumer Goods,178.05,45240,828.9
2024-06-29,Consumer Goods,174.28,52637,775.74
2024-06-30,Consumer Goods,176.73,33517,423.95
2024-07-01,Consumer Goods,179.98,38793,492.83
2024-07-02,Consumer Goods,175.98,43697,497.69
2024-07-03,Consumer Goods,170.27,56066,338.27
2024-07-04,Consumer Goods,172.47,43919,401.65
2024-07-05,Consumer Goods,177.26,84090,288.87
2024-07-06,Consumer Goods,171.72,49784,671.97
2024-07-07,Consumer Goods,175.16,51874,501.85
2024-07-08,Consumer Goods,173.68,69592,184.74
2024-07-09,Consumer Goods,174.3,59244,348.95
2024-07-10,Consumer Goods,171.99,54135,669.4
2024-07-11,Consumer Goods,174.32,60246,689.1
2024-07-12,Consumer Goods,176.3,60195,471.77
2024-07-13,Consumer Goods,176.32,72640,220.69
2024-07-14,Consumer Goods,170.74,52391,847.29
2024-07-15,Consumer Goods,177.98,78307,755.89
2024-07-16,Consumer Goods,174.26,71820,372.02
2024-07-17,Consumer Goods,170.59,37347,634.17
2024-07-18,Consumer Goods,170.7,69970,443.21
2024-07-19,Consumer Goods,177.72,75290,374.36
2024-07-20,Consumer Goods,173.11,64034,337.2
2024-07-21,Consumer Goods,170.55,74139,299.43
2024-07-22,Consumer Goods,170.5,32070,201.12
2024-07-23,Consumer Goods,170.78,64960,600.64
2024-07-24,Consumer Goods,173.82,74303,172.13
2024-07-25,Consumer Goods,170.04,71323,626.65
2024-07-26,Consumer Goods,177.98,55123,574.58
2024-07-27,Consumer Goods,173.05,44952,657.99
2024-07-28,Consumer Goods,175.86,73562,391.83
2024-07-29,Consumer Goods,173.39,66316,323.71
2024-07-30,Consumer Goods,174.51,68639,657.14
2024-07-31,Consumer Goods,170.77,53965,256.49
2024-08-01,Consumer Goods,174.71,45188,326.28
2024-08-02,Consumer Goods,170.53,53411,275.18
2024-08-03,Consumer Goods,169.26,99994,673.66
2024-08-04,Consumer Goods,173.74,33715,660.58
2024-08-05,Consumer Goods,175.42,73451,295.13
2024-08-06,Consumer Goods,171.72,50854,542.75
2024-08-07,Consumer Goods,175.09,67669,531.58
2024-08-08,Consumer Goods,172.48,66119,859.45
2024-08-09,Consumer Goods,172.38,60415,486.01
2024-08-10,Consumer Goods,172.9,62880,732.95
2024-08-11,Consumer Goods,169.32,86066,439.2
2024-08-12,Consumer Goods,175.22,23645,847.3
2024-08-13,Consumer Goods,172.34,92101,341.19
2024-08-14,Consumer Goods,173.64,58576,147.57
2024-08-15,Consumer Goods,171.97,96695,346.77
2024-08-16,Consumer Goods,173.08,100779,411.01
2024-08-17,Consumer Goods,168.78,52461,806.01
2024-08-18,Consumer Goods,169.25,80008,366.62
2024-08-19,Consumer Goods,167.99,50105,613.71
2024-08-20,Consumer Goods,174.28,79104,272.37
2024-08-21,Consumer Goods,175.31,50817,221.14
2024-08-22,Consumer Goods,171.25,32912,844.74
2024-08-23,Consumer Goods,171.19,49309,491.75
2024-08-24,Consumer Goods,172.5,31145,635.36
2024-08-25,Consumer Goods,167.05,100509,456.21
2024-08-26,Consumer Goods,173.72,33586,429.72
2024-08-27,Consumer Goods,168.68,69173,328.59
2024-08-28,Consumer Goods,171.46,143852,181.27
2024-08-29,Consumer Goods,173.23,39282,518.25
2024-08-30,Consumer Goods,166.24,64064,551.65
2024-08-31,Consumer Goods,172.25,60027,829.02
2024-09-01,Consumer Goods,170.58,73948,302.0
2024-09-02,Consumer Goods,168.6,48548,309.85
2024-09-03,Consumer Goods,169.82,65141,720.21
2024-09-04,Consumer Goods,169.94,71339,685.61
2024-09-05,Consumer Goods,171.18,119407,553.87
2024-09-06,Consumer Goods,169.41,85868,387.36
2024-09-07,Consumer Goods,166.76,97783,732.89
2024-09-08,Consumer Goods,169.42,98013,627.73
2024-09-09,Consumer Goods,172.46,88592,829.26
2024-09-10,Consumer Goods,170.2,66916,428.93
2024-09-11,Consumer Goods,167.15,42813,399.64
2024-09-12,Consumer Goods,168.46,105218,554.19
2024-09-13,Consumer Goods,172.96,160463,297.06
2024-09-14,Consumer Goods,171.04,106044,546.24
2024-09-15,Consumer Goods,171.15,32878,780.21
2024-09-16,Consumer Goods,169.43,90209,163.45
2024-09-17,Consumer Goods,171.53,123410,706.05
2024-09-18,Consumer Goods,171.31,42942,508.83
2024-09-19,Consumer Goods,172.12,48022,838.37
2024-09-20,Consumer Goods,169.96,105604,184.9
2024-09-21,Consumer Goods,168.28,53574,764.99
2024-09-22,Consumer Goods,170.96,37753,468.83
2024-09-23,Consumer Goods,170.58,69228,190.52
2024-09-24,Consumer Goods,170.26,92977,624.08
2024-09-25,Consumer Goods,171.06,135393,585.96
2024-09-26,Consumer Goods,174.43,59736,653.26
2024-09-27,Consumer Goods,170.71,80820,794.56
2024-09-28,Consumer Goods,165.21,44536,425.68
2024-09-29,Consumer Goods,169.23,125930,663.94
2024-09-30,Consumer Goods,169.51,47357,752.65
2024-10-01,Consumer Goods,169.23,47161,576.62
2024-10-02,Consumer Goods,168.8,57136,686.16
2024-10-03,Consumer Goods,173.47,56335,589.59
2024-10-04,Consumer Goods,169.3,61496,240.74
2024-10-05,Consumer Goods,172.89,66058,572.27
2024-10-06,Consumer Goods,170.81,48907,148.69
2024-10-07,Consumer Goods,169.34,87830,516.42
2024-10-08,Consumer Goods,174.11,163851,602.88
2024-10-09,Consumer Goods,169.6,52938,722.35
2024-10-10,Consumer Goods,170.75,40849,253.0
2024-10-11,Consumer Goods,170.86,33453,206.11
2024-10-12,Consumer Goods,171.38,104758,476.45
2024-10-13,Consumer Goods,171.28,45093,211.5
2024-10-14,Consumer Goods,169.79,39104,259.75
2024-10-15,Consumer Goods,171.1,40252,201.73
2024-10-16,Consumer Goods,168.75,41826,358.72
2024-10-17,Consumer Goods,171.28,52940,593.14
2024-10-18,Consumer Goods,174.3,37619,759.33
2024-10-19,Consumer Goods,174.53,102964,444.28
2024-10-20,Consumer Goods,170.78,27155,806.95
2024-10-21,Consumer Goods,169.76,50019,807.35
2024-10-22,Consumer Goods,168.81,59112,212.65
2024-10-23,Consumer Goods,172.01,77653,778.19
2024-10-24,Consumer Goods,172.25,63199,140.17
2024-10-25,Consumer Goods,171.55,39712,853.58
2024-10-26,Consumer Goods,168.41,66382,675.02
2024-10-27,Consumer Goods,174.02,145126,669.21
2024-10-28,Consumer Goods,170.35,82021,615.8
2024-10-29,Consumer Goods,170.83,78012,298.89
2024-10-30,Consumer Goods,170.05,51036,336.61
2024-10-31,Consumer Goods,169.77,64922,518.09
2024-11-01,Consumer Goods,167.43,62047,265.47
2024-11-02,Consumer Goods,173.4,26489,443.55
2024-11-03,Consumer Goods,174.88,28769,660.8
2024-11-04,Consumer Goods,173.24,48071,860.88
2024-11-05,Consumer Goods,173.37,51807,317.87
2024-11-06,Consumer Goods,172.94,50566,384.27
2024-11-07,Consumer Goods,169.88,43165,778.68
2024-11-08,Consumer Goods,173.11,51117,199.9
2024-11-09,Consumer Goods,173.08,77255,203.98
2024-11-10,Consumer Goods,173.36,45327,327.27
2024-11-11,Consumer Goods,170.66,77354,196.47
2024-11-12,Consumer Goods,168.34,75621,339.53
2024-11-13,Consumer Goods,174.6,52392,314.51
2024-11-14,Consumer Goods,174.87,64083,237.5
2024-11-15,Consumer Goods,173.25,56942,435.8
2024-11-16,Consumer Goods,170.72,65446,810.99
2024-11-17,Consumer Goods,171.09,81027,794.26
2024-11-18,Consumer Goods,171.31,67219,584.11
2024-11-19,Consumer Goods,172.66,20353,442.87
2024-11-20,Consumer Goods,173.17,82454,680.03
2024-11-21,Consumer Goods,168.91,62646,530.5
2024-11-22,Consumer Goods,173.44,62012,288.69
2024-11-23,Consumer Goods,171.93,52271,278.13
2024-11-24,Consumer Goods,169.62,45540,807.09
2024-11-25,Consumer Goods,176.62,75897,689.5
2024-11-26,Consumer Goods,172.19,48400,404.79
2024-11-27,Consumer Goods,175.45,46682,143.75
2024-11-28,Consumer Goods,174.92,33231,192.25
2024-11-29,Consumer Goods,172.51,99417,734.7
2024-11-30,Consumer Goods,171.64,41727,487.29
2024-12-01,Consumer Goods,172.81,88653,305.68
2024-12-02,Consumer Goods,175.41,53955,532.83
2024-12-03,Consumer Goods,172.47,83054,251.96
2024-12-04,Consumer Goods,174.92,70078,822.23
2024-12-05,Consumer Goods,170.49,91637,203.72
2024-12-06,Consumer Goods,175.35,34183,617.16
2024-12-07,Consumer Goods,174.82,96864,720.02
2024-12-08,Consumer Goods,171.82,42317,523.08
2024-12-09,Consumer Goods,168.57,59271,728.12
2024-12-10,Consumer Goods,173.91,91085,209.33
2024-12-11,Consumer Goods,173.67,52807,472.68
2024-12-12,Consumer Goods,174.08,53171,637.55
2024-12-13,Consumer Goods,175.3,46916,535.13
2024-12-14,Consumer Goods,169.83,69784,139.26
2024-12-15,Consumer Goods,173.18,22229,187.0
2024-12-16,Consumer Goods,173.68,67567,174.23
2024-12-17,Consumer Goods,177.15,87862,392.34
2024-12-18,Consumer Goods,176.22,41149,834.59
2024-12-19,Consumer Goods,175.8,41044,495.32
2024-12-20,Consumer Goods,175.12,43041,176.01
2024-12-21,Consumer Goods,172.26,31372,165.79
2024-12-22,Consumer Goods,176.89,46288,381.76
2024-12-23,Consumer Goods,174.34,112513,427.59
2024-12-24,Consumer Goods,173.76,64494,390.46
2024-12-25,Consumer Goods,172.11,61702,624.16
2024-12-26,Consumer Goods,171.69,49494,856.66
2024-12-27,Consumer Goods,176.25,65534,666.78
2024-12-28,Consumer Goods,170.36,49685,442.04
2024-12-29,Consumer Goods,175.0,70215,630.13
2024-12-30,Consumer Goods,169.12,26455,211.28
2024-12-31,Consumer Goods,175.62,62939,823.27
2025-01-01,Consumer Goods,175.64,32041,224.98
2025-01-02,Consumer Goods,174.96,49012,216.54
2025-01-03,Consumer Goods,175.96,37930,283.73
2025-01-04,Consumer Goods,175.92,51567,683.19
2025-01-05,Consumer Goods,174.72,49492,321.27
2025-01-06,Consumer Goods,174.76,67391,379.89
2025-01-07,Consumer Goods,176.3,35412,734.17
2025-01-08,Consumer Goods,179.87,48181,629.17
2025-01-09,Consumer Goods,179.19,74256,845.63
2025-01-10,Consumer Goods,171.65,116439,820.22
2025-01-11,Consumer Goods,177.93,52649,289.24
2025-01-12,Consumer Goods,177.14,35445,363.79
2025-01-13,Consumer Goods,174.27,49363,493.98
2025-01-14,Consumer Goods,175.99,38497,794.3
2025-01-15,Consumer Goods,177.46,29465,586.13
2025-01-16,Consumer Goods,176.59,73780,323.03
2025-01-17,Consumer Goods,180.08,147046,298.74
2025-01-18,Consumer Goods,177.19,39820,617.41
2025-01-19,Consumer Goods,175.09,48821,571.58
2025-01-20,Consumer Goods,179.41,83142,227.74
2025-01-21,Consumer Goods,180.9,71611,153.15
2025-01-22,Consumer Goods,179.11,31447,660.7
2025-01-23,Consumer Goods,176.3,105747,773.99
2025-01-24,Consumer Goods,177.67,82951,501.26
2025-01-25,Consumer Goods,174.79,78597,542.19
2025-01-26,Consumer Goods,177.3,41893,152.49
2025-01-27,Consumer Goods,177.02,89244,349.74
2025-01-28,Consumer Goods,174.24,63900,741.92
2025-01-29,Consumer Goods,180.29,66190,219.6
2025-01-30,Consumer Goods,178.45,74564,224.99
2025-01-31,Consumer Goods,171.67,69616,454.51
2025-02-01,Consumer Goods,181.21,73093,638.88
2025-02-02,Consumer Goods,176.46,35990,475.92
2025-02-03,Consumer Goods,177.7,66296,342.61
2025-02-04,Consumer Goods,172.62,55964,244.39
2025-02-05,Consumer Goods,179.33,131414,281.49
2025-02-06,Consumer Goods,178.29,94264,347.48
2025-02-07,Consumer Goods,175.87,24173,762.63
2025-02-08,Consumer Goods,177.72,39298,524.55
2025-02-09,Consumer Goods,177.75,54042,386.03
2025-02-10,Consumer Goods,176.09,67608,855.77
2025-02-11,Consumer Goods,176.54,116263,859.4
2025-02-12,Consumer Goods,177.74,78458,630.53
2025-02-13,Consumer Goods,178.44,35348,814.2
2025-02-14,Consumer Goods,171.17,30675,138.33
2025-02-15,Consumer Goods,179.84,105678,488.99
2025-02-16,Consumer Goods,178.52,60752,193.34
2025-02-17,Consumer Goods,179.21,50986,674.7
2025-02-18,Consumer Goods,182.28,54929,499.98
2025-02-19,Consumer Goods,179.36,51499,321.54
2025-02-20,Consumer Goods,181.14,39464,645.22
2025-02-21,Consumer Goods,174.45,42683,738.62
2025-02-22,Consumer Goods,182.49,55774,855.63
2025-02-23,Consumer Goods,177.39,103212,218.57
2025-02-24,Consumer Goods,179.94,77915,220.62
2025-02-25,Consumer Goods,178.02,30543,466.9
2025-02-26,Consumer Goods,177.22,37025,805.97
2025-02-27,Consumer Goods,182.32,41410,559.99
2025-02-28,Consumer Goods,177.36,51032,648.17
2025-03-01,Consumer Goods,178.56,92189,851.25
2025-03-02,Consumer Goods,180.45,52981,327.54
2025-03-03,Consumer Goods,185.81,97538,385.82
2025-03-04,Consumer Goods,180.23,67053,683.43
2025-03-05,Consumer Goods,178.0,116247,607.75
2025-03-06,Consumer Goods,178.72,48355,892.77
2025-03-07,Consumer Goods,181.14,47842,547.95
2025-03-08,Consumer Goods,184.19,77009,736.77
2025-03-09,Consumer Goods,178.23,110029,510.36
2025-03-10,Consumer Goods,178.42,79713,710.73
2025-03-11,Consumer Goods,175.35,40405,665.1
2025-03-12,Consumer Goods,182.7,35755,548.66
2025-03-13,Consumer Goods,180.52,140182,832.53
2025-03-14,Consumer Goods,180.14,55773,393.72
2025-03-15,Consumer Goods,180.27,144372,746.06
2025-03-16,Consumer Goods,180.73,57863,601.39
2025-03-17,Consumer Goods,183.79,48141,456.28
2025-03-18,Consumer Goods,179.72,45599,178.43
2025-03-19,Consumer Goods,182.06,78437,354.46
2025-03-20,Consumer Goods,177.92,41016,419.09
2025-03-21,Consumer Goods,182.11,49053,755.06
2025-03-22,Consumer Goods,175.16,79648,373.89
2025-03-23,Consumer Goods,180.98,62939,493.57
2025-03-24,Consumer Goods,181.68,71227,359.22
2025-03-25,Consumer Goods,181.84,67518,155.16
2025-03-26,Consumer Goods,176.35,44705,609.82
2025-03-27,Consumer Goods,179.49,60412,455.94
2025-03-28,Consumer Goods,178.46,43327,743.31
2025-03-29,Consumer Goods,175.31,70539,301.4
2025-03-30,Consumer Goods,180.25,53576,204.77
2025-03-31,Consumer Goods,178.89,111342,661.09
2025-04-01,Consumer Goods,178.15,48245,382.94
2025-04-02,Consumer Goods,183.48,55591,296.7
2025-04-03,Consumer Goods,180.39,54022,810.44
2025-04-04,Consumer Goods,181.19,57797,280.17
2025-04-05,Consumer Goods,184.62,98173,466.76
2025-04-06,Consumer Goods,179.84,49249,867.13
2025-04-07,Consumer Goods,178.87,61250,769.63
2025-04-08,Consumer Goods,182.01,64602,596.18
2025-04-09,Consumer Goods,178.59,67573,858.02
2025-04-10,Consumer Goods,180.65,45411,764.47
2025-04-11,Consumer Goods,180.54,65131,455.55
2025-04-12,Consumer Goods,183.43,41426,833.16
2025-04-13,Consumer Goods,181.31,57010,237.54
2025-04-14,Consumer Goods,181.38,63859,463.51
2025-04-15,Consumer Goods,182.59,45562,541.29
2025-04-16,Consumer Goods,181.35,101823,624.68
2025-04-17,Consumer Goods,183.13,134883,287.95
2025-04-18,Consumer Goods,181.27,82039,530.24
2025-04-19,Consumer Goods,175.77,32176,508.18
2025-04-20,Consumer Goods,182.03,32947,192.65
2025-04-21,Consumer Goods,185.88,74737,863.52
2025-04-22,Consumer Goods,176.66,57708,633.56
2025-04-23,Consumer Goods,179.14,73781,188.45
2025-04-24,Consumer Goods,180.94,106541,685.94
2025-04-25,Consumer Goods,176.62,54550,377.47
2025-04-26,Consumer Goods,176.78,60474,369.94
2025-04-27,Consumer Goods,178.77,40466,760.3
2025-04-28,Consumer Goods,176.41,151795,419.79
2025-04-29,Consumer Goods,179.92,49320,861.89
2025-04-30,Consumer Goods,177.01,119535,630.01
2025-05-01,Consumer Goods,178.06,94042,384.95
2025-05-02,Consumer Goods,180.32,60774,671.16
2025-05-03,Consumer Goods,176.49,45620,666.49
2025-05-04,Consumer Goods,185.36,63135,524.26
2025-05-05,Consumer Goods,180.82,63354,753.44
2025-05-06,Consumer Goods,182.21,46276,380.16
2025-05-07,Consumer Goods,178.49,54442,698.94
2025-05-08,Consumer Goods,180.04,124418,579.12
2025-05-09,Consumer Goods,177.64,67253,757.21
2025-05-10,Consumer Goods,181.68,45809,771.74
2025-05-11,Consumer Goods,181.71,86113,705.33
2025-05-12,Consumer Goods,175.86,55905,293.76
2025-05-13,Consumer Goods,178.2,24280,860.66
2025-05-14,Consumer Goods,178.24,43777,235.48
2025-05-15,Consumer Goods,177.61,68637,193.5
2025-05-16,Consumer Goods,184.12,76821,409.81
2025-05-17,Consumer Goods,181.98,76074,376.13
2025-05-18,Consumer Goods,177.04,102779,278.8
2025-05-19,Consumer Goods,179.52,105251,613.36
2025-05-20,Consumer Goods,177.32,43119,376.08
2025-05-21,Consumer Goods,178.76,91295,320.72
2025-05-22,Consumer Goods,176.18,44527,399.21
2025-05-23,Consumer Goods,181.81,44727,269.05
2025-05-24,Consumer Goods,176.19,76805,577.79
2025-05-25,Consumer Goods,177.11,55635,280.64
2025-05-26,Consumer Goods,178.17,34894,198.97
2025-05-27,Consumer Goods,174.39,72230,732.94
2025-05-28,Consumer Goods,176.69,95683,730.34
2025-05-29,Consumer Goods,178.12,46728,421.05
2025-05-30,Consumer Goods,181.98,50716,440.32
2025-05-31,Consumer Goods,176.67,36199,588.31
2025-06-01,Consumer Goods,176.34,58427,155.49
2025-06-02,Consumer Goods,174.51,43934,364.93
2025-06-03,Consumer Goods,180.76,43663,567.06
2025-06-04,Consumer Goods,176.44,72923,808.18
2025-06-05,Consumer Goods,178.71,52701,841.57
2025-06-06,Consumer Goods,179.81,96711,502.28
2025-06-07,Consumer Goods,175.82,39493,203.8
2025-06-08,Consumer Goods,175.32,74444,509.48
2025-06-09,Consumer Goods,175.79,48061,384.14
2025-06-10,Consumer Goods,177.04,50118,181.22
2025-06-11,Consumer Goods,178.47,48852,468.55
2025-06-12,Consumer Goods,179.38,89098,769.2
2025-06-13,Consumer Goods,179.19,52194,576.8
2025-06-14,Consumer Goods,176.37,127835,382.82
2025-06-15,Consumer Goods,176.26,51023,678.72
2025-06-16,Consumer Goods,177.26,82219,493.3
2025-06-17,Consumer Goods,179.41,44116,468.36
2025-06-18,Consumer Goods,174.6,26215,598.65
2025-06-19,Consumer Goods,178.4,79234,470.71
2025-06-20,Consumer Goods,176.52,63266,472.31
2025-06-21,Consumer Goods,175.75,100599,355.8
2025-06-22,Consumer Goods,176.42,98362,793.7
2025-06-23,Consumer Goods,175.95,44893,298.55
2025-06-24,Consumer Goods,173.55,57409,458.44
2025-06-25,Consumer Goods,176.28,49827,806.58
2025-06-26,Consumer Goods,174.85,37548,488.18
2025-06-27,Consumer Goods,177.25,81086,230.28
2025-06-28,Consumer Goods,177.49,97369,867.99
2025-06-29,Consumer Goods,177.74,63552,390.87
2025-06-30,Consumer Goods,170.11,99404,556.23
2025-07-01,Consumer Goods,173.03,95302,720.73
2025-07-02,Consumer Goods,175.23,55132,449.16
2025-07-03,Consumer Goods,178.18,41005,386.11
2025-07-04,Consumer Goods,172.17,53047,424.26
2025-07-05,Consumer Goods,177.97,43102,335.05
2025-07-06,Consumer Goods,172.97,81380,761.71
2025-07-07,Consumer Goods,174.17,54526,585.29
2025-07-08,Consumer Goods,179.32,44632,530.38
2025-07-09,Consumer Goods,173.05,45577,754.83
2025-07-10,Consumer Goods,171.59,43011,160.28
2025-07-11,Consumer Goods,177.2,66145,342.2
2025-07-12,Consumer Goods,179.05,58232,148.98
2025-07-13,Consumer Goods,175.25,51209,717.85
2025-07-14,Consumer Goods,177.0,124116,157.45
2025-07-15,Consumer Goods,175.51,39377,615.86
2025-07-16,Consumer Goods,176.65,65049,478.66
2025-07-17,Consumer Goods,192.13,43277,367.77
2025-07-18,Consumer Goods,177.96,53627,527.88
2025-07-19,Consumer Goods,174.05,66409,587.93
2025-07-20,Consumer Goods,173.19,63066,410.92
2025-07-21,Consumer Goods,175.98,76343,142.05
2025-07-22,Consumer Goods,177.22,79961,487.61
2025-07-23,Consumer Goods,172.54,46124,826.33
2025-07-24,Consumer Goods,170.44,84630,583.65
2025-07-25,Consumer Goods,171.38,68092,446.74
2025-07-26,Consumer Goods,173.99,51633,394.76
2025-07-27,Consumer Goods,172.58,68433,551.83
2025-07-28,Consumer Goods,177.01,72284,582.92
2025-07-29,Consumer Goods,173.5,84352,256.7
2025-07-30,Consumer Goods,177.29,44549,237.93
2025-07-31,Consumer Goods,174.06,41643,260.79
2025-08-01,Consumer Goods,176.88,73534,571.04
2025-08-02,Consumer Goods,173.57,51379,791.38
2025-08-03,Consumer Goods,174.56,156781,422.97
2025-08-04,Consumer Goods,178.44,48829,589.35
2025-08-05,Consumer Goods,168.34,66600,449.93
2025-08-06,Consumer Goods,172.77,45065,173.42
2025-08-07,Consumer Goods,175.14,72780,559.22
2025-08-08,Consumer Goods,171.79,119087,831.8
2025-08-09,Consumer Goods,177.41,44028,182.66
2025-08-10,Consumer Goods,172.57,118613,215.42
2025-08-11,Consumer Goods,171.21,62529,534.41
2025-08-12,Consumer Goods,173.79,77026,787.52
2025-08-13,Consumer Goods,177.28,101500,780.51
2025-08-14,Consumer Goods,172.47,68563,492.11
2025-08-15,Consumer Goods,173.87,40884,348.62
2025-08-16,Consumer Goods,170.05,52081,415.58
2025-08-17,Consumer Goods,173.38,56981,470.37
2025-08-18,Consumer Goods,167.02,42389,404.84
2025-08-19,Consumer Goods,177.77,147111,410.11
2025-08-20,Consumer Goods,173.9,116127,420.52
2025-08-21,Consumer Goods,175.71,98699,841.82
2025-08-22,Consumer Goods,172.79,41067,450.17
2025-08-23,Consumer Goods,174.21,65177,862.05
2025-08-24,Consumer Goods,169.72,67849,646.23
2025-08-25,Consumer Goods,172.24,46196,451.19
2025-08-26,Consumer Goods,171.65,114800,318.94
2025-08-27,Consumer Goods,170.81,55487,572.48
2025-08-28,Consumer Goods,171.86,46298,378.44
2025-08-29,Consumer Goods,167.61,80502,695.5
2025-08-30,Consumer Goods,173.0,38731,360.06
2025-08-31,Consumer Goods,172.96,118372,623.4
2025-09-01,Consumer Goods,203.88,67916,434.29
2025-09-02,Consumer Goods,168.34,75831,335.01
2025-09-03,Consumer Goods,174.99,31525,739.86
2025-09-04,Consumer Goods,173.66,48369,860.9
2025-09-05,Consumer Goods,172.05,80295,549.65
2025-09-06,Consumer Goods,169.89,65043,170.29
2025-09-07,Consumer Goods,171.66,55126,821.16
2025-09-08,Consumer Goods,169.38,87647,161.14
2025-09-09,Consumer Goods,173.17,107998,804.44
2025-09-10,Consumer Goods,171.31,90610,333.17
2025-09-11,Consumer Goods,172.27,32937,697.55
2025-09-12,Consumer Goods,171.17,105157,681.42
2025-09-13,Consumer Goods,173.23,88771,567.61
2025-09-14,Consumer Goods,169.15,47892,326.08
2025-09-15,Consumer Goods,171.09,73766,731.69
2025-09-16,Consumer Goods,174.37,52040,813.91
2025-09-17,Consumer Goods,170.03,52905,697.2
2025-09-18,Consumer Goods,167.8,52130,354.85
2025-09-19,Consumer Goods,169.88,71852,150.34
2025-09-20,Consumer Goods,173.02,69095,157.22
2025-09-21,Consumer Goods,170.87,33565,492.84
2025-09-22,Consumer Goods,169.21,28511,684.85
2025-09-23,Consumer Goods,172.26,51873,847.47
2025-09-24,Consumer Goods,174.58,86403,703.44
2025-09-25,Consumer Goods,172.09,46809,220.95
2025-09-26,Consumer Goods,174.38,44981,472.38
2025-09-27,Consumer Goods,170.4,48836,445.53
2025-09-28,Consumer Goods,174.35,55557,635.78
2025-09-29,Consumer Goods,170.32,81460,598.77
2025-09-30,Consumer Goods,170.98,44564,641.73
2025-10-01,Consumer Goods,171.44,50244,668.31
2025-10-02,Consumer Goods,175.13,47428,811.36
2025-10-03,Consumer Goods,167.56,110071,169.14
2025-10-04,Consumer Goods,172.24,76322,319.01
2025-10-05,Consumer Goods,173.74,75994,292.47
2025-10-06,Consumer Goods,172.71,30701,671.41
2025-10-07,Consumer Goods,173.87,52344,168.33
2025-10-08,Consumer Goods,176.47,133944,419.65
2025-10-09,Consumer Goods,171.65,134232,744.23
2025-10-10,Consumer Goods,171.79,76370,599.04
2025-10-11,Consumer Goods,172.1,46135,393.07
2025-10-12,Consumer Goods,172.1,49920,317.74
2025-10-13,Consumer Goods,171.51,117517,239.7
2025-10-14,Consumer Goods,172.6,97641,848.14
2025-10-15,Consumer Goods,171.97,70487,681.7
2025-10-16,Consumer Goods,173.52,34283,596.93
2025-10-17,Consumer Goods,170.06,88340,636.0
2025-10-18,Consumer Goods,172.62,36569,415.43
2025-10-19,Consumer Goods,174.05,96633,810.79
2025-10-20,Consumer Goods,167.26,84546,466.42
2025-10-21,Consumer Goods,173.57,105643,716.05
2025-10-22,Consumer Goods,173.99,20085,846.6
2025-10-23,Consumer Goods,175.83,43621,253.43
2025-10-24,Consumer Goods,171.07,109115,682.1
2025-10-25,Consumer Goods,170.71,162388,704.99
2025-10-26,Consumer Goods,168.22,30629,180.96
2025-10-27,Consumer Goods,169.42,62213,699.26
2025-10-28,Consumer Goods,174.72,75080,279.09
2025-10-29,Consumer Goods,173.13,57065,184.22
2025-10-30,Consumer Goods,168.53,35141,531.42
2025-10-31,Consumer Goods,168.06,44885,683.32
2025-11-01,Consumer Goods,169.81,62232,182.68
2025-11-02,Consumer Goods,171.53,45359,470.03
2025-11-03,Consumer Goods,171.73,58071,220.41
2025-11-04,Consumer Goods,169.04,52329,470.02
2025-11-05,Consumer Goods,170.55,43425,529.03
2025-11-06,Consumer Goods,172.47,95209,322.51
2025-11-07,Consumer Goods,172.56,157090,441.35
2025-11-08,Consumer Goods,172.92,93924,782.46
2025-11-09,Consumer Goods,169.87,39284,205.75
2025-11-10,Consumer Goods,172.8,46840,164.47
2025-11-11,Consumer Goods,168.04,90305,237.04
2025-11-12,Consumer Goods,173.67,61334,680.0
2025-11-13,Consumer Goods,172.39,63819,723.93
2025-11-14,Consumer Goods,171.78,43553,775.89
2025-11-15,Consumer Goods,174.23,43068,728.75
2025-11-16,Consumer Goods,173.41,132168,777.07
2025-11-17,Consumer Goods,176.01,47673,659.14
2025-11-18,Consumer Goods,172.12,113129,540.42
2025-11-19,Consumer Goods,172.77,97569,631.2
2025-11-20,Consumer Goods,173.12,69163,461.6
2025-11-21,Consumer Goods,173.03,63130,717.65
2025-11-22,Consumer Goods,176.94,24241,636.31
2025-11-23,Consumer Goods,174.81,63684,456.3
2025-11-24,Consumer Goods,176.13,66191,848.45
2025-11-25,Consumer Goods,174.72,58821,703.09
2025-11-26,Consumer Goods,179.0,41602,552.23
2025-11-27,Consumer Goods,175.37,78509,535.28
2025-11-28,Consumer Goods,172.09,44541,745.05
2025-11-29,Consumer Goods,173.5,50287,844.8
2025-11-30,Consumer Goods,173.84,68541,512.88
2025-12-01,Consumer Goods,171.98,79730,670.12
2025-12-02,Consumer Goods,172.86,57776,673.67
2025-12-03,Consumer Goods,168.68,122400,586.79
2025-12-04,Consumer Goods,172.73,43554,472.21
2025-12-05,Consumer Goods,169.68,52189,793.0
2025-12-06,Consumer Goods,172.21,96372,836.3
2025-12-07,Consumer Goods,173.74,53376,773.7
2025-12-08,Consumer Goods,172.9,41348,589.35
2025-12-09,Consumer Goods,173.36,99562,841.68
2025-12-10,Consumer Goods,171.94,42996,694.44
2025-12-11,Consumer Goods,171.22,50865,619.15
2025-12-12,Consumer Goods,175.64,49884,777.64
2025-12-13,Consumer Goods,175.4,108146,216.99
2025-12-14,Consumer Goods,174.37,53899,480.61
2025-12-15,Consumer Goods,176.0,49431,743.59
2025-12-16,Consumer Goods,170.61,23816,781.53
2025-12-17,Consumer Goods,177.1,69901,687.46
2025-12-18,Consumer Goods,176.08,111380,378.31
2025-12-19,Consumer Goods,178.04,37865,579.84
2025-12-20,Consumer Goods,174.4,29457,788.25
2025-12-21,Consumer Goods,171.76,70788,589.72
2025-12-22,Consumer Goods,179.69,73602,766.49
2025-12-23,Consumer Goods,171.49,23636,391.02
2025-12-24,Consumer Goods,174.13,90805,302.22
2025-12-25,Consumer Goods,174.19,65516,334.6
2025-12-26,Consumer Goods,174.92,34991,337.92
2025-12-27,Consumer Goods,172.47,97327,704.88
2025-12-28,Consumer Goods,176.99,61550,756.95
2025-12-29,Consumer Goods,176.85,67826,147.18
2025-12-30,Consumer Goods,176.35,46799,747.77
2025-12-31,Consumer Goods,174.87,44888,177.79
2023-01-01,Industrials,102.6,105504,83.06
2023-01-02,Industrials,102.72,29195,180.94
2023-01-03,Industrials,102.01,51149,145.18
2023-01-04,Industrials,102.03,72855,269.46
2023-01-05,Industrials,101.66,64975,205.14
2023-01-06,Industrials,100.34,75207,230.67
2023-01-07,Industrials,104.78,111941,170.88
2023-01-08,Industrials,98.14,38718,373.15
2023-01-09,Industrials,101.49,108099,108.01
2023-01-10,Industrials,104.71,62567,283.91
2023-01-11,Industrials,104.23,52898,390.35
2023-01-12,Industrials,101.78,40567,451.04
2023-01-13,Industrials,103.27,60518,359.79
2023-01-14,Industrials,104.71,47050,383.93
2023-01-15,Industrials,104.06,97115,424.81
2023-01-16,Industrials,103.22,129338,455.8
2023-01-17,Industrials,106.71,75175,162.39
2023-01-18,Industrials,102.82,26475,465.8
2023-01-19,Industrials,103.97,94241,380.8
2023-01-20,Industrials,107.73,48810,285.15
2023-01-21,Industrials,106.33,72823,345.18
2023-01-22,Industrials,105.12,110393,152.63
2023-01-23,Industrials,105.08,56717,463.04
2023-01-24,Industrials,101.52,91421,278.77
2023-01-25,Industrials,105.22,52296,412.82
2023-01-26,Industrials,104.11,177720,289.34
2023-01-27,Industrials,108.83,80126,458.71
2023-01-28,Industrials,106.02,25148,302.15
2023-01-29,Industrials,104.23,64261,206.17
2023-01-30,Industrials,103.76,71035,323.93
2023-01-31,Industrials,106.46,62912,345.83
2023-02-01,Industrials,109.39,46838,123.37
2023-02-02,Industrials,104.04,40009,324.17
2023-02-03,Industrials,104.66,149833,126.5
2023-02-04,Industrials,105.67,97222,497.62
2023-02-05,Industrials,106.05,60254,232.07
2023-02-06,Industrials,105.62,87401,432.48
2023-02-07,Industrials,103.96,52515,381.09
2023-02-08,Industrials,109.39,41310,139.12
2023-02-09,Industrials,105.06,64006,84.25
2023-02-10,Industrials,105.84,87515,111.41
2023-02-11,Industrials,107.67,108266,212.83
2023-02-12,Industrials,106.83,72062,285.47
2023-02-13,Industrials,107.35,41682,214.68
2023-02-14,Industrials,109.57,50780,92.97
2023-02-15,Industrials,105.0,64280,93.55
2023-02-16,Industrials,106.75,37725,502.38
2023-02-17,Industrials,108.12,56792,171.1
2023-02-18,Industrials,107.07,62716,209.06
2023-02-19,Industrials,108.21,120560,145.93
2023-02-20,Industrials,110.5,74197,407.0
2023-02-21,Industrials,109.39,67450,313.25
2023-02-22,Industrials,108.35,40380,374.07
2023-02-23,Industrials,106.85,54298,163.48
2023-02-24,Industrials,110.32,52436,351.1
2023-02-25,Industrials,108.69,35150,440.02
2023-02-26,Industrials,110.53,36651,401.61
2023-02-27,Industrials,109.07,50172,199.26
2023-02-28,Industrials,108.46,84376,383.59
2023-03-01,Industrials,108.06,41292,470.63
2023-03-02,Industrials,111.66,37305,531.58
2023-03-03,Industrials,109.07,52646,186.94
2023-03-04,Industrials,108.47,65158,394.84
2023-03-05,Industrials,108.7,56096,504.17
2023-03-06,Industrials,108.58,51776,493.55
2023-03-07,Industrials,110.71,101655,355.97
2023-03-08,Industrials,109.1,55315,228.26
2023-03-09,Industrials,111.84,48983,430.18
2023-03-10,Industrials,109.61,59854,533.78
2023-03-11,Industrials,107.99,52120,142.74
2023-03-12,Industrials,106.26,58506,508.81
2023-03-13,Industrials,108.32,46179,469.73
2023-03-14,Industrials,111.3,87297,99.56
2023-03-15,Industrials,108.87,40108,507.68
2023-03-16,Industrials,110.99,42493,112.02
2023-03-17,Industrials,109.3,23727,222.83
2023-03-18,Industrials,109.66,80264,233.46
2023-03-19,Industrials,111.21,100567,225.52
2023-03-20,Industrials,107.99,31107,399.84
2023-03-21,Industrials,107.57,37219,290.64
2023-03-22,Industrials,111.02,72592,378.48
2023-03-23,Industrials,111.76,41645,464.04
2023-03-24,Industrials,111.2,93385,554.77
2023-03-25,Industrials,111.48,85445,275.86
2023-03-26,Industrials,109.49,45278,491.73
2023-03-27,Industrials,111.51,33539,254.97
2023-03-28,Industrials,106.84,67505,155.78
2023-03-29,Industrials,108.08,50869,123.13
2023-03-30,Industrials,111.05,40835,538.75
2023-03-31,Industrials,109.06,73965,486.1
2023-04-01,Industrials,110.48,83030,192.35
2023-04-02,Industrials,109.19,71591,531.26
2023-04-03,Industrials,107.93,84826,128.45
2023-04-04,Industrials,110.24,131820,193.61
2023-04-05,Industrials,109.14,95261,397.69
2023-04-06,Industrials,111.37,93994,169.05
2023-04-07,Industrials,112.0,65013,147.67
2023-04-08,Industrials,108.22,39898,370.33
2023-04-09,Industrials,108.2,49220,402.4
2023-04-10,Industrials,108.36,35643,446.64
2023-04-11,Industrials,110.57,69571,155.04
2023-04-12,Industrials,108.88,55768,152.6
2023-04-13,Industrials,109.74,42737,529.64
2023-04-14,Industrials,109.3,86249,285.87
2023-04-15,Industrials,107.25,83791,328.21
2023-04-16,Industrials,112.51,87076,232.38
2023-04-17,Industrials,108.03,73408,388.82
2023-04-18,Industrials,107.75,60679,165.57
2023-04-19,Industrials,111.68,79904,423.71
2023-04-20,Industrials,105.92,50432,253.62
2023-04-21,Industrials,110.61,43727,460.27
2023-04-22,Industrials,106.98,51024,233.53
2023-04-23,Industrials,110.45,75276,269.19
2023-04-24,Industrials,109.33,73000,407.94
2023-04-25,Industrials,108.69,49058,160.48
2023-04-26,Industrials,105.54,31998,333.7
2023-04-27,Industrials,110.69,82566,133.87
2023-04-28,Industrials,109.79,62117,382.79
2023-04-29,Industrials,109.57,46931,253.52
2023-04-30,Industrials,107.53,60433,161.09
2023-05-01,Industrials,107.69,42115,177.11
2023-05-02,Industrials,111.5,65077,521.99
2023-05-03,Industrials,107.52,75380,388.2
2023-05-04,Industrials,110.05,37622,368.22
2023-05-05,Industrials,106.16,86532,467.43
2023-05-06,Industrials,111.1,79725,530.38
2023-05-07,Industrials,107.55,81758,86.38
2023-05-08,Industrials,106.24,52837,499.04
2023-05-09,Industrials,106.29,34930,337.72
2023-05-10,Industrials,108.84,9982,523.42
2023-05-11,Industrials,105.39,50122,93.32
2023-05-12,Industrials,108.8,62252,540.78
2023-05-13,Industrials,107.22,85576,368.73
2023-05-14,Industrials,107.61,41913,376.57
2023-05-15,Industrials,103.58,76781,242.09
2023-05-16,Industrials,108.03,39689,489.79
2023-05-17,Industrials,107.6,35862,175.44
2023-05-18,Industrials,110.26,46255,140.92
2023-05-19,Industrials,104.02,74691,449.97
2023-05-20,Industrials,106.1,39738,366.74
2023-05-21,Industrials,104.61,29239,137.48
2023-05-22,Industrials,103.46,68861,223.73
2023-05-23,Industrials,104.52,48751,111.12
2023-05-24,Industrials,104.64,104931,106.87
2023-05-25,Industrials,105.89,62147,182.01
2023-05-26,Industrials,106.86,65373,303.46
2023-05-27,Industrials,104.34,34747,237.11
2023-05-28,Industrials,107.57,94939,486.12
2023-05-29,Industrials,103.96,32932,407.82
2023-05-30,Industrials,106.02,38428,104.22
2023-05-31,Industrials,101.57,106035,194.04
2023-06-01,Industrials,101.42,55192,142.05
2023-06-02,Industrials,104.18,88615,216.49
2023-06-03,Industrials,104.66,26103,368.23
2023-06-04,Industrials,107.82,43616,196.96
2023-06-05,Industrials,105.21,74600,161.53
2023-06-06,Industrials,104.25,146662,509.32
2023-06-07,Industrials,101.34,103221,119.06
2023-06-08,Industrials,100.69,115931,211.41
2023-06-09,Industrials,104.28,111719,91.08
2023-06-10,Industrials,105.15,25088,267.21
2023-06-11,Industrials,106.15,82474,381.01
2023-06-12,Industrials,103.95,40812,92.28
2023-06-13,Industrials,103.52,56993,123.95
2023-06-14,Industrials,101.27,79077,491.57
2023-06-15,Industrials,106.26,33815,423.47
2023-06-16,Industrials,103.62,46776,125.51
2023-06-17,Industrials,104.94,57709,96.68
2023-06-18,Industrials,105.8,74909,263.24
2023-06-19,Industrials,102.37,42397,489.02
2023-06-20,Industrials,95.42,68343,212.1
2023-06-21,Industrials,98.0,63024,259.09
2023-06-22,Industrials,100.02,49388,90.85
2023-06-23,Industrials,105.15,27174,415.25
2023-06-24,Industrials,107.15,79926,259.19
2023-06-25,Industrials,101.83,27891,347.06
2023-06-26,Industrials,99.03,19515,372.95
2023-06-27,Industrials,100.77,30063,417.11
2023-06-28,Industrials,99.56,82560,154.7
2023-06-29,Industrials,98.9,82988,433.21
2023-06-30,Industrials,100.51,59282,276.01
2023-07-01,Industrials,98.06,51322,297.51
2023-07-02,Industrials,99.92,23962,297.63
2023-07-03,Industrials,101.28,105774,323.74
2023-07-04,Industrials,99.5,60993,363.6
2023-07-05,Industrials,100.93,57368,262.58
2023-07-06,Industrials,100.6,77955,197.0
2023-07-07,Industrials,99.22,40301,154.95
2023-07-08,Industrials,100.22,37063,273.14
2023-07-09,Industrials,98.25,110905,475.78
2023-07-10,Industrials,101.08,73430,100.42
2023-07-11,Industrials,100.35,88337,127.81
2023-07-12,Industrials,125.07,83474,392.55
2023-07-13,Industrials,98.73,80999,157.96
2023-07-14,Industrials,98.66,97245,262.84
2023-07-15,Industrials,96.79,89684,447.91
2023-07-16,Industrials,94.56,37392,432.08
2023-07-17,Industrials,98.55,36625,93.29
2023-07-18,Industrials,96.64,96574,228.47
2023-07-19,Industrials,95.06,84099,454.48
2023-07-20,Industrials,96.23,37874,160.21
2023-07-21,Industrials,96.77,93656,346.65
2023-07-22,Industrials,94.23,35528,198.0
2023-07-23,Industrials,97.53,48145,281.86
2023-07-24,Industrials,99.95,66420,255.02
2023-07-25,Industrials,97.94,65503,440.7
2023-07-26,Industrials,93.65,42003,229.93
2023-07-27,Industrials,94.39,71851,293.14
2023-07-28,Industrials,95.61,29676,81.27
2023-07-29,Industrials,96.78,140817,383.48
2023-07-30,Industrials,93.33,40897,339.71
2023-07-31,Industrials,93.98,56197,251.91
2023-08-01,Industrials,93.16,96014,283.8
2023-08-02,Industrials,97.97,61939,87.92
2023-08-03,Industrials,94.62,30859,380.24
2023-08-04,Industrials,92.44,26186,227.08
2023-08-05,Industrials,93.34,49913,389.42
2023-08-06,Industrials,95.42,62199,270.96
2023-08-07,Industrials,92.68,76192,209.43
2023-08-08,Industrials,98.57,77851,379.64
2023-08-09,Industrials,92.95,64864,333.57
2023-08-10,Industrials,91.85,38037,234.97
2023-08-11,Industrials,96.89,65286,443.92
2023-08-12,Industrials,95.42,53131,134.71
2023-08-13,Industrials,91.26,35462,77.3
2023-08-14,Industrials,91.58,68803,372.71
2023-08-15,Industrials,90.34,59864,131.56
2023-08-16,Industrials,93.97,37463,426.85
2023-08-17,Industrials,94.78,152592,293.72
2023-08-18,Industrials,94.4,56098,114.19
2023-08-19,Industrials,91.24,66234,235.32
2023-08-20,Industrials,92.99,60384,221.16
2023-08-21,Industrials,93.01,40292,262.73
2023-08-22,Industrials,93.59,34625,142.16
2023-08-23,Industrials,89.61,26884,391.34
2023-08-24,Industrials,93.14,68075,427.91
2023-08-25,Industrials,91.89,45941,298.64
2023-08-26,Industrials,90.96,39803,172.61
2023-08-27,Industrials,92.2,25441,361.09
2023-08-28,Industrials,88.28,40470,415.63
2023-08-29,Industrials,91.76,56534,439.07
2023-08-30,Industrials,93.92,52655,193.12
2023-08-31,Industrials,92.82,60587,384.52
2023-09-01,Industrials,87.48,37947,424.13
2023-09-02,Industrials,89.29,43199,96.39
2023-09-03,Industrials,90.35,89291,387.98
2023-09-04,Industrials,90.58,45153,338.43
2023-09-05,Industrials,92.52,82402,152.97
2023-09-06,Industrials,86.51,56329,353.15
2023-09-07,Industrials,92.99,52966,291.01
2023-09-08,Industrials,88.65,80033,410.26
2023-09-09,Industrials,88.33,60932,290.37
2023-09-10,Industrials,90.0,30824,408.65
2023-09-11,Industrials,92.33,66998,108.71
2023-09-12,Industrials,92.96,56406,109.98
2023-09-13,Industrials,88.43,31714,120.97
2023-09-14,Industrials,91.9,38240,317.68
2023-09-15,Industrials,94.72,119396,283.27
2023-09-16,Industrials,90.12,51290,140.98
2023-09-17,Industrials,88.6,44982,200.32
2023-09-18,Industrials,94.08,48325,450.6
2023-09-19,Industrials,90.74,71085,160.54
2023-09-20,Industrials,91.7,66607,449.82
2023-09-21,Industrials,89.72,41576,214.8
2023-09-22,Industrials,90.7,64351,80.68
2023-09-23,Industrials,88.84,67865,371.39
2023-09-24,Industrials,89.44,64358,364.57
2023-09-25,Industrials,90.97,60674,331.41
2023-09-26,Industrials,91.12,60242,160.85
2023-09-27,Industrials,91.45,50358,209.22
2023-09-28,Industrials,87.66,63115,173.44
2023-09-29,Industrials,92.68,81453,434.85
2023-09-30,Industrials,92.63,47829,96.49
2023-10-01,Industrials,89.41,39427,179.28
2023-10-02,Industrials,87.18,103398,220.74
2023-10-03,Industrials,92.03,73124,223.25
2023-10-04,Industrials,88.6,76883,257.36
2023-10-05,Industrials,91.83,117448,95.35
2023-10-06,Industrials,86.76,50728,387.41
2023-10-07,Industrials,88.66,53653,109.66
2023-10-08,Industrials,90.44,27254,224.05
2023-10-09,Industrials,88.55,49427,142.47
2023-10-10,Industrials,89.65,63044,206.36
2023-10-11,Industrials,89.1,129726,170.49
2023-10-12,Industrials,89.27,70635,202.78
2023-10-13,Industrials,90.8,40976,370.85
2023-10-14,Industrials,87.97,76427,344.88
2023-10-15,Industrials,92.11,117084,95.65
2023-10-16,Industrials,87.97,87147,159.9
2023-10-17,Industrials,89.62,98437,370.58
2023-10-18,Industrials,90.35,73375,396.54
2023-10-19,Industrials,92.56,111877,170.77
2023-10-20,Industrials,89.99,31423,241.04
2023-10-21,Industrials,88.44,139499,376.19
2023-10-22,Industrials,90.98,41486,243.62
2023-10-23,Industrials,88.77,91532,196.3
2023-10-24,Industrials,93.61,59591,229.23
2023-10-25,Industrials,92.4,86534,111.42
2023-10-26,Industrials,90.67,79043,94.97
2023-10-27,Industrials,90.63,100178,443.49
2023-10-28,Industrials,91.61,32770,370.02
2023-10-29,Industrials,89.82,41294,334.17
2023-10-30,Industrials,90.48,53784,321.38
2023-10-31,Industrials,89.12,36772,155.16
2023-11-01,Industrials,86.49,99396,384.29
2023-11-02,Industrials,92.87,36236,182.91
2023-11-03,Industrials,91.09,29955,383.05
2023-11-04,Industrials,89.06,52398,220.74
2023-11-05,Industrials,89.32,74820,218.56
2023-11-06,Industrials,85.87,42802,391.52
2023-11-07,Industrials,92.42,29090,383.44
2023-11-08,Industrials,89.48,89002,336.11
2023-11-09,Industrials,94.84,99381,108.49
2023-11-10,Industrials,90.35,134811,398.63
2023-11-11,Industrials,92.79,36575,308.79
2023-11-12,Industrials,87.99,81945,382.59
2023-11-13,Industrials,90.94,36078,180.98
2023-11-14,Industrials,90.93,92085,303.23
2023-11-15,Industrials,90.14,44888,227.07
2023-11-16,Industrials,91.09,57224,385.28
2023-11-17,Industrials,90.83,75269,399.17
2023-11-18,Industrials,93.06,56487,155.8
2023-11-19,Industrials,90.41,47704,417.05
2023-11-20,Industrials,94.57,133677,326.55
2023-11-21,Industrials,89.33,37187,260.31
2023-11-22,Industrials,91.02,105118,388.92
2023-11-23,Industrials,91.42,75124,389.95
2023-11-24,Industrials,91.91,47743,145.73
2023-11-25,Industrials,91.89,36161,397.81
2023-11-26,Industrials,93.89,44036,204.34
2023-11-27,Industrials,91.41,41928,141.14
2023-11-28,Industrials,95.8,48914,162.45
2023-11-29,Industrials,93.23,25649,287.17
2023-11-30,Industrials,88.06,36523,231.09
2023-12-01,Industrials,95.02,62454,364.4
2023-12-02,Industrials,96.49,95233,88.08
2023-12-03,Industrials,91.71,54597,379.03
2023-12-04,Industrials,96.04,52466,180.29
2023-12-05,Industrials,94.86,34157,256.06
2023-12-06,Industrials,94.29,58113,268.14
2023-12-07,Industrials,92.22,55377,84.79
2023-12-08,Industrials,94.49,87488,282.59
2023-12-09,Industrials,97.16,82298,115.17
2023-12-10,Industrials,96.56,40284,475.03
2023-12-11,Industrials,92.17,73658,439.94
2023-12-12,Industrials,91.93,53308,113.9
2023-12-13,Industrials,96.08,105382,213.57
2023-12-14,Industrials,95.35,38971,78.0
2023-12-15,Industrials,94.82,62031,164.44
2023-12-16,Industrials,93.58,31318,327.15
2023-12-17,Industrials,96.66,53906,169.84
2023-12-18,Industrials,96.49,65314,374.49
2023-12-19,Industrials,94.91,51025,185.78
2023-12-20,Industrials,95.34,73421,357.2
2023-12-21,Industrials,91.22,72578,301.48
2023-12-22,Industrials,96.57,81997,129.05
2023-12-23,Industrials,98.76,44862,287.34
2023-12-24,Industrials,93.26,63768,327.01
2023-12-25,Industrials,96.36,51519,348.03
2023-12-26,Industrials,97.17,46097,474.13
2023-12-27,Industrials,96.01,72484,341.08
2023-12-28,Industrials,95.95,61761,312.38
2023-12-29,Industrials,96.1,39258,266.28
2023-12-30,Industrials,98.37,78361,118.31
2023-12-31,Industrials,98.26,55819,210.56
2024-01-01,Industrials,98.81,85912,240.11
2024-01-02,Industrials,91.66,101826,369.51
2024-01-03,Industrials,97.15,63367,254.4
2024-01-04,Industrials,95.57,107988,371.19
2024-01-05,Industrials,97.1,35479,433.6
2024-01-06,Industrials,100.46,55408,255.28
2024-01-07,Industrials,101.65,60098,461.62
2024-01-08,Industrials,96.71,82802,150.23
2024-01-09,Industrials,97.79,76092,265.68
2024-01-10,Industrials,97.08,72563,118.38
2024-01-11,Industrials,97.76,80454,415.0
2024-01-12,Industrials,98.48,63327,380.24
2024-01-13,Industrials,93.69,53696,216.51
2024-01-14,Industrials,98.83,79831,385.12
2024-01-15,Industrials,97.03,66437,331.75
2024-01-16,Industrials,104.01,96408,301.94
2024-01-17,Industrials,99.02,61915,318.94
2024-01-18,Industrials,98.58,74988,118.01
2024-01-19,Industrials,97.15,50744,365.36
2024-01-20,Industrials,98.31,50195,352.74
2024-01-21,Industrials,100.27,24473,334.32
2024-01-22,Industrials,99.41,48584,423.69
2024-01-23,Industrials,101.94,41339,284.3
2024-01-24,Industrials,100.69,55881,152.02
2024-01-25,Industrials,102.35,84951,177.67
2024-01-26,Industrials,103.7,91890,289.85
2024-01-27,Industrials,101.2,82407,135.51
2024-01-28,Industrials,100.25,62424,240.61
2024-01-29,Industrials,101.16,42124,361.16
2024-01-30,Industrials,103.45,89002,250.77
2024-01-31,Industrials,103.77,56201,99.25
2024-02-01,Industrials,101.07,46115,134.58
2024-02-02,Industrials,99.12,78526,253.49
2024-02-03,Industrials,99.35,37641,358.6
2024-02-04,Industrials,102.74,63898,286.12
2024-02-05,Industrials,103.0,44043,294.85
2024-02-06,Industrials,105.28,41645,502.8
2024-02-07,Industrials,100.91,44719,300.4
2024-02-08,Industrials,105.43,51041,514.18
2024-02-09,Industrials,100.25,157790,420.65
2024-02-10,Industrials,105.25,97230,357.55
2024-02-11,Industrials,105.21,41008,90.29
2024-02-12,Industrials,105.62,54718,430.36
2024-02-13,Industrials,103.18,59058,122.46
2024-02-14,Industrials,105.26,23726,191.32
2024-02-15,Industrials,100.67,109534,409.94
2024-02-16,Industrials,101.61,102131,273.17
2024-02-17,Industrials,101.61,53916,237.91
2024-02-18,Industrials,106.67,82088,384.4
2024-02-19,Industrials,103.44,73748,334.58
2024-02-20,Industrials,105.23,62857,271.11
2024-02-21,Industrials,104.42,159561,101.25
2024-02-22,Industrials,101.41,64098,362.93
2024-02-23,Industrials,102.51,42443,362.21
2024-02-24,Industrials,103.81,42757,193.03
2024-02-25,Industrials,101.72,57479,152.02
2024-02-26,Industrials,104.75,72846,272.39
2024-02-27,Industrials,103.57,35636,352.87
2024-02-28,Industrials,101.23,69444,96.83
2024-02-29,Industrials,102.7,65584,393.54
2024-03-01,Industrials,104.11,29022,104.99
2024-03-02,Industrials,106.91,34765,261.84
2024-03-03,Industrials,103.61,37087,422.63
2024-03-04,Industrials,102.91,48534,101.34
2024-03-05,Industrials,103.34,55115,212.21
2024-03-06,Industrials,107.62,41840,247.45
2024-03-07,Industrials,105.44,96884,378.54
2024-03-08,Industrials,105.28,106244,84.33
2024-03-09,Industrials,105.34,72501,118.16
2024-03-10,Industrials,106.77,68273,174.21
2024-03-11,Industrials,106.76,68179,353.09
2024-03-12,Industrials,106.76,116420,368.52
2024-03-13,Industrials,103.85,49017,90.8
2024-03-14,Industrials,107.3,95449,355.39
2024-03-15,Industrials,101.39,65919,468.44
2024-03-16,Industrials,108.28,38832,122.01
2024-03-17,Industrials,102.36,45903,154.95
2024-03-18,Industrials,103.88,32236,338.51
2024-03-19,Industrials,102.67,31285,463.54
2024-03-20,Industrials,105.12,64499,369.42
2024-03-21,Industrials,107.49,67201,136.14
2024-03-22,Industrials,105.89,79342,169.4
2024-03-23,Industrials,102.99,39446,140.3
2024-03-24,Industrials,102.54,50518,386.23
2024-03-25,Industrials,103.83,61614,390.53
2024-03-26,Industrials,106.29,75824,468.87
2024-03-27,Industrials,103.82,45567,430.8
2024-03-28,Industrials,103.71,50045,116.54
2024-03-29,Industrials,102.1,67589,429.42
2024-03-30,Industrials,108.45,60297,195.03
2024-03-31,Industrials,104.89,71652,262.82
2024-04-01,Industrials,102.68,46099,462.03
2024-04-02,Industrials,103.69,38025,173.75
2024-04-03,Industrials,107.87,80998,406.35
2024-04-04,Industrials,106.3,52306,213.71
2024-04-05,Industrials,104.96,50602,456.78
2024-04-06,Industrials,104.25,61529,460.84
2024-04-07,Industrials,104.33,61219,404.43
2024-04-08,Industrials,101.72,38911,451.8
2024-04-09,Industrials,103.77,53884,94.47
2024-04-10,Industrials,104.04,74845,141.04
2024-04-11,Industrials,104.98,70158,385.21
2024-04-12,Industrials,103.37,41080,346.36
2024-04-13,Industrials,104.07,78522,503.32
2024-04-14,Industrials,107.42,48155,236.62
2024-04-15,Industrials,107.37,39527,306.36
2024-04-16,Industrials,101.52,53265,493.58
2024-04-17,Industrials,102.44,45403,370.63
2024-04-18,Industrials,105.95,83271,259.98
2024-04-19,Industrials,104.59,64047,106.65
2024-04-20,Industrials,102.71,55905,109.56
2024-04-21,Industrials,103.35,36042,259.13
2024-04-22,Industrials,107.37,52898,332.89
2024-04-23,Industrials,101.94,34828,291.55
2024-04-24,Industrials,104.67,117977,278.66
2024-04-25,Industrials,107.67,57311,260.66
2024-04-26,Industrials,103.05,61868,341.64
2024-04-27,Industrials,103.68,28977,187.78
2024-04-28,Industrials,102.67,67816,489.23
2024-04-29,Industrials,104.38,75781,412.13
2024-04-30,Industrials,103.41,39373,217.86
2024-05-01,Industrials,102.98,98871,201.3
2024-05-02,Industrials,103.88,53744,327.59
2024-05-03,Industrials,107.23,62243,335.45
2024-05-04,Industrials,102.67,78564,474.2
2024-05-05,Industrials,100.7,52873,405.08
2024-05-06,Industrials,102.52,31898,342.03
2024-05-07,Industrials,103.02,73350,334.2
2024-05-08,Industrials,101.57,80250,476.44
2024-05-09,Industrials,104.51,97356,248.96
2024-05-10,Industrials,100.41,63566,272.37
2024-05-11,Industrials,106.38,76655,376.49
2024-05-12,Industrials,102.41,89227,111.97
2024-05-13,Industrials,102.46,39389,425.7
2024-05-14,Industrials,103.85,62690,147.47
2024-05-15,Industrials,104.9,39476,201.58
2024-05-16,Industrials,101.93,110922,312.56
2024-05-17,Industrials,102.03,16561,468.9
2024-05-18,Industrials,102.95,93645,205.32
2024-05-19,Industrials,101.45,43748,471.03
2024-05-20,Industrials,102.95,57213,249.86
2024-05-21,Industrials,97.5,101215,130.95
2024-05-22,Industrials,104.32,47804,109.11
2024-05-23,Industrials,100.85,127391,340.18
2024-05-24,Industrials,103.65,76753,92.76
2024-05-25,Industrials,103.29,55754,445.58
2024-05-26,Industrials,97.93,96911,475.5
2024-05-27,Industrials,100.25,32778,138.31
2024-05-28,Industrials,99.11,54880,494.42
2024-05-29,Industrials,99.78,45570,135.97
2024-05-30,Industrials,97.99,31415,241.3
2024-05-31,Industrials,118.98,59300,111.92
2024-06-01,Industrials,97.45,108809,258.57
2024-06-02,Industrials,103.44,57691,420.26
2024-06-03,Industrials,101.25,75845,436.84
2024-06-04,Industrials,100.24,23482,280.49
2024-06-05,Industrials,97.39,48377,262.56
2024-06-06,Industrials,98.13,48671,123.48
2024-06-07,Industrials,99.31,81117,348.08
2024-06-08,Industrials,98.87,96259,298.53
2024-06-09,Industrials,100.51,35744,410.66
2024-06-10,Industrials,99.35,58666,285.24
2024-06-11,Industrials,97.38,28007,281.98
2024-06-12,Industrials,96.29,41248,476.16
2024-06-13,Industrials,93.97,51028,272.68
2024-06-14,Industrials,96.44,112533,342.41
2024-06-15,Industrials,96.47,134405,414.22
2024-06-16,Industrials,98.95,36152,275.51
2024-06-17,Industrials,98.24,37563,278.99
2024-06-18,Industrials,97.31,58124,385.78
2024-06-19,Industrials,93.95,49467,326.04
2024-06-20,Industrials,99.62,97455,439.11
2024-06-21,Industrials,95.11,45120,200.01
2024-06-22,Industrials,97.91,31708,463.55
2024-06-23,Industrials,95.81,53070,220.49
2024-06-24,Industrials,92.33,35691,243.38
2024-06-25,Industrials,98.85,68445,321.11
2024-06-26,Industrials,96.26,88719,199.41
2024-06-27,Industrials,95.85,54353,338.78
2024-06-28,Industrials,93.64,95898,426.89
2024-06-29,Industrials,95.76,73640,437.67
2024-06-30,Industrials,93.35,98252,240.09
2024-07-01,Industrials,95.04,68684,332.66
2024-07-02,Industrials,93.9,58333,103.09
2024-07-03,Industrials,92.85,65741,146.74
2024-07-04,Industrials,96.16,63233,345.18
2024-07-05,Industrials,94.53,68973,240.95
2024-07-06,Industrials,94.65,86148,91.11
2024-07-07,Industrials,92.56,34737,362.2
2024-07-08,Industrials,93.77,75466,183.43
2024-07-09,Industrials,95.69,90063,292.14
2024-07-10,Industrials,91.12,75311,393.75
2024-07-11,Industrials,91.34,65627,255.49
2024-07-12,Industrials,90.72,95273,214.24
2024-07-13,Industrials,94.98,74495,83.02
2024-07-14,Industrials,91.47,87351,364.53
2024-07-15,Industrials,92.89,60953,138.92
2024-07-16,Industrials,90.61,87873,448.5
2024-07-17,Industrials,95.08,86636,380.78
2024-07-18,Industrials,92.9,50674,157.19
2024-07-19,Industrials,91.78,43105,370.47
2024-07-20,Industrials,93.41,74840,330.49
2024-07-21,Industrials,89.45,68351,391.84
2024-07-22,Industrials,91.37,60258,123.77
2024-07-23,Industrials,87.69,65918,150.28
2024-07-24,Industrials,90.99,55731,183.65
2024-07-25,Industrials,88.3,87670,128.31
2024-07-26,Industrials,90.89,38321,245.54
2024-07-27,Industrials,91.23,42483,219.08
2024-07-28,Industrials,88.51,48187,196.74
2024-07-29,Industrials,90.14,48023,428.62
2024-07-30,Industrials,92.87,107038,126.29
2024-07-31,Industrials,94.1,37669,401.75
2024-08-01,Industrials,88.22,43465,280.31
2024-08-02,Industrials,90.52,34389,315.46
2024-08-03,Industrials,90.92,31328,447.01
2024-08-04,Industrials,89.43,85305,235.93
2024-08-05,Industrials,89.56,52173,95.64
2024-08-06,Industrials,91.11,103526,302.41
2024-08-07,Industrials,87.97,76017,249.66
2024-08-08,Industrials,89.05,82589,190.73
2024-08-09,Industrials,88.94,72087,278.86
2024-08-10,Industrials,88.0,57764,356.3
2024-08-11,Industrials,92.76,61362,335.63
2024-08-12,Industrials,85.34,34865,123.55
2024-08-13,Industrials,86.9,32290,160.93
2024-08-14,Industrials,87.28,60551,410.77
2024-08-15,Industrials,87.95,90174,280.85
2024-08-16,Industrials,88.17,22824,326.07
2024-08-17,Industrials,88.51,148391,317.66
2024-08-18,Industrials,87.76,86271,367.72
2024-08-19,Industrials,86.51,71817,417.5
2024-08-20,Industrials,89.19,19887,251.57
2024-08-21,Industrials,87.0,117694,104.68
2024-08-22,Industrials,88.38,89099,403.82
2024-08-23,Industrials,88.1,73912,227.16
2024-08-24,Industrials,85.19,106456,299.48
2024-08-25,Industrials,89.46,53158,341.38
2024-08-26,Industrials,88.63,46376,104.81
2024-08-27,Industrials,88.15,63924,189.47
2024-08-28,Industrials,83.28,49886,198.65
2024-08-29,Industrials,84.17,78219,129.5
2024-08-30,Industrials,88.68,22226,381.16
2024-08-31,Industrials,83.87,60977,89.35
2024-09-01,Industrials,86.11,30309,395.43
2024-09-02,Industrials,85.08,87834,420.94
2024-09-03,Industrials,83.72,92253,219.82
2024-09-04,Industrials,87.42,66189,100.92
2024-09-05,Industrials,82.98,48189,310.08
2024-09-06,Industrials,87.82,37974,304.47
2024-09-07,Industrials,82.97,83620,199.12
2024-09-08,Industrials,83.16,40585,341.31
2024-09-09,Industrials,86.99,38355,197.62
2024-09-10,Industrials,83.79,90137,81.97
2024-09-11,Industrials,83.43,43996,133.57
2024-09-12,Industrials,88.22,93743,345.19
2024-09-13,Industrials,83.61,40625,383.32
2024-09-14,Industrials,84.57,66973,306.41
2024-09-15,Industrials,86.26,60220,319.64
2024-09-16,Industrials,84.33,92906,134.97
2024-09-17,Industrials,85.05,64223,213.54
2024-09-18,Industrials,83.79,104295,340.85
2024-09-19,Industrials,84.29,42825,185.68
2024-09-20,Industrials,82.73,40595,361.14
2024-09-21,Industrials,85.22,71986,349.58
2024-09-22,Industrials,87.82,64823,85.49
2024-09-23,Industrials,83.63,126994,326.16
2024-09-24,Industrials,87.27,42656,142.92
2024-09-25,Industrials,81.95,50795,150.5
2024-09-26,Industrials,80.48,34868,391.2
2024-09-27,Industrials,86.94,70393,333.48
2024-09-28,Industrials,84.45,65263,250.06
2024-09-29,Industrials,82.96,70469,272.08
2024-09-30,Industrials,88.11,75743,240.91
2024-10-01,Industrials,82.04,53719,407.01
2024-10-02,Industrials,86.23,43643,238.29
2024-10-03,Industrials,84.43,45259,285.03
2024-10-04,Industrials,87.03,69856,408.08
2024-10-05,Industrials,83.66,68454,76.15
2024-10-06,Industrials,84.87,22729,254.07
2024-10-07,Industrials,83.12,84711,349.57
2024-10-08,Industrials,85.52,51666,374.31
2024-10-09,Industrials,85.54,102614,187.25
2024-10-10,Industrials,83.93,53292,224.45
2024-10-11,Industrials,85.47,67078,258.01
2024-10-12,Industrials,87.7,101030,141.27
2024-10-13,Industrials,82.6,61373,242.01
2024-10-14,Industrials,82.52,51549,170.84
2024-10-15,Industrials,86.28,38539,399.94
2024-10-16,Industrials,87.93,89640,294.1
2024-10-17,Industrials,84.4,44577,240.04
2024-10-18,Industrials,86.93,52075,143.03
2024-10-19,Industrials,84.72,62808,380.95
2024-10-20,Industrials,84.44,56374,299.29
2024-10-21,Industrials,85.18,52725,107.66
2024-10-22,Industrials,80.98,38819,393.65
2024-10-23,Industrials,83.32,116792,381.67
2024-10-24,Industrials,83.95,48779,126.82
2024-10-25,Industrials,87.54,35339,181.05
2024-10-26,Industrials,86.73,44881,367.52
2024-10-27,Industrials,82.83,109024,323.01
2024-10-28,Industrials,85.4,40620,211.65
2024-10-29,Industrials,88.67,38358,77.87
2024-10-30,Industrials,85.56,40939,342.69
2024-10-31,Industrials,86.86,80901,396.04
2024-11-01,Industrials,85.46,88984,280.91
2024-11-02,Industrials,82.55,67739,342.48
2024-11-03,Industrials,86.55,39197,258.72
2024-11-04,Industrials,86.35,62433,403.57
2024-11-05,Industrials,87.81,65533,115.8
2024-11-06,Industrials,85.59,39381,326.99
2024-11-07,Industrials,86.17,82485,405.84
2024-11-08,Industrials,89.21,65555,442.22
2024-11-09,Industrials,88.53,60533,251.69
2024-11-10,Industrials,83.63,192630,321.12
2024-11-11,Industrials,87.28,34231,396.83
2024-11-12,Industrials,87.78,50940,309.36
2024-11-13,Industrials,85.28,105075,308.51
2024-11-14,Industrials,84.71,30929,151.07
2024-11-15,Industrials,84.88,80141,316.4
2024-11-16,Industrials,87.3,77829,404.56
2024-11-17,Industrials,88.68,67825,374.4
2024-11-18,Industrials,84.81,48907,134.56
2024-11-19,Industrials,88.96,20205,213.52
2024-11-20,Industrials,88.22,43149,401.18
2024-11-21,Industrials,90.29,34423,127.42
2024-11-22,Industrials,86.47,103143,259.58
2024-11-23,Industrials,88.86,46358,324.77
2024-11-24,Industrials,86.99,117058,294.93
2024-11-25,Industrials,85.76,85542,388.77
2024-11-26,Industrials,85.35,49553,385.57
2024-11-27,Industrials,88.0,60201,267.51
2024-11-28,Industrials,88.65,53474,374.22
2024-11-29,Industrials,87.45,59776,141.11
2024-11-30,Industrials,87.67,115611,164.7
2024-12-01,Industrials,87.31,59955,318.5
2024-12-02,Industrials,92.96,71748,145.84
2024-12-03,Industrials,84.62,62484,380.1
2024-12-04,Industrials,89.96,71068,340.99
2024-12-05,Industrials,90.24,127352,281.01
2024-12-06,Industrials,89.0,40696,121.57
2024-12-07,Industrials,87.25,55867,401.09
2024-12-08,Industrials,92.47,48428,82.5
2024-12-09,Industrials,89.4,87230,444.1
2024-12-10,Industrials,82.92,39129,69.09
2024-12-11,Industrials,93.03,90867,358.43
2024-12-12,Industrials,92.2,43183,427.6
2024-12-13,Industrials,89.74,79053,388.51
2024-12-14,Industrials,89.31,28594,261.2
2024-12-15,Industrials,90.91,40478,210.74
2024-12-16,Industrials,91.04,43649,102.96
2024-12-17,Industrials,90.58,64461,292.89
2024-12-18,Industrials,87.93,37558,296.62
2024-12-19,Industrials,94.49,56664,117.61
2024-12-20,Industrials,88.87,84495,150.87
2024-12-21,Industrials,89.56,68547,357.34
2024-12-22,Industrials,91.58,77796,273.63
2024-12-23,Industrials,88.86,107328,353.48
2024-12-24,Industrials,90.74,64271,135.29
2024-12-25,Industrials,90.58,76301,78.01
2024-12-26,Industrials,93.32,40262,197.24
2024-12-27,Industrials,92.28,53283,201.01
2024-12-28,Industrials,92.56,65263,325.82
2024-12-29,Industrials,93.25,69525,117.15
2024-12-30,Industrials,89.09,95466,353.45
2024-12-31,Industrials,91.42,81229,81.51
2025-01-01,Industrials,90.74,34955,259.87
2025-01-02,Industrials,94.21,63594,284.25
2025-01-03,Industrials,91.78,47817,362.97
2025-01-04,Industrials,94.3,103140,393.33
2025-01-05,Industrials,96.11,35483,184.88
2025-01-06,Industrials,92.05,84507,255.95
2025-01-07,Industrials,91.28,76515,174.42
2025-01-08,Industrials,97.61,43399,96.96
2025-01-09,Industrials,93.85,23943,301.45
2025-01-10,Industrials,92.97,67360,112.49
2025-01-11,Industrials,94.18,68557,454.23
2025-01-12,Industrials,91.59,54167,456.64
2025-01-13,Industrials,93.22,73933,119.74
2025-01-14,Industrials,96.98,20653,274.79
2025-01-15,Industrials,94.04,83632,200.6
2025-01-16,Industrials,96.77,70312,158.0
2025-01-17,Industrials,97.51,35155,347.62
2025-01-18,Industrials,91.55,36555,88.33
2025-01-19,Industrials,94.5,99230,223.32
2025-01-20,Industrials,94.41,38516,407.68
2025-01-21,Industrials,99.13,73085,303.6
2025-01-22,Industrials,97.52,106545,340.26
2025-01-23,Industrials,97.38,86138,242.75
2025-01-24,Industrials,94.39,66531,190.5
2025-01-25,Industrials,97.77,50881,204.96
2025-01-26,Industrials,97.43,111947,377.34
2025-01-27,Industrials,94.21,80403,329.3
2025-01-28,Industrials,93.38,63337,422.41
2025-01-29,Industrials,99.22,42440,236.51
2025-01-30,Industrials,93.26,67971,387.5
2025-01-31,Industrials,94.73,99599,394.06
2025-02-01,Industrials,99.31,51510,489.13
2025-02-02,Industrials,95.15,41727,400.36
2025-02-03,Industrials,95.48,33671,386.34
2025-02-04,Industrials,93.05,62003,81.59
2025-02-05,Industrials,98.6,79861,321.53
2025-02-06,Industrials,95.67,99746,221.85
2025-02-07,Industrials,96.67,26964,256.25
2025-02-08,Industrials,97.86,47606,189.79
2025-02-09,Industrials,98.35,58246,459.97
2025-02-10,Industrials,98.97,97069,92.16
2025-02-11,Industrials,96.72,45304,478.55
2025-02-12,Industrials,96.57,173638,473.49
2025-02-13,Industrials,96.29,55832,77.49
2025-02-14,Industrials,97.97,74505,289.54
2025-02-15,Industrials,98.1,56403,383.25
2025-02-16,Industrials,98.77,51620,345.64
2025-02-17,Industrials,97.51,42270,198.42
2025-02-18,Industrials,93.86,57871,152.71
2025-02-19,Industrials,97.99,47736,362.51
2025-02-20,Industrials,99.17,136607,433.57
2025-02-21,Industrials,96.24,87017,140.16
2025-02-22,Industrials,99.64,39991,472.32
2025-02-23,Industrials,96.31,35342,314.95
2025-02-24,Industrials,101.63,123867,266.72
2025-02-25,Industrials,101.74,86826,381.13
2025-02-26,Industrials,98.75,63812,273.57
2025-02-27,Industrials,95.01,44308,251.45
2025-02-28,Industrials,97.53,37530,105.8
2025-03-01,Industrials,99.53,52190,264.44
2025-03-02,Industrials,98.22,71790,137.54
2025-03-03,Industrials,98.7,62132,192.31
2025-03-04,Industrials,96.62,38105,248.35
2025-03-05,Industrials,96.27,117266,102.26
2025-03-06,Industrials,100.98,51934,497.18
2025-03-07,Industrials,98.65,106788,400.42
2025-03-08,Industrials,98.89,58071,139.2
2025-03-09,Industrials,99.34,59075,326.68
2025-03-10,Industrials,96.38,46476,292.93
2025-03-11,Industrials,97.26,46623,256.53
2025-03-12,Industrials,99.87,75939,145.47
2025-03-13,Industrials,99.17,47693,283.55
2025-03-14,Industrials,97.84,53465,242.31
2025-03-15,Industrials,99.58,22026,366.0
2025-03-16,Industrials,97.88,55994,225.04
2025-03-17,Industrials,97.94,171626,463.67
2025-03-18,Industrials,100.74,47699,103.61
2025-03-19,Industrials,98.97,63540,357.37
2025-03-20,Industrials,101.25,52985,474.75
2025-03-21,Industrials,98.52,77262,416.99
2025-03-22,Industrials,98.31,39603,190.88
2025-03-23,Industrials,99.14,59395,425.97
2025-03-24,Industrials,103.06,37968,363.74
2025-03-25,Industrials,98.02,66996,432.77
2025-03-26,Industrials,99.81,99219,139.76
2025-03-27,Industrials,97.32,81466,113.58
2025-03-28,Industrials,100.68,37410,169.11
2025-03-29,Industrials,99.15,45005,314.9
2025-03-30,Industrials,97.39,23032,479.59
2025-03-31,Industrials,100.66,97610,91.97
2025-04-01,Industrials,100.28,47665,221.07
2025-04-02,Industrials,99.53,89314,450.27
2025-04-03,Industrials,102.58,53429,305.45
2025-04-04,Industrials,100.56,63252,356.8
2025-04-05,Industrials,97.23,81163,336.11
2025-04-06,Industrials,100.47,90084,160.33
2025-04-07,Industrials,99.79,44334,344.1
2025-04-08,Industrials,99.17,47734,233.59
2025-04-09,Industrials,99.52,57916,85.64
2025-04-10,Industrials,103.04,161970,266.61
2025-04-11,Industrials,97.08,58410,410.44
2025-04-12,Industrials,100.43,43494,104.52
2025-04-13,Industrials,99.27,59016,217.18
2025-04-14,Industrials,101.57,98128,123.69
2025-04-15,Industrials,97.91,62802,212.18
2025-04-16,Industrials,99.69,25618,362.59
2025-04-17,Industrials,98.5,24157,362.7
2025-04-18,Industrials,99.21,45467,135.1
2025-04-19,Industrials,99.56,54614,93.59
2025-04-20,Industrials,99.94,125780,461.08
2025-04-21,Industrials,96.82,65814,372.34
2025-04-22,Industrials,98.53,72005,361.63
2025-04-23,Industrials,98.94,43567,363.2
2025-04-24,Industrials,99.3,61753,83.35
2025-04-25,Industrials,98.69,57935,410.95
2025-04-26,Industrials,99.84,49738,189.7
2025-04-27,Industrials,99.27,60655,112.95
2025-04-28,Industrials,97.85,61054,222.21
2025-04-29,Industrials,99.45,139371,147.37
2025-04-30,Industrials,98.53,59062,388.69
2025-05-01,Industrials,97.82,47815,386.87
2025-05-02,Industrials,101.02,192148,213.73
2025-05-03,Industrials,97.44,45476,473.27
2025-05-04,Industrials,95.04,140273,435.45
2025-05-05,Industrials,99.65,54711,450.44
2025-05-06,Industrials,98.83,29039,487.85
2025-05-07,Industrials,97.37,44144,329.64
2025-05-08,Industrials,99.14,87460,176.87
2025-05-09,Industrials,94.71,32673,238.59
2025-05-10,Industrials,98.38,36213,182.03
2025-05-11,Industrials,95.46,76481,248.98
2025-05-12,Industrials,97.71,56456,220.78
2025-05-13,Industrials,96.29,47498,232.46
2025-05-14,Industrials,94.69,68943,300.5
2025-05-15,Industrials,95.94,34069,469.1
2025-05-16,Industrials,96.41,43128,410.89
2025-05-17,Industrials,93.62,41039,210.16
2025-05-18,Industrials,94.58,79049,443.92
2025-05-19,Industrials,98.0,37370,128.36
2025-05-20,Industrials,96.68,33684,128.85
2025-05-21,Industrials,110.46,115070,219.17
2025-05-22,Industrials,93.59,74279,340.83
2025-05-23,Industrials,97.31,58484,173.92
2025-05-24,Industrials,97.16,125712,217.96
2025-05-25,Industrials,92.42,44054,326.76
2025-05-26,Industrials,91.32,36972,181.78
2025-05-27,Industrials,94.72,51074,293.66
2025-05-28,Industrials,94.02,103420,401.9
2025-05-29,Industrials,97.54,116529,373.99
2025-05-30,Industrials,95.06,164569,253.33
2025-05-31,Industrials,89.94,75266,403.08
2025-06-01,Industrials,95.28,73812,441.12
2025-06-02,Industrials,95.38,52454,252.43
2025-06-03,Industrials,95.54,100801,348.76
2025-06-04,Industrials,90.71,69600,150.39
2025-06-05,Industrials,89.65,92492,265.89
2025-06-06,Industrials,94.28,62192,359.4
2025-06-07,Industrials,88.94,49588,205.3
2025-06-08,Industrials,92.73,91288,180.05
2025-06-09,Industrials,92.84,57309,248.98
2025-06-10,Industrials,94.95,145018,375.47
2025-06-11,Industrials,92.92,111885,438.64
2025-06-12,Industrials,96.3,35556,367.96
2025-06-13,Industrials,91.22,184286,272.01
2025-06-14,Industrials,94.4,39765,265.89
2025-06-15,Industrials,95.46,133151,115.44
2025-06-16,Industrials,92.56,84741,254.42
2025-06-17,Industrials,92.92,108702,421.7
2025-06-18,Industrials,90.33,50637,345.6
2025-06-19,Industrials,93.65,91771,212.18
2025-06-20,Industrials,95.39,90929,201.44
2025-06-21,Industrials,92.58,100521,85.21
2025-06-22,Industrials,94.37,109882,260.84
2025-06-23,Industrials,90.44,58584,295.61
2025-06-24,Industrials,91.54,45407,169.55
2025-06-25,Industrials,90.18,65381,148.28
2025-06-26,Industrials,90.06,46786,271.37
2025-06-27,Industrials,90.16,132229,210.32
2025-06-28,Industrials,94.16,43730,303.9
2025-06-29,Industrials,87.25,64014,347.93
2025-06-30,Industrials,87.69,43757,341.26
2025-07-01,Industrials,90.91,51316,204.74
2025-07-02,Industrials,92.65,48534,256.52
2025-07-03,Industrials,90.37,137353,279.61
2025-07-04,Industrials,88.44,35488,360.51
2025-07-05,Industrials,87.32,126617,109.39
2025-07-06,Industrials,87.7,38257,300.53
2025-07-07,Industrials,90.64,37762,376.48
2025-07-08,Industrials,89.03,35772,187.34
2025-07-09,Industrials,87.99,103718,232.46
2025-07-10,Industrials,87.34,36195,198.11
2025-07-11,Industrials,88.22,79185,352.44
2025-07-12,Industrials,87.79,140224,296.42
2025-07-13,Industrials,86.1,52741,334.86
2025-07-14,Industrials,87.33,70380,382.08
2025-07-15,Industrials,85.69,50816,392.15
2025-07-16,Industrials,86.32,41241,376.19
2025-07-17,Industrials,86.83,78586,128.35
2025-07-18,Industrials,84.3,60888,344.72
2025-07-19,Industrials,87.15,64787,387.05
2025-07-20,Industrials,91.28,65677,236.12
2025-07-21,Industrials,86.01,47106,138.29
2025-07-22,Industrials,85.38,43873,334.91
2025-07-23,Industrials,85.02,51775,369.02
2025-07-24,Industrials,85.67,74931,167.2
2025-07-25,Industrials,84.52,46024,385.83
2025-07-26,Industrials,85.92,63667,366.9
2025-07-27,Industrials,84.54,35881,378.26
2025-07-28,Industrials,87.18,71934,332.38
2025-07-29,Industrials,85.26,82140,382.56
2025-07-30,Industrials,82.0,29519,72.18
2025-07-31,Industrials,81.32,59164,95.02
2025-08-01,Industrials,85.98,58472,322.04
2025-08-02,Industrials,81.54,77732,96.1
2025-08-03,Industrials,83.19,92000,191.48
2025-08-04,Industrials,88.86,32194,149.9
2025-08-05,Industrials,82.27,53704,274.74
2025-08-06,Industrials,84.18,87508,86.23
2025-08-07,Industrials,83.73,39519,292.51
2025-08-08,Industrials,84.45,40428,232.39
2025-08-09,Industrials,82.48,91695,368.56
2025-08-10,Industrials,82.17,40848,301.64
2025-08-11,Industrials,82.32,73407,109.38
2025-08-12,Industrials,79.74,69150,63.91
2025-08-13,Industrials,82.89,45762,376.44
2025-08-14,Industrials,82.78,54939,113.22
2025-08-15,Industrials,82.26,56743,137.99
2025-08-16,Industrials,82.36,43034,251.84
2025-08-17,Industrials,81.67,67777,74.35
2025-08-18,Industrials,86.46,34673,277.59
2025-08-19,Industrials,82.47,36572,232.0
2025-08-20,Industrials,82.24,33983,322.78
2025-08-21,Industrials,80.69,63998,273.44
2025-08-22,Industrials,81.5,57393,193.04
2025-08-23,Industrials,80.11,80012,356.39
2025-08-24,Industrials,81.33,51787,80.04
2025-08-25,Industrials,81.56,27957,234.78
2025-08-26,Industrials,81.14,59095,107.43
2025-08-27,Industrials,79.99,84115,281.09
2025-08-28,Industrials,78.62,79944,347.88
2025-08-29,Industrials,83.55,70670,296.13
2025-08-30,Industrials,79.82,62161,336.7
2025-08-31,Industrials,79.28,121848,267.98
2025-09-01,Industrials,80.43,41500,186.35
2025-09-02,Industrials,76.62,57145,138.1
2025-09-03,Industrials,82.69,69608,242.55
2025-09-04,Industrials,82.35,130434,287.98
2025-09-05,Industrials,80.5,53471,71.37
2025-09-06,Industrials,84.7,62501,108.09
2025-09-07,Industrials,77.99,44961,351.21
2025-09-08,Industrials,84.43,66640,205.17
2025-09-09,Industrials,82.26,39473,131.69
2025-09-10,Industrials,82.18,51684,181.24
2025-09-11,Industrials,82.2,116637,303.4
2025-09-12,Industrials,78.71,77933,254.73
2025-09-13,Industrials,80.41,49178,159.97
2025-09-14,Industrials,78.75,62498,99.36
2025-09-15,Industrials,78.29,56186,358.18
2025-09-16,Industrials,81.32,34556,197.07
2025-09-17,Industrials,77.98,44364,105.04
2025-09-18,Industrials,80.57,84986,380.96
2025-09-19,Industrials,79.91,78453,176.49
2025-09-20,Industrials,80.32,122498,144.75
2025-09-21,Industrials,77.55,37845,94.3
2025-09-22,Industrials,75.3,34327,190.16
2025-09-23,Industrials,78.17,60425,377.48
2025-09-24,Industrials,79.61,70364,159.15
2025-09-25,Industrials,79.38,59704,87.33
2025-09-26,Industrials,80.26,113961,160.8
2025-09-27,Industrials,81.79,36018,146.03
2025-09-28,Industrials,83.27,142818,84.29
2025-09-29,Industrials,77.0,53056,109.15
2025-09-30,Industrials,79.78,74800,258.83
2025-10-01,Industrials,77.5,32321,199.58
2025-10-02,Industrials,81.59,79547,382.02
2025-10-03,Industrials,79.28,53772,155.97
2025-10-04,Industrials,80.98,37792,121.63
2025-10-05,Industrials,80.0,80263,293.7
2025-10-06,Industrials,79.19,40126,77.13
2025-10-07,Industrials,77.57,50416,281.68
2025-10-08,Industrials,79.2,25274,342.31
2025-10-09,Industrials,77.57,83473,142.38
2025-10-10,Industrials,79.82,33392,81.64
2025-10-11,Industrials,79.94,90514,347.76
2025-10-12,Industrials,80.44,113911,131.25
2025-10-13,Industrials,76.24,46510,226.1
2025-10-14,Industrials,80.24,49566,226.3
2025-10-15,Industrials,79.24,117205,221.43
2025-10-16,Industrials,81.77,74382,367.74
2025-10-17,Industrials,79.66,75148,235.27
2025-10-18,Industrials,80.94,49882,261.7
2025-10-19,Industrials,81.27,70457,137.08
2025-10-20,Industrials,80.31,59235,380.7
2025-10-21,Industrials,80.65,90611,167.6
2025-10-22,Industrials,77.9,130092,311.13
2025-10-23,Industrials,81.83,39392,176.58
2025-10-24,Industrials,81.43,55324,163.44
2025-10-25,Industrials,77.52,46866,110.02
2025-10-26,Industrials,78.77,77139,104.38
2025-10-27,Industrials,79.79,70151,321.42
2025-10-28,Industrials,81.5,74378,297.44
2025-10-29,Industrials,81.59,45308,374.19
2025-10-30,Industrials,79.47,42418,104.39
2025-10-31,Industrials,79.64,43242,254.01
2025-11-01,Industrials,79.11,149620,381.13
2025-11-02,Industrials,78.92,63268,392.19
2025-11-03,Industrials,82.98,30315,115.58
2025-11-04,Industrials,79.62,79660,193.17
2025-11-05,Industrials,79.42,90905,394.36
2025-11-06,Industrials,78.82,51918,314.23
2025-11-07,Industrials,79.72,46128,182.86
2025-11-08,Industrials,80.14,91646,280.19
2025-11-09,Industrials,80.97,116254,279.48
2025-11-10,Industrials,78.9,101191,152.51
2025-11-11,Industrials,76.9,80094,192.66
2025-11-12,Industrials,84.41,119504,216.78
2025-11-13,Industrials,79.82,85108,364.35
2025-11-14,Industrials,83.43,78104,250.79
2025-11-15,Industrials,80.31,43862,126.71
2025-11-16,Industrials,80.97,83282,149.54
2025-11-17,Industrials,80.68,56101,230.69
2025-11-18,Industrials,81.24,74971,210.93
2025-11-19,Industrials,81.61,46596,368.2
2025-11-20,Industrials,80.45,103590,102.21
2025-11-21,Industrials,83.49,74733,166.47
2025-11-22,Industrials,82.2,30092,383.58
2025-11-23,Industrials,84.34,46843,159.91
2025-11-24,Industrials,81.1,81045,132.61
2025-11-25,Industrials,84.56,60482,111.49
2025-11-26,Industrials,83.1,31748,267.83
2025-11-27,Industrials,82.67,55268,243.41
2025-11-28,Industrials,83.42,65886,303.0
2025-11-29,Industrials,80.84,85387,350.62
2025-11-30,Industrials,83.93,52945,216.31
2025-12-01,Industrials,80.35,117301,227.05
2025-12-02,Industrials,83.06,87113,414.53
2025-12-03,Industrials,83.99,45809,363.13
2025-12-04,Industrials,84.48,63361,94.15
2025-12-05,Industrials,83.93,39721,126.56
2025-12-06,Industrials,83.85,39315,374.78
2025-12-07,Industrials,84.72,76574,84.72
2025-12-08,Industrials,84.05,60252,188.81
2025-12-09,Industrials,84.63,42992,103.72
2025-12-10,Industrials,87.89,51073,319.24
2025-12-11,Industrials,85.21,87893,373.64
2025-12-12,Industrials,83.82,83385,354.99
2025-12-13,Industrials,87.08,71894,432.35
2025-12-14,Industrials,83.09,42342,394.69
2025-12-15,Industrials,88.39,49165,395.34
2025-12-16,Industrials,86.15,128633,340.66
2025-12-17,Industrials,84.54,45897,286.23
2025-12-18,Industrials,84.85,67205,257.23
2025-12-19,Industrials,86.21,35455,113.98
2025-12-20,Industrials,84.06,60131,286.35
2025-12-21,Industrials,86.39,80219,399.03
2025-12-22,Industrials,87.59,43217,400.65
2025-12-23,Industrials,85.81,60639,309.44
2025-12-24,Industrials,87.55,84824,74.17
2025-12-25,Industrials,84.36,37641,365.42
2025-12-26,Industrials,85.49,36318,377.31
2025-12-27,Industrials,84.84,99745,133.57
2025-12-28,Industrials,83.55,33708,374.35
2025-12-29,Industrials,84.32,87550,73.81
2025-12-30,Industrials,87.39,25561,327.01
2025-12-31,Industrials,83.57,43121,159.09
2023-01-01,Real Estate,110.45,50750,404.27
2023-01-02,Real Estate,110.33,17506,122.7
2023-01-03,Real Estate,109.84,26033,128.57
2023-01-04,Real Estate,109.25,34721,141.49
2023-01-05,Real Estate,109.34,42565,237.23
2023-01-06,Real Estate,110.3,50617,239.6
2023-01-07,Real Estate,109.88,50051,542.56
2023-01-08,Real Estate,108.94,78482,409.98
2023-01-09,Real Estate,110.18,38997,344.74
2023-01-10,Real Estate,109.8,97691,426.53
2023-01-11,Real Estate,109.67,48398,454.85
2023-01-12,Real Estate,111.19,53756,306.32
2023-01-13,Real Estate,110.42,63732,201.01
2023-01-14,Real Estate,111.36,32115,359.61
2023-01-15,Real Estate,111.89,77542,478.27
2023-01-16,Real Estate,109.69,52873,201.15
2023-01-17,Real Estate,110.21,41098,397.23
2023-01-18,Real Estate,112.7,88934,454.52
2023-01-19,Real Estate,111.25,39452,335.51
2023-01-20,Real Estate,112.12,46260,439.39
2023-01-21,Real Estate,110.68,43507,291.79
2023-01-22,Real Estate,111.13,76205,521.0
2023-01-23,Real Estate,112.08,55437,177.88
2023-01-24,Real Estate,112.48,52192,490.25
2023-01-25,Real Estate,110.79,58876,252.15
2023-01-26,Real Estate,112.11,82380,99.99
2023-01-27,Real Estate,111.58,61027,118.24
2023-01-28,Real Estate,113.53,89668,229.34
2023-01-29,Real Estate,111.4,34049,208.35
2023-01-30,Real Estate,110.94,53528,202.2
2023-01-31,Real Estate,110.69,75892,486.82
2023-02-01,Real Estate,111.3,72406,382.92
2023-02-02,Real Estate,111.94,42054,309.18
2023-02-03,Real Estate,111.56,71698,215.43
2023-02-04,Real Estate,112.09,53758,390.08
2023-02-05,Real Estate,112.69,58779,368.39
2023-02-06,Real Estate,113.09,74400,416.74
2023-02-07,Real Estate,111.78,29328,535.37
2023-02-08,Real Estate,111.62,106268,101.42
2023-02-09,Real Estate,112.72,44777,540.59
2023-02-10,Real Estate,110.72,29993,445.51
2023-02-11,Real Estate,111.18,56911,238.52
2023-02-12,Real Estate,113.04,38490,551.6
2023-02-13,Real Estate,112.79,58897,109.51
2023-02-14,Real Estate,112.7,48822,332.59
2023-02-15,Real Estate,111.68,36365,165.85
2023-02-16,Real Estate,113.26,107388,264.17
2023-02-17,Real Estate,112.94,67497,103.19
2023-02-18,Real Estate,113.71,75570,367.46
2023-02-19,Real Estate,113.26,103333,420.48
2023-02-20,Real Estate,113.82,34404,147.38
2023-02-21,Real Estate,112.77,40444,311.51
2023-02-22,Real Estate,113.75,28362,282.66
2023-02-23,Real Estate,114.19,47430,455.65
2023-02-24,Real Estate,113.44,18824,446.61
2023-02-25,Real Estate,114.09,64932,455.31
2023-02-26,Real Estate,112.29,85488,525.78
2023-02-27,Real Estate,113.6,70845,507.03
2023-02-28,Real Estate,112.22,92062,144.55
2023-03-01,Real Estate,113.08,22296,111.39
2023-03-02,Real Estate,114.06,40160,357.12
2023-03-03,Real Estate,113.24,51038,138.54
2023-03-04,Real Estate,113.15,39490,446.59
2023-03-05,Real Estate,114.16,78221,485.89
2023-03-06,Real Estate,113.49,55986,538.52
2023-03-07,Real Estate,114.2,54341,526.69
2023-03-08,Real Estate,114.79,59593,248.34
2023-03-09,Real Estate,115.31,47001,457.33
2023-03-10,Real Estate,113.86,43568,231.35
2023-03-11,Real Estate,114.5,49074,480.39
2023-03-12,Real Estate,113.88,107263,199.62
2023-03-13,Real Estate,113.68,59454,545.86
2023-03-14,Real Estate,114.17,37732,503.97
2023-03-15,Real Estate,114.25,68276,518.76
2023-03-16,Real Estate,113.99,79422,289.51
2023-03-17,Real Estate,112.98,46363,357.36
2023-03-18,Real Estate,113.2,57891,173.72
2023-03-19,Real Estate,114.33,42165,120.19
2023-03-20,Real Estate,115.24,46096,267.79
2023-03-21,Real Estate,114.58,37603,402.67
2023-03-22,Real Estate,114.22,103262,521.33
2023-03-23,Real Estate,114.34,63218,525.73
2023-03-24,Real Estate,115.06,67831,409.96
2023-03-25,Real Estate,113.91,68023,485.8
2023-03-26,Real Estate,113.54,31584,338.4
2023-03-27,Real Estate,113.96,49739,446.43
2023-03-28,Real Estate,115.63,70609,328.15
2023-03-29,Real Estate,115.07,50127,512.16
2023-03-30,Real Estate,115.46,63805,354.35
2023-03-31,Real Estate,114.4,51245,100.99
2023-04-01,Real Estate,115.1,51707,548.05
2023-04-02,Real Estate,113.56,49638,323.65
2023-04-03,Real Estate,114.56,45963,506.93
2023-04-04,Real Estate,115.51,128631,316.91
2023-04-05,Real Estate,116.16,45481,231.1
2023-04-06,Real Estate,113.4,43958,505.87
2023-04-07,Real Estate,112.79,60658,140.37
2023-04-08,Real Estate,114.13,83968,257.89
2023-04-09,Real Estate,113.83,79151,106.24
2023-04-10,Real Estate,112.81,85776,478.13
2023-04-11,Real Estate,113.54,38908,325.8
2023-04-12,Real Estate,113.9,93393,171.07
2023-04-13,Real Estate,114.25,65287,290.52
2023-04-14,Real Estate,115.47,55830,199.21
2023-04-15,Real Estate,115.25,45889,265.56
2023-04-16,Real Estate,114.89,34677,125.5
2023-04-17,Real Estate,113.89,62371,214.04
2023-04-18,Real Estate,113.95,27919,431.26
2023-04-19,Real Estate,114.41,73256,219.15
2023-04-20,Real Estate,114.47,80182,166.55
2023-04-21,Real Estate,113.33,34244,210.6
2023-04-22,Real Estate,116.09,43419,131.73
2023-04-23,Real Estate,113.85,123758,308.83
2023-04-24,Real Estate,114.3,87956,336.54
2023-04-25,Real Estate,113.26,34822,342.72
2023-04-26,Real Estate,113.14,79747,460.48
2023-04-27,Real Estate,113.91,134564,284.8
2023-04-28,Real Estate,114.72,41309,99.91
2023-04-29,Real Estate,113.7,39027,185.36
2023-04-30,Real Estate,114.74,80519,497.16
2023-05-01,Real Estate,114.99,54702,319.26
2023-05-02,Real Estate,113.13,79077,294.57
2023-05-03,Real Estate,113.06,45057,189.79
2023-05-04,Real Estate,114.14,75063,356.89
2023-05-05,Real Estate,114.79,109731,494.81
2023-05-06,Real Estate,115.52,96660,543.59
2023-05-07,Real Estate,114.33,34276,230.43
2023-05-08,Real Estate,114.42,44841,116.91
2023-05-09,Real Estate,114.11,41553,470.46
2023-05-10,Real Estate,114.3,68474,142.94
2023-05-11,Real Estate,114.79,70683,556.12
2023-05-12,Real Estate,114.28,87866,143.14
2023-05-13,Real Estate,113.05,75894,522.88
2023-05-14,Real Estate,113.39,67883,113.56
2023-05-15,Real Estate,114.34,33500,96.47
2023-05-16,Real Estate,112.51,45992,407.07
2023-05-17,Real Estate,112.8,56109,394.25
2023-05-18,Real Estate,112.9,84757,298.7
2023-05-19,Real Estate,112.48,35303,532.51
2023-05-20,Real Estate,113.85,113266,162.49
2023-05-21,Real Estate,114.97,60282,201.06
2023-05-22,Real Estate,113.05,43085,349.38
2023-05-23,Real Estate,112.14,37310,312.6
2023-05-24,Real Estate,111.99,60020,445.55
2023-05-25,Real Estate,113.04,100010,429.12
2023-05-26,Real Estate,112.75,111864,456.09
2023-05-27,Real Estate,114.18,43804,272.23
2023-05-28,Real Estate,113.19,58123,100.15
2023-05-29,Real Estate,113.84,33048,222.97
2023-05-30,Real Estate,111.55,53728,331.45
2023-05-31,Real Estate,113.38,26245,158.98
2023-06-01,Real Estate,114.51,52467,329.61
2023-06-02,Real Estate,111.47,39417,375.53
2023-06-03,Real Estate,113.15,46980,218.44
2023-06-04,Real Estate,113.16,59907,185.35
2023-06-05,Real Estate,114.52,43976,539.6
2023-06-06,Real Estate,113.34,68250,485.28
2023-06-07,Real Estate,111.18,45578,132.01
2023-06-08,Real Estate,112.36,78618,344.54
2023-06-09,Real Estate,113.98,59296,166.84
2023-06-10,Real Estate,110.71,30116,294.57
2023-06-11,Real Estate,111.69,87021,540.12
2023-06-12,Real Estate,112.28,50523,448.62
2023-06-13,Real Estate,113.07,87375,344.11
2023-06-14,Real Estate,111.93,62733,472.47
2023-06-15,Real Estate,111.4,114914,447.78
2023-06-16,Real Estate,113.5,57066,477.61
2023-06-17,Real Estate,111.45,70601,213.54
2023-06-18,Real Estate,112.3,72803,363.79
2023-06-19,Real Estate,111.3,86604,314.63
2023-06-20,Real Estate,111.19,55725,478.64
2023-06-21,Real Estate,110.9,124727,512.92
2023-06-22,Real Estate,110.77,44581,545.1
2023-06-23,Real Estate,112.65,108991,99.78
2023-06-24,Real Estate,111.83,35730,504.57
2023-06-25,Real Estate,111.53,34654,372.12
2023-06-26,Real Estate,112.12,51631,419.42
2023-06-27,Real Estate,110.51,67639,344.02
2023-06-28,Real Estate,112.76,96571,197.59
2023-06-29,Real Estate,110.37,56372,129.26
2023-06-30,Real Estate,109.34,103381,232.51
2023-07-01,Real Estate,110.69,34998,413.08
2023-07-02,Real Estate,111.48,86677,154.37
2023-07-03,Real Estate,110.44,44937,232.53
2023-07-04,Real Estate,110.5,61509,202.74
2023-07-05,Real Estate,110.98,60710,287.19
2023-07-06,Real Estate,111.93,47616,540.72
2023-07-07,Real Estate,109.09,44101,516.05
2023-07-08,Real Estate,109.9,96755,161.2
2023-07-09,Real Estate,112.16,63856,531.92
2023-07-10,Real Estate,111.44,70376,448.22
2023-07-11,Real Estate,112.2,131277,553.59
2023-07-12,Real Estate,110.56,47735,333.31
2023-07-13,Real Estate,109.68,82009,525.72
2023-07-14,Real Estate,110.68,109366,286.24
2023-07-15,Real Estate,110.81,74198,396.78
2023-07-16,Real Estate,108.76,66567,420.41
2023-07-17,Real Estate,111.46,59637,430.82
2023-07-18,Real Estate,109.03,41991,178.85
2023-07-19,Real Estate,110.08,102748,377.11
2023-07-20,Real Estate,109.5,25740,320.91
2023-07-21,Real Estate,110.0,64891,308.12
2023-07-22,Real Estate,109.67,76660,191.97
2023-07-23,Real Estate,108.55,59100,254.78
2023-07-24,Real Estate,109.3,27238,152.6
2023-07-25,Real Estate,110.26,68979,171.74
2023-07-26,Real Estate,108.95,75105,370.52
2023-07-27,Real Estate,108.92,48573,220.66
2023-07-28,Real Estate,109.49,102367,424.95
2023-07-29,Real Estate,109.04,118273,414.19
2023-07-30,Real Estate,110.07,58689,378.79
2023-07-31,Real Estate,110.77,80567,156.78
2023-08-01,Real Estate,109.72,44232,402.53
2023-08-02,Real Estate,108.56,45725,171.77
2023-08-03,Real Estate,109.07,139943,224.8
2023-08-04,Real Estate,109.13,78120,522.37
2023-08-05,Real Estate,109.39,62778,476.51
2023-08-06,Real Estate,110.0,47930,213.42
2023-08-07,Real Estate,110.44,46457,438.79
2023-08-08,Real Estate,109.44,31054,211.42
2023-08-09,Real Estate,87.54,21686,254.53
2023-08-10,Real Estate,108.61,32105,295.41
2023-08-11,Real Estate,107.55,35032,289.12
2023-08-12,Real Estate,108.49,62534,522.0
2023-08-13,Real Estate,107.3,65601,226.51
2023-08-14,Real Estate,107.83,45048,153.13
2023-08-15,Real Estate,107.25,73780,213.98
2023-08-16,Real Estate,108.61,118762,187.85
2023-08-17,Real Estate,109.07,26093,103.92
2023-08-18,Real Estate,109.15,86868,475.11
2023-08-19,Real Estate,107.75,61300,295.16
2023-08-20,Real Estate,108.55,41524,178.25
2023-08-21,Real Estate,110.36,85801,410.95
2023-08-22,Real Estate,108.0,36404,249.55
2023-08-23,Real Estate,108.8,44180,206.07
2023-08-24,Real Estate,107.5,48934,361.69
2023-08-25,Real Estate,108.19,99363,366.53
2023-08-26,Real Estate,108.12,23611,519.51
2023-08-27,Real Estate,108.23,54770,114.01
2023-08-28,Real Estate,107.71,40150,321.12
2023-08-29,Real Estate,108.5,32653,515.39
2023-08-30,Real Estate,109.25,52413,515.73
2023-08-31,Real Estate,109.14,125240,447.82
2023-09-01,Real Estate,107.73,72703,101.73
2023-09-02,Real Estate,108.93,51307,333.52
2023-09-03,Real Estate,108.75,73168,172.11
2023-09-04,Real Estate,107.73,62998,492.62
2023-09-05,Real Estate,107.24,101419,291.74
2023-09-06,Real Estate,108.01,53240,486.68
2023-09-07,Real Estate,109.7,72103,234.69
2023-09-08,Real Estate,108.59,55853,200.2
2023-09-09,Real Estate,106.95,66293,106.78
2023-09-10,Real Estate,107.17,102530,465.14
2023-09-11,Real Estate,107.0,35562,309.55
2023-09-12,Real Estate,105.51,76868,307.92
2023-09-13,Real Estate,107.82,53279,212.71
2023-09-14,Real Estate,109.15,129312,539.13
2023-09-15,Real Estate,109.37,66232,224.83
2023-09-16,Real Estate,108.22,31111,377.95
2023-09-17,Real Estate,106.9,67756,411.72
2023-09-18,Real Estate,106.7,91764,282.63
2023-09-19,Real Estate,108.24,54781,252.45
2023-09-20,Real Estate,108.44,44328,324.14
2023-09-21,Real Estate,107.42,42149,213.81
2023-09-22,Real Estate,107.48,30682,169.12
2023-09-23,Real Estate,109.04,80242,433.99
2023-09-24,Real Estate,106.76,76869,261.93
2023-09-25,Real Estate,107.6,134032,441.73
2023-09-26,Real Estate,109.23,70864,418.29
2023-09-27,Real Estate,108.88,51402,249.39
2023-09-28,Real Estate,108.15,48728,535.08
2023-09-29,Real Estate,109.03,40023,379.18
2023-09-30,Real Estate,107.05,70843,314.55
2023-10-01,Real Estate,106.93,27717,229.66
2023-10-02,Real Estate,108.62,41947,229.67
2023-10-03,Real Estate,106.6,76215,220.57
2023-10-04,Real Estate,107.28,88772,324.66
2023-10-05,Real Estate,107.98,51370,435.82
2023-10-06,Real Estate,108.77,52150,130.27
2023-10-07,Real Estate,108.4,40805,130.05
2023-10-08,Real Estate,108.01,69591,399.1
2023-10-09,Real Estate,108.2,49179,285.98
2023-10-10,Real Estate,108.17,110721,273.87
2023-10-11,Real Estate,107.39,82290,222.01
2023-10-12,Real Estate,107.76,111255,462.62
2023-10-13,Real Estate,107.5,68007,142.9
2023-10-14,Real Estate,107.87,61126,405.64
2023-10-15,Real Estate,105.61,42943,113.86
2023-10-16,Real Estate,107.8,77162,484.35
2023-10-17,Real Estate,108.2,96693,233.75
2023-10-18,Real Estate,107.79,60591,393.01
2023-10-19,Real Estate,108.96,88798,414.83
2023-10-20,Real Estate,108.65,113812,457.01
2023-10-21,Real Estate,107.69,31954,406.14
2023-10-22,Real Estate,107.58,74873,392.11
2023-10-23,Real Estate,107.52,36188,355.64
2023-10-24,Real Estate,108.58,41912,305.45
2023-10-25,Real Estate,108.33,43479,518.72
2023-10-26,Real Estate,107.42,60460,437.54
2023-10-27,Real Estate,108.02,36859,95.71
2023-10-28,Real Estate,108.91,72489,265.43
2023-10-29,Real Estate,109.73,68051,238.64
2023-10-30,Real Estate,109.44,45074,132.58
2023-10-31,Real Estate,108.49,56202,239.74
2023-11-01,Real Estate,107.38,52016,277.4
2023-11-02,Real Estate,109.35,39161,465.12
2023-11-03,Real Estate,107.86,69915,492.03
2023-11-04,Real Estate,108.38,101689,495.73
2023-11-05,Real Estate,110.53,70052,307.11
2023-11-06,Real Estate,108.4,48498,422.33
2023-11-07,Real Estate,108.16,67912,214.1
2023-11-08,Real Estate,109.16,35907,320.23
2023-11-09,Real Estate,107.4,49146,278.72
2023-11-10,Real Estate,107.67,32319,162.28
2023-11-11,Real Estate,110.21,91409,480.38
2023-11-12,Real Estate,108.78,57528,432.84
2023-11-13,Real Estate,109.12,29668,439.03
2023-11-14,Real Estate,108.4,65548,263.58
2023-11-15,Real Estate,109.42,38856,390.61
2023-11-16,Real Estate,108.99,87864,436.67
2023-11-17,Real Estate,109.88,44448,306.02
2023-11-18,Real Estate,108.2,78178,387.61
2023-11-19,Real Estate,109.58,48399,109.99
2023-11-20,Real Estate,107.95,40998,373.34
2023-11-21,Real Estate,109.28,73814,490.66
2023-11-22,Real Estate,110.46,54826,315.55
2023-11-23,Real Estate,110.21,34451,180.15
2023-11-24,Real Estate,109.76,75878,427.31
2023-11-25,Real Estate,110.57,74497,527.74
2023-11-26,Real Estate,108.81,75420,450.37
2023-11-27,Real Estate,109.51,56330,497.04
2023-11-28,Real Estate,108.9,50829,377.85
2023-11-29,Real Estate,111.07,60454,211.8
2023-11-30,Real Estate,109.25,62162,266.21
2023-12-01,Real Estate,109.71,46845,357.8
2023-12-02,Real Estate,109.87,84245,254.04
2023-12-03,Real Estate,109.37,91369,470.15
2023-12-04,Real Estate,110.81,74578,416.13
2023-12-05,Real Estate,110.31,93292,266.65
2023-12-06,Real Estate,110.43,72342,228.78
2023-12-07,Real Estate,110.75,70058,426.92
2023-12-08,Real Estate,111.99,51786,213.06
2023-12-09,Real Estate,109.26,109339,488.54
2023-12-10,Real Estate,110.04,55078,344.55
2023-12-11,Real Estate,109.43,55043,215.65
2023-12-12,Real Estate,110.12,113879,126.05
2023-12-13,Real Estate,109.7,84728,229.87
2023-12-14,Real Estate,110.41,24798,467.39
2023-12-15,Real Estate,112.17,92561,264.23
2023-12-16,Real Estate,111.1,34186,458.33
2023-12-17,Real Estate,111.11,60788,95.84
2023-12-18,Real Estate,110.95,77331,281.2
2023-12-19,Real Estate,110.84,116432,325.82
2023-12-20,Real Estate,110.41,46247,104.93
2023-12-21,Real Estate,110.71,56878,356.15
2023-12-22,Real Estate,110.19,86818,415.78
2023-12-23,Real Estate,110.79,69106,529.07
2023-12-24,Real Estate,111.01,103610,321.04
2023-12-25,Real Estate,110.63,32991,117.71
2023-12-26,Real Estate,112.22,99224,326.96
2023-12-27,Real Estate,111.14,33228,451.41
2023-12-28,Real Estate,112.13,78629,267.55
2023-12-29,Real Estate,113.01,54001,115.05
2023-12-30,Real Estate,112.65,169577,493.02
2023-12-31,Real Estate,110.46,79725,253.91
2024-01-01,Real Estate,111.5,57051,381.27
2024-01-02,Real Estate,113.25,105588,539.38
2024-01-03,Real Estate,112.11,91926,236.53
2024-01-04,Real Estate,113.42,66600,349.42
2024-01-05,Real Estate,113.11,156515,478.18
2024-01-06,Real Estate,112.65,109603,99.35
2024-01-07,Real Estate,112.59,37741,525.09
2024-01-08,Real Estate,114.65,75022,386.32
2024-01-09,Real Estate,113.46,58206,268.5
2024-01-10,Real Estate,111.65,69011,132.48
2024-01-11,Real Estate,112.67,55701,338.02
2024-01-12,Real Estate,113.96,78144,265.15
2024-01-13,Real Estate,113.79,62366,211.66
2024-01-14,Real Estate,111.38,64341,453.44
2024-01-15,Real Estate,113.23,89056,179.55
2024-01-16,Real Estate,115.26,80375,148.79
2024-01-17,Real Estate,114.04,73125,172.26
2024-01-18,Real Estate,113.24,49905,489.73
2024-01-19,Real Estate,114.03,121235,143.95
2024-01-20,Real Estate,112.88,71758,153.32
2024-01-21,Real Estate,113.58,76417,369.26
2024-01-22,Real Estate,113.15,72009,372.22
2024-01-23,Real Estate,112.3,92701,466.93
2024-01-24,Real Estate,114.48,88475,187.44
2024-01-25,Real Estate,114.38,48565,337.56
2024-01-26,Real Estate,113.41,107573,414.38
2024-01-27,Real Estate,112.91,164228,166.7
2024-01-28,Real Estate,114.69,42943,564.39
2024-01-29,Real Estate,113.1,61085,379.58
2024-01-30,Real Estate,114.75,79126,174.75
2024-01-31,Real Estate,114.55,52184,207.27
2024-02-01,Real Estate,113.85,75457,198.26
2024-02-02,Real Estate,113.26,30092,335.46
2024-02-03,Real Estate,114.83,57876,540.88
2024-02-04,Real Estate,116.35,76339,460.96
2024-02-05,Real Estate,114.13,50600,317.66
2024-02-06,Real Estate,115.25,51238,454.82
2024-02-07,Real Estate,115.48,129593,417.87
2024-02-08,Real Estate,115.92,24621,222.9
2024-02-09,Real Estate,115.31,76172,267.59
2024-02-10,Real Estate,113.27,42420,435.72
2024-02-11,Real Estate,115.3,64757,389.82
2024-02-12,Real Estate,115.96,95068,467.87
2024-02-13,Real Estate,114.41,69691,263.75
2024-02-14,Real Estate,115.77,50453,418.98
2024-02-15,Real Estate,114.43,54023,142.33
2024-02-16,Real Estate,116.55,59888,190.16
2024-02-17,Real Estate,115.9,48133,538.5
2024-02-18,Real Estate,116.12,84721,110.39
2024-02-19,Real Estate,114.47,45550,308.29
2024-02-20,Real Estate,116.78,62321,360.7
2024-02-21,Real Estate,115.34,95804,345.01
2024-02-22,Real Estate,115.98,174618,201.75
2024-02-23,Real Estate,114.66,50620,387.72
2024-02-24,Real Estate,114.53,76383,470.36
2024-02-25,Real Estate,116.45,69589,360.85
2024-02-26,Real Estate,116.07,82925,433.89
2024-02-27,Real Estate,116.83,82662,272.64
2024-02-28,Real Estate,116.59,60327,340.4
2024-02-29,Real Estate,116.6,63720,143.15
2024-03-01,Real Estate,115.18,29720,348.04
2024-03-02,Real Estate,115.43,52905,537.47
2024-03-03,Real Estate,114.69,89993,329.42
2024-03-04,Real Estate,116.88,121507,400.69
2024-03-05,Real Estate,116.44,75230,221.79
2024-03-06,Real Estate,115.19,62824,474.91
2024-03-07,Real Estate,115.82,55402,214.61
2024-03-08,Real Estate,116.06,48945,479.35
2024-03-09,Real Estate,114.47,55387,99.93
2024-03-10,Real Estate,115.81,67252,367.88
2024-03-11,Real Estate,115.9,54780,166.68
2024-03-12,Real Estate,116.37,49966,573.25
2024-03-13,Real Estate,115.93,77506,244.24
2024-03-14,Real Estate,94.48,29097,205.05
2024-03-15,Real Estate,116.77,29475,329.8
2024-03-16,Real Estate,117.73,58063,250.99
2024-03-17,Real Estate,116.13,66661,102.67
2024-03-18,Real Estate,116.56,49592,565.33
2024-03-19,Real Estate,116.83,81577,252.86
2024-03-20,Real Estate,116.26,23880,375.0
2024-03-21,Real Estate,117.19,57747,372.07
2024-03-22,Real Estate,115.75,69403,530.49
2024-03-23,Real Estate,115.77,75970,547.13
2024-03-24,Real Estate,115.65,48485,316.58
2024-03-25,Real Estate,115.19,47785,501.26
2024-03-26,Real Estate,116.31,57913,181.4
2024-03-27,Real Estate,116.41,39535,561.25
2024-03-28,Real Estate,116.6,48220,430.61
2024-03-29,Real Estate,116.81,43331,559.54
2024-03-30,Real Estate,116.17,67434,449.9
2024-03-31,Real Estate,116.49,33475,494.34
2024-04-01,Real Estate,118.06,78824,589.54
2024-04-02,Real Estate,117.37,31633,149.14
2024-04-03,Real Estate,114.96,85475,361.71
2024-04-04,Real Estate,115.79,62750,487.52
2024-04-05,Real Estate,116.24,28384,514.19
2024-04-06,Real Estate,116.09,67073,498.58
2024-04-07,Real Estate,116.57,114570,327.65
2024-04-08,Real Estate,117.3,68903,317.8
2024-04-09,Real Estate,116.88,41239,168.61
2024-04-10,Real Estate,115.92,58402,509.06
2024-04-11,Real Estate,116.09,105239,416.11
2024-04-12,Real Estate,117.27,89959,498.38
2024-04-13,Real Estate,114.64,68346,375.88
2024-04-14,Real Estate,115.38,96998,362.76
2024-04-15,Real Estate,117.19,76653,214.61
2024-04-16,Real Estate,117.36,46817,286.99
2024-04-17,Real Estate,118.36,74250,548.52
2024-04-18,Real Estate,116.83,48700,244.74
2024-04-19,Real Estate,116.55,94871,93.44
2024-04-20,Real Estate,116.38,46179,475.49
2024-04-21,Real Estate,117.06,58068,298.1
2024-04-22,Real Estate,116.07,86771,412.91
2024-04-23,Real Estate,115.7,53071,475.4
2024-04-24,Real Estate,115.81,119441,292.48
2024-04-25,Real Estate,117.08,66543,344.99
2024-04-26,Real Estate,115.81,119435,217.92
2024-04-27,Real Estate,115.24,52771,377.06
2024-04-28,Real Estate,116.36,34379,176.78
2024-04-29,Real Estate,116.54,45423,110.48
2024-04-30,Real Estate,117.72,36754,210.84
2024-05-01,Real Estate,117.04,61038,333.27
2024-05-02,Real Estate,117.24,54878,372.58
2024-05-03,Real Estate,115.56,109066,263.14
2024-05-04,Real Estate,117.76,77365,300.26
2024-05-05,Real Estate,116.77,65713,438.68
2024-05-06,Real Estate,116.79,144118,154.08
2024-05-07,Real Estate,115.13,58644,404.33
2024-05-08,Real Estate,115.75,60597,147.7
2024-05-09,Real Estate,115.01,40633,398.89
2024-05-10,Real Estate,115.21,72833,479.51
2024-05-11,Real Estate,116.07,31983,262.77
2024-05-12,Real Estate,114.63,28351,506.4
2024-05-13,Real Estate,115.83,55527,177.23
2024-05-14,Real Estate,115.92,44224,268.59
2024-05-15,Real Estate,115.62,54401,105.62
2024-05-16,Real Estate,115.89,65664,487.14
2024-05-17,Real Estate,116.81,42655,211.85
2024-05-18,Real Estate,116.51,45640,434.89
2024-05-19,Real Estate,116.29,59247,199.57
2024-05-20,Real Estate,117.84,64933,374.87
2024-05-21,Real Estate,116.45,21726,337.63
2024-05-22,Real Estate,116.49,43490,492.53
2024-05-23,Real Estate,115.51,50345,133.8
2024-05-24,Real Estate,114.55,112183,340.1
2024-05-25,Real Estate,116.55,40652,484.63
2024-05-26,Real Estate,114.55,71649,280.02
2024-05-27,Real Estate,116.23,58194,391.74
2024-05-28,Real Estate,114.72,54123,379.47
2024-05-29,Real Estate,113.78,33598,105.21
2024-05-30,Real Estate,116.17,47208,294.11
2024-05-31,Real Estate,115.13,64968,501.27
2024-06-01,Real Estate,115.07,65958,135.71
2024-06-02,Real Estate,115.98,43610,314.72
2024-06-03,Real Estate,115.99,64861,431.22
2024-06-04,Real Estate,115.53,84226,204.82
2024-06-05,Real Estate,115.07,162186,204.14
2024-06-06,Real Estate,113.86,85130,267.51
2024-06-07,Real Estate,114.31,66591,187.71
2024-06-08,Real Estate,114.68,54344,444.4
2024-06-09,Real Estate,114.49,138524,552.74
2024-06-10,Real Estate,115.2,40636,429.77
2024-06-11,Real Estate,114.04,39300,384.72
2024-06-12,Real Estate,116.01,80536,491.29
2024-06-13,Real Estate,113.97,70995,396.82
2024-06-14,Real Estate,113.55,59607,463.54
2024-06-15,Real Estate,114.16,52552,384.84
2024-06-16,Real Estate,113.95,158793,379.15
2024-06-17,Real Estate,114.92,133678,267.88
2024-06-18,Real Estate,113.79,40087,417.59
2024-06-19,Real Estate,114.41,59577,340.39
2024-06-20,Real Estate,114.74,86595,347.32
2024-06-21,Real Estate,112.4,137740,195.37
2024-06-22,Real Estate,114.27,74619,366.1
2024-06-23,Real Estate,115.38,43287,506.3
2024-06-24,Real Estate,113.79,38653,213.34
2024-06-25,Real Estate,112.97,86779,174.66
2024-06-26,Real Estate,115.08,33053,129.78
2024-06-27,Real Estate,114.03,93097,506.76
2024-06-28,Real Estate,114.49,62241,552.31
2024-06-29,Real Estate,113.9,68352,192.55
2024-06-30,Real Estate,113.79,71927,254.0
2024-07-01,Real Estate,113.28,131524,157.92
2024-07-02,Real Estate,112.67,95757,452.91
2024-07-03,Real Estate,112.74,73506,370.1
2024-07-04,Real Estate,112.7,71785,502.09
2024-07-05,Real Estate,113.19,78233,213.06
2024-07-06,Real Estate,112.49,43955,365.53
2024-07-07,Real Estate,114.41,117429,393.36
2024-07-08,Real Estate,112.9,69381,335.24
2024-07-09,Real Estate,111.56,61055,103.13
2024-07-10,Real Estate,112.55,127596,315.57
2024-07-11,Real Estate,112.44,128653,462.86
2024-07-12,Real Estate,112.35,75415,192.63
2024-07-13,Real Estate,114.35,56504,145.76
2024-07-14,Real Estate,114.23,84300,466.71
2024-07-15,Real Estate,112.69,70939,497.34
2024-07-16,Real Estate,113.87,69309,286.8
2024-07-17,Real Estate,111.34,84429,553.11
2024-07-18,Real Estate,113.32,68319,401.1
2024-07-19,Real Estate,111.95,82237,367.27
2024-07-20,Real Estate,111.33,70502,223.09
2024-07-21,Real Estate,112.64,61758,197.59
2024-07-22,Real Estate,113.32,52131,203.21
2024-07-23,Real Estate,111.38,44836,465.58
2024-07-24,Real Estate,113.24,76337,213.17
2024-07-25,Real Estate,112.56,70910,125.23
2024-07-26,Real Estate,111.89,41108,473.03
2024-07-27,Real Estate,111.14,71896,222.26
2024-07-28,Real Estate,111.56,45882,202.36
2024-07-29,Real Estate,111.75,98805,282.97
2024-07-30,Real Estate,111.94,125792,523.2
2024-07-31,Real Estate,112.25,216674,202.35
2024-08-01,Real Estate,112.01,65789,255.84
2024-08-02,Real Estate,111.81,50870,115.28
2024-08-03,Real Estate,111.43,138121,141.06
2024-08-04,Real Estate,111.2,64069,234.36
2024-08-05,Real Estate,111.66,53532,233.14
2024-08-06,Real Estate,111.16,58436,259.69
2024-08-07,Real Estate,112.2,106115,463.4
2024-08-08,Real Estate,110.28,125160,143.62
2024-08-09,Real Estate,111.96,81033,495.25
2024-08-10,Real Estate,110.69,165018,266.49
2024-08-11,Real Estate,110.54,66030,549.67
2024-08-12,Real Estate,111.52,121226,109.72
2024-08-13,Real Estate,110.52,67364,173.78
2024-08-14,Real Estate,109.71,62262,339.01
2024-08-15,Real Estate,111.48,50017,247.72
2024-08-16,Real Estate,109.78,126907,410.2
2024-08-17,Real Estate,110.06,42512,537.44
2024-08-18,Real Estate,110.34,101366,91.1
2024-08-19,Real Estate,110.85,33557,361.16
2024-08-20,Real Estate,110.28,101119,458.8
2024-08-21,Real Estate,109.65,40673,517.9
2024-08-22,Real Estate,109.91,60042,187.29
2024-08-23,Real Estate,110.9,56417,413.68
2024-08-24,Real Estate,110.65,39328,354.58
2024-08-25,Real Estate,110.5,55663,333.01
2024-08-26,Real Estate,109.79,106973,538.37
2024-08-27,Real Estate,111.72,37315,146.51
2024-08-28,Real Estate,111.05,71119,162.62
2024-08-29,Real Estate,110.79,55742,469.68
2024-08-30,Real Estate,110.75,56802,108.73
2024-08-31,Real Estate,109.9,73214,300.17
2024-09-01,Real Estate,108.76,82094,164.96
2024-09-02,Real Estate,110.47,51667,408.35
2024-09-03,Real Estate,111.1,67099,92.78
2024-09-04,Real Estate,111.73,92525,412.86
2024-09-05,Real Estate,109.53,50201,200.41
2024-09-06,Real Estate,109.78,17639,363.74
2024-09-07,Real Estate,109.76,116849,124.77
2024-09-08,Real Estate,109.15,94338,261.51
2024-09-09,Real Estate,111.86,86615,495.05
2024-09-10,Real Estate,110.81,36575,343.64
2024-09-11,Real Estate,108.93,70571,465.59
2024-09-12,Real Estate,110.01,37977,320.94
2024-09-13,Real Estate,110.94,74463,190.43
2024-09-14,Real Estate,110.93,82851,238.99
2024-09-15,Real Estate,111.26,51845,521.7
2024-09-16,Real Estate,109.18,114110,350.16
2024-09-17,Real Estate,108.85,35739,299.04
2024-09-18,Real Estate,109.6,106828,300.03
2024-09-19,Real Estate,109.69,35868,144.74
2024-09-20,Real Estate,109.33,42011,276.06
2024-09-21,Real Estate,110.32,45500,369.23
2024-09-22,Real Estate,107.62,195375,375.03
2024-09-23,Real Estate,108.31,32936,362.42
2024-09-24,Real Estate,110.82,38329,441.27
2024-09-25,Real Estate,110.72,71572,249.05
2024-09-26,Real Estate,109.63,77455,177.19
2024-09-27,Real Estate,109.95,82215,407.51
2024-09-28,Real Estate,111.47,37597,467.1
2024-09-29,Real Estate,110.27,65538,135.4
2024-09-30,Real Estate,110.31,78417,405.34
2024-10-01,Real Estate,110.56,36106,411.52
2024-10-02,Real Estate,109.1,53319,500.17
2024-10-03,Real Estate,110.32,66162,391.77
2024-10-04,Real Estate,110.47,73632,344.99
2024-10-05,Real Estate,110.62,58583,386.46
2024-10-06,Real Estate,111.54,34831,381.85
2024-10-07,Real Estate,108.41,63296,500.34
2024-10-08,Real Estate,110.56,63227,302.85
2024-10-09,Real Estate,109.75,71229,302.72
2024-10-10,Real Estate,109.37,33555,178.44
2024-10-11,Real Estate,111.27,46969,251.02
2024-10-12,Real Estate,110.36,44954,489.46
2024-10-13,Real Estate,109.76,84127,159.76
2024-10-14,Real Estate,110.32,60391,151.63
2024-10-15,Real Estate,108.97,58195,349.51
2024-10-16,Real Estate,109.65,148931,359.17
2024-10-17,Real Estate,109.59,105704,474.17
2024-10-18,Real Estate,110.55,37577,414.74
2024-10-19,Real Estate,111.22,102828,331.73
2024-10-20,Real Estate,112.19,66648,107.14
2024-10-21,Real Estate,109.8,44080,522.91
2024-10-22,Real Estate,110.83,32992,305.45
2024-10-23,Real Estate,109.5,60271,265.59
2024-10-24,Real Estate,111.34,52906,543.67
2024-10-25,Real Estate,112.32,71180,398.48
2024-10-26,Real Estate,110.29,44665,139.49
2024-10-27,Real Estate,109.69,78085,484.84
2024-10-28,Real Estate,109.95,68342,269.73
2024-10-29,Real Estate,109.55,38246,429.26
2024-10-30,Real Estate,110.73,38405,543.39
2024-10-31,Real Estate,111.9,30504,189.67
2024-11-01,Real Estate,109.7,97640,264.53
2024-11-02,Real Estate,111.89,98127,420.68
2024-11-03,Real Estate,110.01,57457,201.68
2024-11-04,Real Estate,111.15,52855,132.57
2024-11-05,Real Estate,111.56,87778,205.18
2024-11-06,Real Estate,110.96,37309,176.57
2024-11-07,Real Estate,111.63,61750,295.57
2024-11-08,Real Estate,111.96,74688,499.55
2024-11-09,Real Estate,112.44,61251,326.66
2024-11-10,Real Estate,112.76,109624,479.95
2024-11-11,Real Estate,111.99,88809,109.06
2024-11-12,Real Estate,112.6,54467,198.6
2024-11-13,Real Estate,112.67,68678,383.0
2024-11-14,Real Estate,112.19,86370,292.8
2024-11-15,Real Estate,112.19,62970,473.59
2024-11-16,Real Estate,112.63,168574,208.78
2024-11-17,Real Estate,114.16,71017,533.71
2024-11-18,Real Estate,112.84,170160,117.79
2024-11-19,Real Estate,111.44,80269,373.45
2024-11-20,Real Estate,112.54,164018,222.67
2024-11-21,Real Estate,113.26,62889,187.6
2024-11-22,Real Estate,112.18,46235,148.81
2024-11-23,Real Estate,111.01,77192,231.56
2024-11-24,Real Estate,112.55,57744,394.73
2024-11-25,Real Estate,111.47,52469,518.02
2024-11-26,Real Estate,114.19,43377,290.42
2024-11-27,Real Estate,110.91,78686,294.77
2024-11-28,Real Estate,111.96,85802,189.92
2024-11-29,Real Estate,113.09,36001,309.96
2024-11-30,Real Estate,113.05,53927,432.63
2024-12-01,Real Estate,113.54,93461,438.1
2024-12-02,Real Estate,111.63,34863,103.75
2024-12-03,Real Estate,113.63,86592,354.99
2024-12-04,Real Estate,111.82,92128,250.74
2024-12-05,Real Estate,112.76,26921,444.82
2024-12-06,Real Estate,112.41,51611,318.32
2024-12-07,Real Estate,110.69,100775,287.33
2024-12-08,Real Estate,114.25,112069,288.96
2024-12-09,Real Estate,112.03,50082,271.55
2024-12-10,Real Estate,112.92,35675,152.64
2024-12-11,Real Estate,113.51,41926,539.53
2024-12-12,Real Estate,113.3,46128,282.65
2024-12-13,Real Estate,113.91,89526,157.1
2024-12-14,Real Estate,113.32,56071,534.51
2024-12-15,Real Estate,113.92,28742,208.75
2024-12-16,Real Estate,113.11,42113,552.08
2024-12-17,Real Estate,114.91,161055,497.38
2024-12-18,Real Estate,112.5,63508,560.13
2024-12-19,Real Estate,112.74,41486,372.94
2024-12-20,Real Estate,113.98,54264,537.27
2024-12-21,Real Estate,114.03,40891,365.19
2024-12-22,Real Estate,114.12,102309,475.56
2024-12-23,Real Estate,114.81,34152,282.82
2024-12-24,Real Estate,115.73,39252,468.41
2024-12-25,Real Estate,113.35,89639,352.05
2024-12-26,Real Estate,114.45,57330,302.11
2024-12-27,Real Estate,114.05,53618,356.43
2024-12-28,Real Estate,114.19,75395,361.92
2024-12-29,Real Estate,115.15,54250,329.32
2024-12-30,Real Estate,115.96,64261,209.25
2024-12-31,Real Estate,114.96,97637,97.87
2025-01-01,Real Estate,114.11,76052,98.9
2025-01-02,Real Estate,114.06,41890,321.69
2025-01-03,Real Estate,116.36,129431,292.82
2025-01-04,Real Estate,115.25,49372,456.2
2025-01-05,Real Estate,115.52,62667,134.01
2025-01-06,Real Estate,115.91,61990,173.98
2025-01-07,Real Estate,115.25,42230,432.32
2025-01-08,Real Estate,114.85,56970,415.85
2025-01-09,Real Estate,115.87,47884,97.6
2025-01-10,Real Estate,117.04,61413,461.78
2025-01-11,Real Estate,114.29,54518,432.51
2025-01-12,Real Estate,116.24,55051,263.09
2025-01-13,Real Estate,114.77,51811,372.46
2025-01-14,Real Estate,115.13,75441,139.13
2025-01-15,Real Estate,115.18,30039,408.06
2025-01-16,Real Estate,115.19,92514,216.35
2025-01-17,Real Estate,116.38,32303,512.2
2025-01-18,Real Estate,116.89,100232,544.18
2025-01-19,Real Estate,116.63,43269,273.12
2025-01-20,Real Estate,117.13,56731,120.55
2025-01-21,Real Estate,115.61,56792,461.68
2025-01-22,Real Estate,116.65,77277,459.95
2025-01-23,Real Estate,116.52,59872,523.2
2025-01-24,Real Estate,115.56,73979,218.6
2025-01-25,Real Estate,116.68,76463,311.99
2025-01-26,Real Estate,116.46,79981,167.22
2025-01-27,Real Estate,117.15,52432,404.89
2025-01-28,Real Estate,116.68,83113,252.03
2025-01-29,Real Estate,117.56,98855,286.03
2025-01-30,Real Estate,116.22,53495,577.99
2025-01-31,Real Estate,118.41,144062,163.97
2025-02-01,Real Estate,117.24,60099,261.31
2025-02-02,Real Estate,119.03,122313,439.05
2025-02-03,Real Estate,117.82,58752,125.75
2025-02-04,Real Estate,117.5,33474,303.09
2025-02-05,Real Estate,118.12,48055,433.23
2025-02-06,Real Estate,118.73,30324,399.01
2025-02-07,Real Estate,116.82,65021,516.01
2025-02-08,Real Estate,117.5,46316,100.14
2025-02-09,Real Estate,117.6,58321,554.99
2025-02-10,Real Estate,117.66,51376,156.96
2025-02-11,Real Estate,118.66,71506,217.61
2025-02-12,Real Estate,117.27,79686,173.48
2025-02-13,Real Estate,117.16,49157,514.29
2025-02-14,Real Estate,116.24,73484,484.84
2025-02-15,Real Estate,118.01,44139,449.21
2025-02-16,Real Estate,117.07,74076,508.75
2025-02-17,Real Estate,117.59,74135,518.68
2025-02-18,Real Estate,116.5,38738,296.61
2025-02-19,Real Estate,118.98,27031,580.69
2025-02-20,Real Estate,118.34,82840,119.27
2025-02-21,Real Estate,117.79,45828,585.63
2025-02-22,Real Estate,119.06,20922,185.62
2025-02-23,Real Estate,118.21,80887,558.85
2025-02-24,Real Estate,117.93,151754,464.98
2025-02-25,Real Estate,118.33,74254,522.0
2025-02-26,Real Estate,117.6,122247,351.76
2025-02-27,Real Estate,118.52,54270,490.99
2025-02-28,Real Estate,118.52,37043,586.77
2025-03-01,Real Estate,119.05,49152,194.3
2025-03-02,Real Estate,118.89,32397,303.94
2025-03-03,Real Estate,117.35,64161,159.89
2025-03-04,Real Estate,120.1,30939,522.83
2025-03-05,Real Estate,118.1,38383,549.14
2025-03-06,Real Estate,118.34,62563,193.85
2025-03-07,Real Estate,118.51,26895,251.5
2025-03-08,Real Estate,117.3,38716,564.41
2025-03-09,Real Estate,118.34,44790,338.48
2025-03-10,Real Estate,118.41,58735,413.62
2025-03-11,Real Estate,118.56,127417,298.78
2025-03-12,Real Estate,120.64,63305,192.45
2025-03-13,Real Estate,118.29,53649,397.4
2025-03-14,Real Estate,119.17,42146,264.38
2025-03-15,Real Estate,119.22,54720,148.15
2025-03-16,Real Estate,120.54,41750,409.6
2025-03-17,Real Estate,120.25,67735,454.02
2025-03-18,Real Estate,118.37,81334,559.48
2025-03-19,Real Estate,116.68,50302,187.79
2025-03-20,Real Estate,118.86,46568,375.66
2025-03-21,Real Estate,120.05,144478,481.54
2025-03-22,Real Estate,118.25,88076,257.11
2025-03-23,Real Estate,117.07,62288,269.43
2025-03-24,Real Estate,119.92,66954,380.93
2025-03-25,Real Estate,119.0,184067,120.4
2025-03-26,Real Estate,119.35,87523,100.69
2025-03-27,Real Estate,118.59,114430,407.77
2025-03-28,Real Estate,119.23,36236,376.03
2025-03-29,Real Estate,118.88,64629,403.47
2025-03-30,Real Estate,119.33,58383,186.94
2025-03-31,Real Estate,119.31,40641,191.93
2025-04-01,Real Estate,119.28,49860,166.46
2025-04-02,Real Estate,119.73,62850,542.57
2025-04-03,Real Estate,118.7,75958,316.8
2025-04-04,Real Estate,120.2,68968,338.32
2025-04-05,Real Estate,118.54,134245,206.92
2025-04-06,Real Estate,119.23,68063,204.83
2025-04-07,Real Estate,117.67,62253,230.4
2025-04-08,Real Estate,120.02,54489,117.8
2025-04-09,Real Estate,119.69,73330,431.55
2025-04-10,Real Estate,120.1,60269,506.26
2025-04-11,Real Estate,118.88,37808,445.93
2025-04-12,Real Estate,119.72,129460,417.35
2025-04-13,Real Estate,118.55,81234,170.34
2025-04-14,Real Estate,120.85,46951,456.76
2025-04-15,Real Estate,120.22,36069,573.06
2025-04-16,Real Estate,120.22,30884,553.85
2025-04-17,Real Estate,117.33,42017,253.38
2025-04-18,Real Estate,119.7,64740,377.74
2025-04-19,Real Estate,120.22,59425,355.88
2025-04-20,Real Estate,118.23,65605,477.99
2025-04-21,Real Estate,119.75,72464,195.46
2025-04-22,Real Estate,119.62,82074,592.93
2025-04-23,Real Estate,119.17,93720,380.46
2025-04-24,Real Estate,117.78,96075,140.1
2025-04-25,Real Estate,120.14,59720,357.35
2025-04-26,Real Estate,119.4,75705,247.22
2025-04-27,Real Estate,121.49,57689,212.99
2025-04-28,Real Estate,118.96,38781,441.79
2025-04-29,Real Estate,120.46,72969,584.44
2025-04-30,Real Estate,118.7,62551,133.19
2025-05-01,Real Estate,119.78,64497,399.47
2025-05-02,Real Estate,119.37,41159,277.12
2025-05-03,Real Estate,118.11,100445,194.6
2025-05-04,Real Estate,118.33,80622,591.13
2025-05-05,Real Estate,118.07,29144,277.6
2025-05-06,Real Estate,119.81,50123,213.49
2025-05-07,Real Estate,120.37,46036,285.33
2025-05-08,Real Estate,117.58,44485,237.27
2025-05-09,Real Estate,118.79,161630,228.03
2025-05-10,Real Estate,120.1,91417,406.49
2025-05-11,Real Estate,120.26,58171,489.31
2025-05-12,Real Estate,118.19,94578,339.37
2025-05-13,Real Estate,118.59,43803,457.79
2025-05-14,Real Estate,115.71,42079,268.12
2025-05-15,Real Estate,119.02,43871,403.52
2025-05-16,Real Estate,119.29,35932,307.59
2025-05-17,Real Estate,117.6,120906,454.45
2025-05-18,Real Estate,119.34,62634,362.04
2025-05-19,Real Estate,118.42,44744,363.37
2025-05-20,Real Estate,119.51,102352,436.56
2025-05-21,Real Estate,118.15,57372,297.08
2025-05-22,Real Estate,117.73,68593,370.34
2025-05-23,Real Estate,116.51,60008,110.33
2025-05-24,Real Estate,119.09,65511,112.25
2025-05-25,Real Estate,118.76,71548,287.41
2025-05-26,Real Estate,118.25,61917,583.71
2025-05-27,Real Estate,118.81,56367,153.88
2025-05-28,Real Estate,117.05,106805,423.64
2025-05-29,Real Estate,118.61,28623,485.32
2025-05-30,Real Estate,118.14,27672,487.38
2025-05-31,Real Estate,116.64,72220,221.9
2025-06-01,Real Estate,119.01,144984,442.13
2025-06-02,Real Estate,119.3,32062,105.23
2025-06-03,Real Estate,119.4,86255,262.52
2025-06-04,Real Estate,118.49,48371,367.65
2025-06-05,Real Estate,118.03,72800,242.9
2025-06-06,Real Estate,117.96,80499,127.73
2025-06-07,Real Estate,117.45,56428,475.62
2025-06-08,Real Estate,117.49,98970,428.44
2025-06-09,Real Estate,118.2,96418,276.84
2025-06-10,Real Estate,117.68,42617,247.44
2025-06-11,Real Estate,116.7,88450,127.59
2025-06-12,Real Estate,118.33,94605,436.14
2025-06-13,Real Estate,117.22,68068,314.63
2025-06-14,Real Estate,115.39,64988,119.04
2025-06-15,Real Estate,115.65,40739,538.28
2025-06-16,Real Estate,117.53,54813,515.96
2025-06-17,Real Estate,114.99,65523,296.96
2025-06-18,Real Estate,115.94,40011,256.36
2025-06-19,Real Estate,115.39,110938,570.63
2025-06-20,Real Estate,116.01,24531,283.91
2025-06-21,Real Estate,115.76,79549,275.59
2025-06-22,Real Estate,116.94,94842,537.82
2025-06-23,Real Estate,116.97,22439,159.45
2025-06-24,Real Estate,116.18,52527,521.11
2025-06-25,Real Estate,115.43,34124,423.19
2025-06-26,Real Estate,116.88,60024,485.55
2025-06-27,Real Estate,115.18,32669,541.71
2025-06-28,Real Estate,117.04,80349,251.41
2025-06-29,Real Estate,116.82,78931,356.8
2025-06-30,Real Estate,116.69,75062,486.18
2025-07-01,Real Estate,115.45,78383,182.8
2025-07-02,Real Estate,116.07,42511,110.14
2025-07-03,Real Estate,115.88,100914,503.23
2025-07-04,Real Estate,116.11,71946,178.72
2025-07-05,Real Estate,114.76,43493,165.86
2025-07-06,Real Estate,115.83,56741,518.51
2025-07-07,Real Estate,115.34,39573,96.97
2025-07-08,Real Estate,114.79,33298,364.94
2025-07-09,Real Estate,115.03,56895,444.36
2025-07-10,Real Estate,115.38,99329,535.27
2025-07-11,Real Estate,113.49,126866,429.7
2025-07-12,Real Estate,115.96,62387,576.33
2025-07-13,Real Estate,114.42,50250,469.36
2025-07-14,Real Estate,115.82,44739,145.93
2025-07-15,Real Estate,115.86,59950,476.46
2025-07-16,Real Estate,115.08,78293,404.6
2025-07-17,Real Estate,113.97,52822,349.87
2025-07-18,Real Estate,114.85,76675,518.88
2025-07-19,Real Estate,115.99,37138,253.81
2025-07-20,Real Estate,114.85,36135,220.42
2025-07-21,Real Estate,114.79,72182,185.99
2025-07-22,Real Estate,114.32,97691,376.35
2025-07-23,Real Estate,115.12,70218,529.22
2025-07-24,Real Estate,114.75,77753,486.21
2025-07-25,Real Estate,115.79,64904,134.81
2025-07-26,Real Estate,114.14,159098,233.53
2025-07-27,Real Estate,114.61,56842,422.16
2025-07-28,Real Estate,114.95,29633,293.47
2025-07-29,Real Estate,113.17,27337,284.1
2025-07-30,Real Estate,112.61,40850,192.53
2025-07-31,Real Estate,113.83,49399,389.33
2025-08-01,Real Estate,114.09,68558,171.78
2025-08-02,Real Estate,113.76,69544,325.51
2025-08-03,Real Estate,115.3,137061,296.44
2025-08-04,Real Estate,115.44,127535,189.44
2025-08-05,Real Estate,113.9,30643,311.53
2025-08-06,Real Estate,113.77,39497,449.94
2025-08-07,Real Estate,113.82,36042,200.14
2025-08-08,Real Estate,113.94,43895,372.43
2025-08-09,Real Estate,113.05,95379,531.43
2025-08-10,Real Estate,113.87,59673,430.16
2025-08-11,Real Estate,114.5,68969,226.35
2025-08-12,Real Estate,114.43,56376,152.28
2025-08-13,Real Estate,114.32,31438,276.5
2025-08-14,Real Estate,113.4,66777,441.13
2025-08-15,Real Estate,113.1,56831,543.45
2025-08-16,Real Estate,114.32,87185,126.95
2025-08-17,Real Estate,113.68,103441,463.2
2025-08-18,Real Estate,112.38,53640,304.09
2025-08-19,Real Estate,113.13,98851,171.76
2025-08-20,Real Estate,113.76,112112,326.15
2025-08-21,Real Estate,111.81,67452,226.77
2025-08-22,Real Estate,113.25,22477,277.78
2025-08-23,Real Estate,111.8,43439,124.01
2025-08-24,Real Estate,112.17,72243,520.42
2025-08-25,Real Estate,114.25,51752,158.61
2025-08-26,Real Estate,112.06,35757,265.19
2025-08-27,Real Estate,114.59,45425,100.62
2025-08-28,Real Estate,110.29,47343,150.21
2025-08-29,Real Estate,111.52,61315,170.38
2025-08-30,Real Estate,112.94,51581,391.02
2025-08-31,Real Estate,111.59,58112,362.5
2025-09-01,Real Estate,112.7,56849,367.28
2025-09-02,Real Estate,112.44,78988,146.0
2025-09-03,Real Estate,113.78,35726,244.38
2025-09-04,Real Estate,113.42,90615,508.22
2025-09-05,Real Estate,114.88,63244,310.33
2025-09-06,Real Estate,112.36,82297,505.06
2025-09-07,Real Estate,112.35,92928,408.66
2025-09-08,Real Estate,112.62,43905,372.93
2025-09-09,Real Estate,112.81,53695,321.05
2025-09-10,Real Estate,112.38,27618,90.5
2025-09-11,Real Estate,113.65,89606,254.84
2025-09-12,Real Estate,113.09,73841,267.14
2025-09-13,Real Estate,111.79,22926,382.94
2025-09-14,Real Estate,112.82,56188,518.72
2025-09-15,Real Estate,112.79,20874,197.83
2025-09-16,Real Estate,113.24,40918,201.72
2025-09-17,Real Estate,109.9,37817,89.15
2025-09-18,Real Estate,114.26,106726,518.14
2025-09-19,Real Estate,110.78,44521,245.35
2025-09-20,Real Estate,112.27,100678,145.47
2025-09-21,Real Estate,113.28,33935,197.74
2025-09-22,Real Estate,112.64,52157,95.96
2025-09-23,Real Estate,112.29,45892,185.39
2025-09-24,Real Estate,112.27,76696,192.59
2025-09-25,Real Estate,112.37,56888,495.61
2025-09-26,Real Estate,113.28,69562,307.39
2025-09-27,Real Estate,113.29,41335,478.59
2025-09-28,Real Estate,112.56,58596,109.04
2025-09-29,Real Estate,112.39,51239,278.95
2025-09-30,Real Estate,113.9,49183,166.58
2025-10-01,Real Estate,113.62,129738,497.6
2025-10-02,Real Estate,111.55,33609,240.44
2025-10-03,Real Estate,110.66,92183,508.89
2025-10-04,Real Estate,113.66,39008,298.68
2025-10-05,Real Estate,113.35,43298,101.27
2025-10-06,Real Estate,112.66,89413,474.53
2025-10-07,Real Estate,113.01,41708,443.24
2025-10-08,Real Estate,112.74,50881,488.36
2025-10-09,Real Estate,113.4,68980,285.11
2025-10-10,Real Estate,113.02,40766,126.0
2025-10-11,Real Estate,111.79,63546,408.54
2025-10-12,Real Estate,113.58,115354,129.45
2025-10-13,Real Estate,111.09,60491,506.2
2025-10-14,Real Estate,113.72,77824,228.9
2025-10-15,Real Estate,113.09,88983,339.44
2025-10-16,Real Estate,111.84,78952,109.27
2025-10-17,Real Estate,113.84,37016,197.31
2025-10-18,Real Estate,113.2,81564,190.83
2025-10-19,Real Estate,113.71,28512,321.04
2025-10-20,Real Estate,112.32,21982,140.1
2025-10-21,Real Estate,114.25,51930,147.51
2025-10-22,Real Estate,112.01,37990,362.44
2025-10-23,Real Estate,112.46,91760,360.03
2025-10-24,Real Estate,112.18,111350,542.3
2025-10-25,Real Estate,111.74,149104,100.78
2025-10-26,Real Estate,112.58,112682,256.24
2025-10-27,Real Estate,114.45,104399,228.49
2025-10-28,Real Estate,113.11,35589,515.47
2025-10-29,Real Estate,113.44,43117,473.96
2025-10-30,Real Estate,111.63,104858,120.35
2025-10-31,Real Estate,113.47,60575,443.32
2025-11-01,Real Estate,112.62,50015,265.19
2025-11-02,Real Estate,113.92,70043,400.45
2025-11-03,Real Estate,114.14,84574,252.32
2025-11-04,Real Estate,114.37,37523,370.59
2025-11-05,Real Estate,113.92,69391,538.06
2025-11-06,Real Estate,112.18,73334,351.64
2025-11-07,Real Estate,114.89,74126,148.26
2025-11-08,Real Estate,112.35,43179,183.65
2025-11-09,Real Estate,113.97,40516,427.64
2025-11-10,Real Estate,114.32,60943,551.26
2025-11-11,Real Estate,114.67,53616,255.47
2025-11-12,Real Estate,114.14,45541,232.14
2025-11-13,Real Estate,115.78,59972,381.12
2025-11-14,Real Estate,112.81,92838,297.67
2025-11-15,Real Estate,113.71,90676,297.56
2025-11-16,Real Estate,113.78,26573,518.9
2025-11-17,Real Estate,113.18,59493,352.17
2025-11-18,Real Estate,112.97,52363,416.55
2025-11-19,Real Estate,115.05,72466,392.81
2025-11-20,Real Estate,114.41,52952,505.18
2025-11-21,Real Estate,115.7,64199,197.54
2025-11-22,Real Estate,113.77,84204,138.01
2025-11-23,Real Estate,114.98,43103,168.31
2025-11-24,Real Estate,115.66,64945,501.14
2025-11-25,Real Estate,114.89,100845,111.43
2025-11-26,Real Estate,113.36,44080,276.22
2025-11-27,Real Estate,115.94,42821,537.36
2025-11-28,Real Estate,114.79,108495,266.6
2025-11-29,Real Estate,113.82,27321,130.99
2025-11-30,Real Estate,113.77,60288,222.18
2025-12-01,Real Estate,114.76,52580,108.83
2025-12-02,Real Estate,114.63,42595,477.04
2025-12-03,Real Estate,114.73,71094,397.36
2025-12-04,Real Estate,115.86,74240,423.88
2025-12-05,Real Estate,114.84,55231,168.15
2025-12-06,Real Estate,116.12,85012,277.04
2025-12-07,Real Estate,117.14,52760,357.44
2025-12-08,Real Estate,114.25,62096,302.17
2025-12-09,Real Estate,116.05,88109,331.07
2025-12-10,Real Estate,115.08,66287,199.36
2025-12-11,Real Estate,116.3,59993,300.17
2025-12-12,Real Estate,115.5,176965,540.27
2025-12-13,Real Estate,116.19,26696,350.36
2025-12-14,Real Estate,113.89,53371,306.75
2025-12-15,Real Estate,117.89,69783,481.14
2025-12-16,Real Estate,117.99,64098,527.56
2025-12-17,Real Estate,117.2,50567,418.81
2025-12-18,Real Estate,115.87,46411,399.52
2025-12-19,Real Estate,117.26,42130,200.54
2025-12-20,Real Estate,114.66,34790,570.47
2025-12-21,Real Estate,117.28,40626,526.24
2025-12-22,Real Estate,117.2,54594,98.01
2025-12-23,Real Estate,119.08,127931,212.78
2025-12-24,Real Estate,119.5,38888,114.4
2025-12-25,Real Estate,116.64,29867,155.33
2025-12-26,Real Estate,117.18,40613,400.58
2025-12-27,Real Estate,116.85,24675,138.71
2025-12-28,Real Estate,114.85,42798,571.47
2025-12-29,Real Estate,116.29,107612,332.19
2025-12-30,Real Estate,116.66,76300,214.49
2025-12-31,Real Estate,115.39,68480,574.34
2023-01-01,Utilities,185.57,134655,591.01
2023-01-02,Utilities,184.48,41631,872.31
2023-01-03,Utilities,187.4,68952,393.81
2023-01-04,Utilities,183.54,76889,768.24
2023-01-05,Utilities,188.53,70196,744.5
2023-01-06,Utilities,186.48,34090,585.02
2023-01-07,Utilities,185.31,41246,582.96
2023-01-08,Utilities,187.89,195734,887.8
2023-01-09,Utilities,183.25,35579,220.18
2023-01-10,Utilities,184.26,44326,641.54
2023-01-11,Utilities,184.19,51051,823.57
2023-01-12,Utilities,186.33,89680,232.6
2023-01-13,Utilities,185.09,44886,914.87
2023-01-14,Utilities,188.79,82500,761.5
2023-01-15,Utilities,187.89,75358,279.63
2023-01-16,Utilities,183.56,85593,618.38
2023-01-17,Utilities,181.26,58756,436.31
2023-01-18,Utilities,189.57,65755,309.16
2023-01-19,Utilities,187.26,70184,228.61
2023-01-20,Utilities,187.09,148241,682.4
2023-01-21,Utilities,185.1,84597,576.97
2023-01-22,Utilities,189.57,59713,572.07
2023-01-23,Utilities,187.16,69517,779.9
2023-01-24,Utilities,189.05,31558,684.15
2023-01-25,Utilities,190.86,70454,719.14
2023-01-26,Utilities,187.32,91547,830.56
2023-01-27,Utilities,192.01,37145,501.57
2023-01-28,Utilities,190.79,82031,329.6
2023-01-29,Utilities,186.61,27121,633.98
2023-01-30,Utilities,189.54,48116,738.13
2023-01-31,Utilities,190.15,117898,386.04
2023-02-01,Utilities,192.4,45037,529.61
2023-02-02,Utilities,191.06,61527,917.54
2023-02-03,Utilities,193.08,84364,853.97
2023-02-04,Utilities,190.76,76406,521.54
2023-02-05,Utilities,193.85,78406,526.51
2023-02-06,Utilities,189.51,45152,294.61
2023-02-07,Utilities,187.64,44055,606.99
2023-02-08,Utilities,189.98,24720,764.69
2023-02-09,Utilities,189.09,35667,496.27
2023-02-10,Utilities,196.45,23065,903.6
2023-02-11,Utilities,190.92,62490,224.64
2023-02-12,Utilities,190.24,110419,905.26
2023-02-13,Utilities,189.62,23377,308.69
2023-02-14,Utilities,192.13,80890,769.2
2023-02-15,Utilities,191.39,51321,692.89
2023-02-16,Utilities,197.17,83810,551.93
2023-02-17,Utilities,193.3,58433,396.81
2023-02-18,Utilities,188.08,99144,193.93
2023-02-19,Utilities,192.96,34006,715.77
2023-02-20,Utilities,194.54,85191,873.34
2023-02-21,Utilities,192.35,46619,203.44
2023-02-22,Utilities,192.96,43039,890.59
2023-02-23,Utilities,190.87,57325,455.35
2023-02-24,Utilities,195.67,121641,796.68
2023-02-25,Utilities,193.7,110876,902.16
2023-02-26,Utilities,191.15,81882,478.08
2023-02-27,Utilities,193.03,146037,751.01
2023-02-28,Utilities,192.45,64725,400.5
2023-03-01,Utilities,190.33,48736,308.24
2023-03-02,Utilities,196.72,80521,695.09
2023-03-03,Utilities,194.96,82216,198.49
2023-03-04,Utilities,194.23,116418,815.49
2023-03-05,Utilities,190.61,64159,280.97
2023-03-06,Utilities,191.07,38750,536.19
2023-03-07,Utilities,193.47,51022,738.43
2023-03-08,Utilities,194.65,57176,344.01
2023-03-09,Utilities,193.5,59158,594.73
2023-03-10,Utilities,192.01,84625,799.86
2023-03-11,Utilities,196.64,115540,234.98
2023-03-12,Utilities,196.26,74137,914.21
2023-03-13,Utilities,196.6,41581,413.26
2023-03-14,Utilities,195.85,49486,323.94
2023-03-15,Utilities,196.17,71276,391.06
2023-03-16,Utilities,197.32,73369,688.25
2023-03-17,Utilities,196.95,50720,585.44
2023-03-18,Utilities,202.29,72058,792.49
2023-03-19,Utilities,195.86,95372,859.67
2023-03-20,Utilities,195.11,32588,906.03
2023-03-21,Utilities,194.18,38102,636.62
2023-03-22,Utilities,196.69,83903,870.9
2023-03-23,Utilities,193.07,75720,795.04
2023-03-24,Utilities,197.29,112713,823.44
2023-03-25,Utilities,198.6,44577,379.23
2023-03-26,Utilities,195.22,52753,285.58
2023-03-27,Utilities,199.55,116424,697.61
2023-03-28,Utilities,197.37,33761,257.49
2023-03-29,Utilities,195.85,141875,506.84
2023-03-30,Utilities,196.46,20511,682.31
2023-03-31,Utilities,196.25,98048,813.77
2023-04-01,Utilities,192.44,34398,707.13
2023-04-02,Utilities,199.64,77309,293.17
2023-04-03,Utilities,197.87,28291,521.76
2023-04-04,Utilities,194.92,73094,840.34
2023-04-05,Utilities,193.76,70738,690.59
2023-04-06,Utilities,193.84,32790,835.07
2023-04-07,Utilities,203.4,71926,176.24
2023-04-08,Utilities,196.66,55874,331.45
2023-04-09,Utilities,196.35,58027,728.98
2023-04-10,Utilities,192.41,83684,226.18
2023-04-11,Utilities,199.59,122000,375.47
2023-04-12,Utilities,197.19,32760,219.43
2023-04-13,Utilities,198.44,62724,167.78
2023-04-14,Utilities,196.99,41480,947.27
2023-04-15,Utilities,197.5,83724,218.24
2023-04-16,Utilities,196.81,48748,768.52
2023-04-17,Utilities,195.47,65392,584.85
2023-04-18,Utilities,195.34,36777,792.1
2023-04-19,Utilities,198.32,60054,732.04
2023-04-20,Utilities,196.78,45265,182.64
2023-04-21,Utilities,193.53,42427,458.55
2023-04-22,Utilities,195.04,36003,963.66
2023-04-23,Utilities,195.2,56134,892.24
2023-04-24,Utilities,198.65,78298,271.54
2023-04-25,Utilities,197.68,37291,610.14
2023-04-26,Utilities,197.49,37581,982.02
2023-04-27,Utilities,198.47,48998,552.17
2023-04-28,Utilities,193.24,71354,792.01
2023-04-29,Utilities,197.68,58342,255.25
2023-04-30,Utilities,198.04,59990,854.96
2023-05-01,Utilities,193.72,59626,192.95
2023-05-02,Utilities,196.24,57941,765.97
2023-05-03,Utilities,192.54,110607,902.57
2023-05-04,Utilities,189.38,141550,456.88
2023-05-05,Utilities,195.14,55501,505.18
2023-05-06,Utilities,195.76,56763,794.71
2023-05-07,Utilities,193.43,80520,804.91
2023-05-08,Utilities,197.51,56216,823.46
2023-05-09,Utilities,195.04,54199,480.09
2023-05-10,Utilities,197.19,59339,398.18
2023-05-11,Utilities,194.72,36730,647.53
2023-05-12,Utilities,197.44,44014,622.7
2023-05-13,Utilities,192.34,73782,651.03
2023-05-14,Utilities,195.12,145530,724.77
2023-05-15,Utilities,191.9,46834,286.8
2023-05-16,Utilities,196.27,57890,646.66
2023-05-17,Utilities,195.24,62781,336.95
2023-05-18,Utilities,190.84,64453,706.21
2023-05-19,Utilities,196.38,41815,662.17
2023-05-20,Utilities,192.69,49518,628.59
2023-05-21,Utilities,191.6,40075,547.5
2023-05-22,Utilities,194.55,96210,322.6
2023-05-23,Utilities,193.03,115379,486.06
2023-05-24,Utilities,192.9,81509,907.27
2023-05-25,Utilities,192.34,68134,373.9
2023-05-26,Utilities,197.61,74534,880.68
2023-05-27,Utilities,193.57,54207,264.41
2023-05-28,Utilities,194.71,77398,551.34
2023-05-29,Utilities,195.61,60679,523.53
2023-05-30,Utilities,194.41,42967,218.83
2023-05-31,Utilities,194.62,43903,208.07
2023-06-01,Utilities,193.8,51464,694.54
2023-06-02,Utilities,196.57,60452,915.76
2023-06-03,Utilities,196.75,58161,517.04
2023-06-04,Utilities,197.1,72504,647.34
2023-06-05,Utilities,189.12,51873,445.01
2023-06-06,Utilities,191.28,37028,409.56
2023-06-07,Utilities,191.04,48011,769.82
2023-06-08,Utilities,188.64,31803,504.83
2023-06-09,Utilities,192.08,71123,473.37
2023-06-10,Utilities,197.79,98038,817.46
2023-06-11,Utilities,191.76,59833,796.15
2023-06-12,Utilities,193.45,55990,878.05
2023-06-13,Utilities,192.18,44478,525.87
2023-06-14,Utilities,191.86,62041,463.12
2023-06-15,Utilities,189.04,73090,833.06
2023-06-16,Utilities,193.0,75843,526.83
2023-06-17,Utilities,189.85,107855,465.56
2023-06-18,Utilities,190.61,38570,632.16
2023-06-19,Utilities,194.61,41177,907.26
2023-06-20,Utilities,191.83,47286,919.38
2023-06-21,Utilities,187.6,40741,359.11
2023-06-22,Utilities,193.9,60042,283.58
2023-06-23,Utilities,189.6,53358,846.59
2023-06-24,Utilities,188.12,43235,151.9
2023-06-25,Utilities,192.36,64481,156.28
2023-06-26,Utilities,190.3,55069,822.09
2023-06-27,Utilities,186.55,56804,355.91
2023-06-28,Utilities,191.96,46896,158.02
2023-06-29,Utilities,189.73,25730,774.24
2023-06-30,Utilities,192.61,108512,373.73
2023-07-01,Utilities,193.25,32930,394.31
2023-07-02,Utilities,191.64,22981,731.33
2023-07-03,Utilities,191.65,58448,576.22
2023-07-04,Utilities,188.44,84044,580.92
2023-07-05,Utilities,189.36,43152,456.18
2023-07-06,Utilities,190.55,93452,614.63
2023-07-07,Utilities,190.77,83555,393.72
2023-07-08,Utilities,186.24,48487,285.08
2023-07-09,Utilities,189.17,103160,634.66
2023-07-10,Utilities,186.68,100695,199.7
2023-07-11,Utilities,184.38,94960,474.77
2023-07-12,Utilities,190.78,129058,166.21
2023-07-13,Utilities,190.32,67223,936.89
2023-07-14,Utilities,187.15,49306,335.13
2023-07-15,Utilities,187.69,50254,358.07
2023-07-16,Utilities,189.24,85192,326.05
2023-07-17,Utilities,185.62,87092,569.93
2023-07-18,Utilities,188.37,52940,379.18
2023-07-19,Utilities,190.07,44789,456.82
2023-07-20,Utilities,184.38,44017,693.46
2023-07-21,Utilities,185.89,92332,511.67
2023-07-22,Utilities,192.26,90333,605.32
2023-07-23,Utilities,186.93,28727,382.7
2023-07-24,Utilities,185.17,122696,788.62
2023-07-25,Utilities,188.57,28089,717.25
2023-07-26,Utilities,181.22,81315,474.64
2023-07-27,Utilities,189.55,40021,921.85
2023-07-28,Utilities,184.59,88951,699.14
2023-07-29,Utilities,185.45,55711,349.82
2023-07-30,Utilities,185.52,62670,247.39
2023-07-31,Utilities,186.69,127919,178.29
2023-08-01,Utilities,184.92,55621,609.21
2023-08-02,Utilities,183.13,62406,453.16
2023-08-03,Utilities,188.15,44781,661.54
2023-08-04,Utilities,183.46,88308,255.72
2023-08-05,Utilities,186.12,42585,201.46
2023-08-06,Utilities,185.65,41192,625.57
2023-08-07,Utilities,184.37,54116,815.14
2023-08-08,Utilities,187.34,74747,846.96
2023-08-09,Utilities,187.39,51923,360.72
2023-08-10,Utilities,185.94,31487,875.09
2023-08-11,Utilities,182.67,36598,148.44
2023-08-12,Utilities,186.54,116908,181.36
2023-08-13,Utilities,184.08,74058,230.09
2023-08-14,Utilities,185.68,111470,210.27
2023-08-15,Utilities,183.58,61706,612.74
2023-08-16,Utilities,182.28,37729,705.89
2023-08-17,Utilities,185.79,45621,323.7
2023-08-18,Utilities,182.63,70981,755.27
2023-08-19,Utilities,183.41,78784,507.57
2023-08-20,Utilities,185.64,63974,459.14
2023-08-21,Utilities,179.05,61126,688.97
2023-08-22,Utilities,187.71,56646,163.75
2023-08-23,Utilities,188.89,80883,183.48
2023-08-24,Utilities,181.44,60551,610.35
2023-08-25,Utilities,185.38,43168,318.2
2023-08-26,Utilities,183.32,59849,156.41
2023-08-27,Utilities,181.63,46627,772.85
2023-08-28,Utilities,181.11,27439,261.13
2023-08-29,Utilities,181.15,63762,323.46
2023-08-30,Utilities,181.86,58157,854.8
2023-08-31,Utilities,183.34,54723,387.28
2023-09-01,Utilities,184.9,135687,793.73
2023-09-02,Utilities,180.94,87656,330.93
2023-09-03,Utilities,181.23,68848,326.73
2023-09-04,Utilities,180.06,66781,190.09
2023-09-05,Utilities,182.0,50629,715.07
2023-09-06,Utilities,183.26,40100,655.14
2023-09-07,Utilities,180.46,51874,419.31
2023-09-08,Utilities,185.0,52376,494.95
2023-09-09,Utilities,187.68,158075,419.47
2023-09-10,Utilities,182.52,113721,885.63
2023-09-11,Utilities,176.78,42131,811.56
2023-09-12,Utilities,182.72,64826,330.66
2023-09-13,Utilities,183.96,34431,881.33
2023-09-14,Utilities,182.94,98241,802.0
2023-09-15,Utilities,177.81,43098,629.76
2023-09-16,Utilities,185.58,46894,368.51
2023-09-17,Utilities,182.8,69745,226.03
2023-09-18,Utilities,180.61,38005,274.86
2023-09-19,Utilities,182.0,90663,591.59
2023-09-20,Utilities,182.87,38323,580.37
2023-09-21,Utilities,184.33,39048,399.4
2023-09-22,Utilities,183.36,55728,541.86
2023-09-23,Utilities,181.43,53559,543.11
2023-09-24,Utilities,182.16,58366,716.62
2023-09-25,Utilities,183.0,86460,426.23
2023-09-26,Utilities,186.72,59186,482.29
2023-09-27,Utilities,184.43,61869,645.28
2023-09-28,Utilities,181.76,66137,877.82
2023-09-29,Utilities,179.27,41138,309.91
2023-09-30,Utilities,179.78,64664,598.67
2023-10-01,Utilities,178.25,35900,390.35
2023-10-02,Utilities,178.71,59615,675.16
2023-10-03,Utilities,205.85,53703,882.79
2023-10-04,Utilities,179.63,64818,211.61
2023-10-05,Utilities,184.31,55013,660.41
2023-10-06,Utilities,181.61,54683,452.04
2023-10-07,Utilities,180.73,45202,629.93
2023-10-08,Utilities,183.06,65238,381.77
2023-10-09,Utilities,182.13,47237,673.42
2023-10-10,Utilities,184.76,47710,283.95
2023-10-11,Utilities,188.55,33606,427.92
2023-10-12,Utilities,180.78,47062,895.01
2023-10-13,Utilities,183.39,54723,847.07
2023-10-14,Utilities,183.14,56823,475.2
2023-10-15,Utilities,187.74,42984,695.32
2023-10-16,Utilities,181.42,64819,742.8
2023-10-17,Utilities,180.85,86361,888.14
2023-10-18,Utilities,183.97,53718,436.24
2023-10-19,Utilities,184.18,63226,349.07
2023-10-20,Utilities,181.98,73838,180.88
2023-10-21,Utilities,187.33,60227,360.32
2023-10-22,Utilities,183.07,40771,401.24
2023-10-23,Utilities,181.26,71718,884.93
2023-10-24,Utilities,182.96,86558,468.59
2023-10-25,Utilities,184.44,99285,886.93
2023-10-26,Utilities,184.28,62996,493.51
2023-10-27,Utilities,181.77,77475,376.26
2023-10-28,Utilities,180.46,41685,743.93
2023-10-29,Utilities,186.43,47457,760.25
2023-10-30,Utilities,183.27,56121,329.35
2023-10-31,Utilities,187.83,69128,413.45
2023-11-01,Utilities,184.96,80839,180.53
2023-11-02,Utilities,187.11,54322,216.43
2023-11-03,Utilities,183.04,83641,567.47
2023-11-04,Utilities,185.49,40016,653.39
2023-11-05,Utilities,186.46,79791,266.84
2023-11-06,Utilities,186.5,61597,232.91
2023-11-07,Utilities,181.55,85525,314.27
2023-11-08,Utilities,185.82,96050,523.01
2023-11-09,Utilities,185.79,68394,928.87
2023-11-10,Utilities,188.12,48476,721.67
2023-11-11,Utilities,183.96,67968,271.59
2023-11-12,Utilities,182.33,75029,574.29
2023-11-13,Utilities,185.01,92408,632.68
2023-11-14,Utilities,184.26,89434,206.06
2023-11-15,Utilities,185.23,24713,411.24
2023-11-16,Utilities,191.42,43943,569.41
2023-11-17,Utilities,189.32,36867,273.77
2023-11-18,Utilities,189.63,37001,774.1
2023-11-19,Utilities,186.03,141161,254.34
2023-11-20,Utilities,187.37,69591,660.49
2023-11-21,Utilities,187.41,131638,173.3
2023-11-22,Utilities,189.07,45965,846.97
2023-11-23,Utilities,185.43,73652,187.45
2023-11-24,Utilities,185.71,137253,912.46
2023-11-25,Utilities,183.75,43036,257.84
2023-11-26,Utilities,191.71,62913,856.55
2023-11-27,Utilities,189.97,30724,375.93
2023-11-28,Utilities,191.63,30254,866.9
2023-11-29,Utilities,188.27,32865,498.65
2023-11-30,Utilities,188.12,55614,331.98
2023-12-01,Utilities,190.06,118869,360.57
2023-12-02,Utilities,189.02,53787,489.14
2023-12-03,Utilities,187.8,50096,618.96
2023-12-04,Utilities,191.16,36102,718.67
2023-12-05,Utilities,192.62,44357,158.82
2023-12-06,Utilities,191.34,51743,603.51
2023-12-07,Utilities,188.74,27963,284.27
2023-12-08,Utilities,193.8,58754,895.37
2023-12-09,Utilities,190.39,36493,322.94
2023-12-10,Utilities,189.51,57496,539.21
2023-12-11,Utilities,188.69,62315,495.22
2023-12-12,Utilities,189.79,38480,709.78
2023-12-13,Utilities,190.25,82534,786.04
2023-12-14,Utilities,189.8,72393,642.22
2023-12-15,Utilities,192.81,78759,928.61
2023-12-16,Utilities,190.2,73085,439.42
2023-12-17,Utilities,192.97,72264,196.12
2023-12-18,Utilities,194.0,30249,838.17
2023-12-19,Utilities,192.06,81050,584.08
2023-12-20,Utilities,187.96,37292,605.58
2023-12-21,Utilities,192.1,101437,227.71
2023-12-22,Utilities,193.95,51974,795.29
2023-12-23,Utilities,191.34,67495,408.0
2023-12-24,Utilities,191.57,55727,842.19
2023-12-25,Utilities,188.52,88995,357.72
2023-12-26,Utilities,191.11,63476,345.88
2023-12-27,Utilities,194.28,90686,914.1
2023-12-28,Utilities,195.46,48848,352.91
2023-12-29,Utilities,197.39,47204,529.42
2023-12-30,Utilities,192.0,53808,525.67
2023-12-31,Utilities,195.16,87168,566.01
2024-01-01,Utilities,199.12,57505,746.79
2024-01-02,Utilities,191.36,108915,891.77
2024-01-03,Utilities,193.87,39575,275.71
2024-01-04,Utilities,194.6,80912,502.46
2024-01-05,Utilities,196.52,24773,460.98
2024-01-06,Utilities,197.93,61625,611.01
2024-01-07,Utilities,194.78,46168,708.19
2024-01-08,Utilities,192.54,112034,400.0
2024-01-09,Utilities,199.37,62844,510.23
2024-01-10,Utilities,194.44,81826,954.34
2024-01-11,Utilities,190.88,70458,630.71
2024-01-12,Utilities,199.91,51304,938.16
2024-01-13,Utilities,200.42,78183,992.97
2024-01-14,Utilities,196.35,62436,667.2
2024-01-15,Utilities,194.17,47125,712.13
2024-01-16,Utilities,196.7,45482,593.14
2024-01-17,Utilities,198.57,95238,771.15
2024-01-18,Utilities,188.6,45661,902.78
2024-01-19,Utilities,199.26,54803,541.58
2024-01-20,Utilities,195.71,77545,594.69
2024-01-21,Utilities,201.45,74578,384.53
2024-01-22,Utilities,199.38,99185,518.67
2024-01-23,Utilities,197.79,78644,723.7
2024-01-24,Utilities,197.13,43523,603.92
2024-01-25,Utilities,195.86,50143,542.07
2024-01-26,Utilities,200.73,57129,759.08
2024-01-27,Utilities,200.14,28100,409.32
2024-01-28,Utilities,200.26,122772,759.87
2024-01-29,Utilities,201.6,40415,369.24
2024-01-30,Utilities,200.85,68452,845.93
2024-01-31,Utilities,201.61,48632,167.4
2024-02-01,Utilities,205.02,84323,207.63
2024-02-02,Utilities,203.26,36396,190.03
2024-02-03,Utilities,196.92,114216,298.56
2024-02-04,Utilities,199.96,32733,463.43
2024-02-05,Utilities,201.75,76328,750.39
2024-02-06,Utilities,205.35,123724,921.41
2024-02-07,Utilities,199.23,140332,211.86
2024-02-08,Utilities,200.61,78110,405.53
2024-02-09,Utilities,201.29,30518,982.82
2024-02-10,Utilities,196.7,43032,211.05
2024-02-11,Utilities,200.57,95760,296.7
2024-02-12,Utilities,203.41,27970,672.57
2024-02-13,Utilities,203.59,83923,775.96
2024-02-14,Utilities,201.41,37772,367.62
2024-02-15,Utilities,205.13,74237,342.5
2024-02-16,Utilities,200.49,54413,588.38
2024-02-17,Utilities,202.67,39571,643.02
2024-02-18,Utilities,204.15,54918,925.9
2024-02-19,Utilities,198.76,71786,308.48
2024-02-20,Utilities,203.04,41567,664.27
2024-02-21,Utilities,201.02,71888,779.65
2024-02-22,Utilities,201.62,107074,940.69
2024-02-23,Utilities,201.02,76687,988.78
2024-02-24,Utilities,205.17,94243,928.05
2024-02-25,Utilities,204.07,42432,621.56
2024-02-26,Utilities,200.45,47983,210.65
2024-02-27,Utilities,205.19,42169,754.07
2024-02-28,Utilities,205.47,94385,433.2
2024-02-29,Utilities,206.3,52957,559.49
2024-03-01,Utilities,203.63,92251,959.08
2024-03-02,Utilities,203.15,66392,741.48
2024-03-03,Utilities,203.87,57882,435.35
2024-03-04,Utilities,207.39,42222,940.93
2024-03-05,Utilities,200.69,85524,613.13
2024-03-06,Utilities,203.58,59184,233.13
2024-03-07,Utilities,199.76,28138,192.95
2024-03-08,Utilities,202.57,47505,386.35
2024-03-09,Utilities,202.35,116286,565.67
2024-03-10,Utilities,198.66,36634,573.41
2024-03-11,Utilities,202.33,48395,319.79
2024-03-12,Utilities,203.19,43736,797.7
2024-03-13,Utilities,198.14,31116,967.18
2024-03-14,Utilities,205.87,71694,511.5
2024-03-15,Utilities,206.2,31734,860.23
2024-03-16,Utilities,205.77,48893,663.94
2024-03-17,Utilities,206.02,52132,471.36
2024-03-18,Utilities,202.31,65752,615.31
2024-03-19,Utilities,206.74,134378,809.92
2024-03-20,Utilities,204.3,82993,929.71
2024-03-21,Utilities,199.23,32127,893.49
2024-03-22,Utilities,203.86,66824,344.57
2024-03-23,Utilities,204.21,27292,605.87
2024-03-24,Utilities,207.13,68452,435.88
2024-03-25,Utilities,201.8,49494,910.13
2024-03-26,Utilities,204.73,38480,230.14
2024-03-27,Utilities,205.48,55805,804.22
2024-03-28,Utilities,208.84,65379,851.43
2024-03-29,Utilities,208.9,49604,897.6
2024-03-30,Utilities,204.95,60354,431.04
2024-03-31,Utilities,205.13,45727,340.19
2024-04-01,Utilities,202.83,49012,260.51
2024-04-02,Utilities,207.18,41620,210.32
2024-04-03,Utilities,203.07,81212,255.74
2024-04-04,Utilities,207.93,40398,294.9
2024-04-05,Utilities,205.47,56834,582.18
2024-04-06,Utilities,205.0,33316,853.97
2024-04-07,Utilities,202.43,55618,926.91
2024-04-08,Utilities,207.32,41631,793.3
2024-04-09,Utilities,206.49,21490,662.57
2024-04-10,Utilities,208.3,37560,783.49
2024-04-11,Utilities,207.88,55572,435.34
2024-04-12,Utilities,206.57,191022,855.99
2024-04-13,Utilities,207.7,65309,185.09
2024-04-14,Utilities,204.11,61576,999.42
2024-04-15,Utilities,204.31,48382,201.19
2024-04-16,Utilities,204.27,73787,376.84
2024-04-17,Utilities,207.72,121350,554.92
2024-04-18,Utilities,205.89,89850,417.05
2024-04-19,Utilities,200.23,88714,643.12
2024-04-20,Utilities,205.99,105077,393.05
2024-04-21,Utilities,201.45,41764,259.14
2024-04-22,Utilities,205.4,34068,920.39
2024-04-23,Utilities,205.8,42118,744.82
2024-04-24,Utilities,202.05,31613,228.73
2024-04-25,Utilities,208.62,45639,373.69
2024-04-26,Utilities,204.04,62507,994.78
2024-04-27,Utilities,204.73,53698,856.9
2024-04-28,Utilities,205.58,25282,496.38
2024-04-29,Utilities,202.72,54605,486.39
2024-04-30,Utilities,204.01,70682,719.54
2024-05-01,Utilities,203.06,64088,937.95
2024-05-02,Utilities,208.35,89319,230.54
2024-05-03,Utilities,203.48,43383,534.9
2024-05-04,Utilities,204.73,64379,231.29
2024-05-05,Utilities,201.11,34382,718.71
2024-05-06,Utilities,203.65,67988,326.77
2024-05-07,Utilities,203.07,57812,573.47
2024-05-08,Utilities,202.26,59757,640.72
2024-05-09,Utilities,204.35,82975,734.71
2024-05-10,Utilities,200.7,62234,559.5
2024-05-11,Utilities,206.96,93668,505.25
2024-05-12,Utilities,204.2,44620,209.03
2024-05-13,Utilities,202.67,54024,590.86
2024-05-14,Utilities,202.48,83973,747.87
2024-05-15,Utilities,208.76,65788,548.24
2024-05-16,Utilities,200.07,107275,753.03
2024-05-17,Utilities,202.9,78731,532.17
2024-05-18,Utilities,205.9,32928,468.86
2024-05-19,Utilities,201.8,92657,805.56
2024-05-20,Utilities,202.81,39834,665.21
2024-05-21,Utilities,205.91,85516,630.59
2024-05-22,Utilities,205.13,46592,290.02
2024-05-23,Utilities,205.65,66757,346.4
2024-05-24,Utilities,200.23,34328,513.83
2024-05-25,Utilities,200.25,99568,620.07
2024-05-26,Utilities,202.51,35668,372.37
2024-05-27,Utilities,202.85,50518,658.14
2024-05-28,Utilities,202.88,102655,729.92
2024-05-29,Utilities,203.97,87206,553.99
2024-05-30,Utilities,202.25,48110,274.83
2024-05-31,Utilities,203.05,118224,786.01
2024-06-01,Utilities,204.17,68119,493.42
2024-06-02,Utilities,200.48,95862,864.11
2024-06-03,Utilities,200.54,140607,951.53
2024-06-04,Utilities,200.33,53215,502.1
2024-06-05,Utilities,198.47,72770,969.45
2024-06-06,Utilities,200.47,71414,773.27
2024-06-07,Utilities,197.72,29012,424.42
2024-06-08,Utilities,201.12,67131,573.01
2024-06-09,Utilities,202.31,85886,283.24
2024-06-10,Utilities,199.87,61704,494.86
2024-06-11,Utilities,199.69,41005,169.61
2024-06-12,Utilities,199.57,52332,780.37
2024-06-13,Utilities,200.23,82871,942.47
2024-06-14,Utilities,205.49,49680,886.89
2024-06-15,Utilities,200.15,56841,406.15
2024-06-16,Utilities,203.5,60756,430.94
2024-06-17,Utilities,199.98,39260,666.01
2024-06-18,Utilities,197.68,54803,823.11
2024-06-19,Utilities,200.21,71588,841.89
2024-06-20,Utilities,200.49,61923,461.08
2024-06-21,Utilities,200.0,74352,557.88
2024-06-22,Utilities,197.5,63861,602.98
2024-06-23,Utilities,198.49,92097,216.73
2024-06-24,Utilities,201.39,44014,420.63
2024-06-25,Utilities,200.46,83137,627.74
2024-06-26,Utilities,199.67,77695,466.93
2024-06-27,Utilities,201.07,86917,865.16
2024-06-28,Utilities,198.82,33157,792.92
2024-06-29,Utilities,198.05,76011,987.13
2024-06-30,Utilities,200.18,38601,913.94
2024-07-01,Utilities,203.4,42798,458.87
2024-07-02,Utilities,199.24,51125,669.54
2024-07-03,Utilities,194.26,88444,807.84
2024-07-04,Utilities,202.32,53210,225.16
2024-07-05,Utilities,199.45,40464,191.28
2024-07-06,Utilities,192.68,76557,602.16
2024-07-07,Utilities,195.12,30608,309.41
2024-07-08,Utilities,192.46,61814,175.22
2024-07-09,Utilities,196.42,51037,414.6
2024-07-10,Utilities,193.61,87493,819.04
2024-07-11,Utilities,200.91,28136,828.72
2024-07-12,Utilities,199.49,38549,257.72
2024-07-13,Utilities,199.48,40850,870.18
2024-07-14,Utilities,194.84,31013,276.72
2024-07-15,Utilities,195.84,35881,320.1
2024-07-16,Utilities,196.05,48078,576.85
2024-07-17,Utilities,194.89,41880,928.11
2024-07-18,Utilities,194.14,19639,866.88
2024-07-19,Utilities,194.72,122095,896.3
2024-07-20,Utilities,196.27,50933,853.51
2024-07-21,Utilities,198.91,56954,824.28
2024-07-22,Utilities,197.11,56334,650.67
2024-07-23,Utilities,197.0,55686,849.21
2024-07-24,Utilities,198.97,48874,548.27
2024-07-25,Utilities,190.64,67910,674.96
2024-07-26,Utilities,194.6,42700,279.1
2024-07-27,Utilities,192.89,73429,356.26
2024-07-28,Utilities,192.89,35763,506.12
2024-07-29,Utilities,194.69,43671,432.35
2024-07-30,Utilities,197.68,79253,375.69
2024-07-31,Utilities,198.31,59179,190.3
2024-08-01,Utilities,195.3,59616,517.74
2024-08-02,Utilities,194.52,28573,357.41
2024-08-03,Utilities,192.73,70951,403.48
2024-08-04,Utilities,190.08,81035,873.62
2024-08-05,Utilities,198.83,78438,794.88
2024-08-06,Utilities,194.05,106168,293.04
2024-08-07,Utilities,194.23,41382,655.46
2024-08-08,Utilities,190.29,49746,893.06
2024-08-09,Utilities,192.62,35948,884.73
2024-08-10,Utilities,193.06,43783,796.54
2024-08-11,Utilities,193.96,65147,612.61
2024-08-12,Utilities,194.97,48900,964.43
2024-08-13,Utilities,195.06,42024,919.41
2024-08-14,Utilities,193.14,58806,577.65
2024-08-15,Utilities,193.53,44685,156.38
2024-08-16,Utilities,193.14,67749,835.96
2024-08-17,Utilities,192.66,102666,451.31
2024-08-18,Utilities,189.41,47736,936.33
2024-08-19,Utilities,195.8,66680,942.74
2024-08-20,Utilities,195.97,72747,232.38
2024-08-21,Utilities,192.44,99805,211.23
2024-08-22,Utilities,191.73,62874,774.04
2024-08-23,Utilities,191.86,26887,926.35
2024-08-24,Utilities,192.89,60022,580.84
2024-08-25,Utilities,192.8,40232,841.59
2024-08-26,Utilities,190.67,37315,312.45
2024-08-27,Utilities,192.42,37145,630.64
2024-08-28,Utilities,194.88,51345,549.65
2024-08-29,Utilities,189.34,48274,504.31
2024-08-30,Utilities,192.86,66250,667.33
2024-08-31,Utilities,192.51,41059,392.34
2024-09-01,Utilities,192.62,44336,332.3
2024-09-02,Utilities,194.01,44415,557.01
2024-09-03,Utilities,194.14,41397,740.84
2024-09-04,Utilities,195.73,55708,225.65
2024-09-05,Utilities,188.49,83383,258.24
2024-09-06,Utilities,196.92,49261,570.79
2024-09-07,Utilities,191.4,54513,747.09
2024-09-08,Utilities,191.17,62820,499.97
2024-09-09,Utilities,185.62,43740,678.61
2024-09-10,Utilities,194.65,59876,159.85
2024-09-11,Utilities,190.21,59225,794.36
2024-09-12,Utilities,191.44,53109,697.47
2024-09-13,Utilities,185.58,56991,794.19
2024-09-14,Utilities,187.18,77634,213.33
2024-09-15,Utilities,190.82,24729,731.73
2024-09-16,Utilities,191.04,38139,716.19
2024-09-17,Utilities,188.25,150245,449.5
2024-09-18,Utilities,193.03,69011,625.82
2024-09-19,Utilities,192.82,52308,588.45
2024-09-20,Utilities,192.2,69782,224.33
2024-09-21,Utilities,190.35,40589,182.91
2024-09-22,Utilities,189.24,56150,777.3
2024-09-23,Utilities,185.91,57659,825.13
2024-09-24,Utilities,191.56,86571,527.19
2024-09-25,Utilities,192.2,41107,677.09
2024-09-26,Utilities,186.51,62314,212.7
2024-09-27,Utilities,192.9,74025,281.6
2024-09-28,Utilities,187.56,68849,602.82
2024-09-29,Utilities,193.38,74094,163.74
2024-09-30,Utilities,188.38,48834,522.99
2024-10-01,Utilities,193.32,77241,346.36
2024-10-02,Utilities,191.5,48050,825.52
2024-10-03,Utilities,189.61,71147,765.4
2024-10-04,Utilities,189.48,79433,528.75
2024-10-05,Utilities,194.04,35537,894.87
2024-10-06,Utilities,191.44,95209,552.36
2024-10-07,Utilities,190.66,45249,169.46
2024-10-08,Utilities,190.14,76482,169.88
2024-10-09,Utilities,195.44,64254,737.14
2024-10-10,Utilities,193.91,103595,794.5
2024-10-11,Utilities,194.87,121057,356.12
2024-10-12,Utilities,190.62,34806,422.61
2024-10-13,Utilities,191.72,21305,883.56
2024-10-14,Utilities,193.88,49834,739.88
2024-10-15,Utilities,192.42,40425,692.39
2024-10-16,Utilities,190.88,81113,434.29
2024-10-17,Utilities,189.04,58325,560.67
2024-10-18,Utilities,194.61,67956,960.1
2024-10-19,Utilities,191.69,92947,210.92
2024-10-20,Utilities,193.51,53201,266.95
2024-10-21,Utilities,191.99,55809,369.39
2024-10-22,Utilities,190.76,63567,239.02
2024-10-23,Utilities,191.19,63222,676.92
2024-10-24,Utilities,192.72,37327,831.26
2024-10-25,Utilities,193.24,122330,520.97
2024-10-26,Utilities,193.74,110739,944.16
2024-10-27,Utilities,195.96,116094,318.7
2024-10-28,Utilities,194.05,23771,543.01
2024-10-29,Utilities,192.68,66628,472.44
2024-10-30,Utilities,195.04,38550,519.51
2024-10-31,Utilities,195.09,31901,912.8
2024-11-01,Utilities,193.33,67709,635.34
2024-11-02,Utilities,195.63,71766,934.96
2024-11-03,Utilities,189.06,75377,747.57
2024-11-04,Utilities,196.64,85971,297.88
2024-11-05,Utilities,191.72,91457,326.19
2024-11-06,Utilities,193.56,38156,881.52
2024-11-07,Utilities,196.83,84168,653.67
2024-11-08,Utilities,191.32,59947,702.3
2024-11-09,Utilities,198.36,51006,886.39
2024-11-10,Utilities,193.16,72114,559.31
2024-11-11,Utilities,197.48,21844,336.89
2024-11-12,Utilities,191.2,56493,883.18
2024-11-13,Utilities,195.96,182712,278.26
2024-11-14,Utilities,195.5,84422,828.83
2024-11-15,Utilities,198.56,102331,202.41
2024-11-16,Utilities,196.36,57402,604.28
2024-11-17,Utilities,194.26,40688,680.12
2024-11-18,Utilities,197.22,56856,379.7
2024-11-19,Utilities,198.27,57628,642.82
2024-11-20,Utilities,196.92,51251,551.35
2024-11-21,Utilities,196.7,120636,666.98
2024-11-22,Utilities,198.03,57017,564.64
2024-11-23,Utilities,198.69,72207,897.91
2024-11-24,Utilities,192.28,44866,692.61
2024-11-25,Utilities,199.04,55347,692.54
2024-11-26,Utilities,199.03,85538,509.72
2024-11-27,Utilities,196.96,85641,589.06
2024-11-28,Utilities,193.64,49316,942.65
2024-11-29,Utilities,203.66,66982,666.96
2024-11-30,Utilities,200.06,52734,705.2
2024-12-01,Utilities,197.38,48797,981.51
2024-12-02,Utilities,199.27,88608,379.32
2024-12-03,Utilities,201.29,88644,284.4
2024-12-04,Utilities,197.59,87441,402.26
2024-12-05,Utilities,199.28,36199,575.8
2024-12-06,Utilities,200.76,47083,373.31
2024-12-07,Utilities,198.58,50790,317.61
2024-12-08,Utilities,193.09,93764,852.42
2024-12-09,Utilities,200.34,53444,191.55
2024-12-10,Utilities,199.04,107788,429.77
2024-12-11,Utilities,200.52,62451,557.89
2024-12-12,Utilities,201.38,92145,600.74
2024-12-13,Utilities,200.52,27328,309.0
2024-12-14,Utilities,198.34,61679,212.47
2024-12-15,Utilities,197.79,118348,443.5
2024-12-16,Utilities,198.36,35552,724.18
2024-12-17,Utilities,200.41,40926,414.47
2024-12-18,Utilities,201.22,47137,845.08
2024-12-19,Utilities,202.39,46034,257.62
2024-12-20,Utilities,200.01,49768,364.95
2024-12-21,Utilities,197.55,76906,896.25
2024-12-22,Utilities,207.22,60093,280.23
2024-12-23,Utilities,203.96,53845,695.74
2024-12-24,Utilities,201.92,88850,565.77
2024-12-25,Utilities,201.07,33869,724.61
2024-12-26,Utilities,201.63,109668,953.68
2024-12-27,Utilities,205.3,79627,716.5
2024-12-28,Utilities,201.72,78874,483.12
2024-12-29,Utilities,203.67,69237,284.7
2024-12-30,Utilities,203.5,59770,549.12
2024-12-31,Utilities,203.67,55502,657.99
2025-01-01,Utilities,203.34,27548,668.43
2025-01-02,Utilities,201.89,85337,836.32
2025-01-03,Utilities,177.74,80559,637.0
2025-01-04,Utilities,200.51,105116,840.63
2025-01-05,Utilities,205.58,49668,469.87
2025-01-06,Utilities,208.02,93680,884.88
2025-01-07,Utilities,206.62,53917,190.48
2025-01-08,Utilities,199.98,81115,247.72
2025-01-09,Utilities,205.4,34151,466.31
2025-01-10,Utilities,204.28,54393,803.17
2025-01-11,Utilities,206.45,79048,931.89
2025-01-12,Utilities,198.69,58252,669.03
2025-01-13,Utilities,206.48,29721,901.87
2025-01-14,Utilities,205.59,53971,746.97
2025-01-15,Utilities,205.53,84840,959.91
2025-01-16,Utilities,208.51,44692,802.44
2025-01-17,Utilities,202.64,100826,914.63
2025-01-18,Utilities,202.15,69528,455.55
2025-01-19,Utilities,207.02,122560,911.62
2025-01-20,Utilities,209.27,57453,321.03
2025-01-21,Utilities,206.31,17272,865.47
2025-01-22,Utilities,209.04,63844,364.52
2025-01-23,Utilities,206.64,45511,182.56
2025-01-24,Utilities,201.27,69149,862.62
2025-01-25,Utilities,206.59,131354,900.31
2025-01-26,Utilities,204.49,34683,1001.5
2025-01-27,Utilities,208.54,79916,1001.51
2025-01-28,Utilities,206.96,72915,226.46
2025-01-29,Utilities,208.14,75411,422.13
2025-01-30,Utilities,208.2,65042,603.66
2025-01-31,Utilities,209.04,167270,664.25
2025-02-01,Utilities,207.45,55374,249.14
2025-02-02,Utilities,207.8,36476,403.94
2025-02-03,Utilities,210.49,57258,870.98
2025-02-04,Utilities,208.06,51747,371.03
2025-02-05,Utilities,212.91,110351,825.42
2025-02-06,Utilities,213.38,54249,460.08
2025-02-07,Utilities,205.28,57274,164.73
2025-02-08,Utilities,209.33,73579,175.32
2025-02-09,Utilities,208.23,55936,751.99
2025-02-10,Utilities,209.34,83542,193.2
2025-02-11,Utilities,211.3,73658,404.11
2025-02-12,Utilities,208.07,132799,583.15
2025-02-13,Utilities,213.81,97093,558.14
2025-02-14,Utilities,206.16,39380,195.4
2025-02-15,Utilities,211.24,56439,889.87
2025-02-16,Utilities,208.39,51181,732.57
2025-02-17,Utilities,214.9,45436,878.71
2025-02-18,Utilities,214.36,60151,784.06
2025-02-19,Utilities,209.15,41743,336.32
2025-02-20,Utilities,211.1,61755,313.31
2025-02-21,Utilities,211.91,34256,742.61
2025-02-22,Utilities,214.44,52619,687.04
2025-02-23,Utilities,214.29,39643,528.74
2025-02-24,Utilities,213.41,33152,289.61
2025-02-25,Utilities,212.22,105021,1026.93
2025-02-26,Utilities,214.58,69387,396.84
2025-02-27,Utilities,213.11,65448,348.04
2025-02-28,Utilities,212.51,26991,342.99
2025-03-01,Utilities,213.95,43863,925.26
2025-03-02,Utilities,211.84,71020,762.03
2025-03-03,Utilities,214.58,39467,914.78
2025-03-04,Utilities,210.75,108081,877.69
2025-03-05,Utilities,214.47,94394,765.83
2025-03-06,Utilities,214.01,59245,717.91
2025-03-07,Utilities,214.89,35927,484.32
2025-03-08,Utilities,213.31,86612,449.15
2025-03-09,Utilities,213.2,43758,938.05
2025-03-10,Utilities,211.48,62699,716.63
2025-03-11,Utilities,213.52,25858,484.73
2025-03-12,Utilities,215.63,48538,243.1
2025-03-13,Utilities,210.67,63899,332.49
2025-03-14,Utilities,211.66,52687,847.07
2025-03-15,Utilities,214.83,66532,287.41
2025-03-16,Utilities,213.09,50600,649.74
2025-03-17,Utilities,213.49,53109,500.99
2025-03-18,Utilities,210.92,102428,1046.43
2025-03-19,Utilities,213.97,123612,728.52
2025-03-20,Utilities,210.72,105283,431.88
2025-03-21,Utilities,212.82,52040,636.76
2025-03-22,Utilities,209.98,130269,854.83
2025-03-23,Utilities,212.74,34932,339.95
2025-03-24,Utilities,211.82,46963,409.5
2025-03-25,Utilities,213.77,59170,885.34
2025-03-26,Utilities,214.63,58838,842.12
2025-03-27,Utilities,215.16,50904,385.67
2025-03-28,Utilities,216.76,83612,605.86
2025-03-29,Utilities,214.4,45391,996.48
2025-03-30,Utilities,210.25,67366,949.64
2025-03-31,Utilities,218.31,56324,622.22
2025-04-01,Utilities,214.44,110863,897.3
2025-04-02,Utilities,214.12,59688,401.24
2025-04-03,Utilities,215.29,71113,600.85
2025-04-04,Utilities,214.07,51793,384.4
2025-04-05,Utilities,214.4,39612,780.09
2025-04-06,Utilities,216.25,91055,375.45
2025-04-07,Utilities,209.81,87986,555.81
2025-04-08,Utilities,214.22,123881,645.14
2025-04-09,Utilities,215.71,53487,898.61
2025-04-10,Utilities,212.64,57164,504.5
2025-04-11,Utilities,215.18,71181,715.94
2025-04-12,Utilities,215.9,122279,379.34
2025-04-13,Utilities,216.2,44382,880.23
2025-04-14,Utilities,216.13,60961,775.16
2025-04-15,Utilities,212.69,21942,258.8
2025-04-16,Utilities,217.48,68564,557.31
2025-04-17,Utilities,216.43,62753,388.47
2025-04-18,Utilities,217.28,104455,601.07
2025-04-19,Utilities,213.81,65541,631.14
2025-04-20,Utilities,217.93,28447,1013.76
2025-04-21,Utilities,212.49,39784,998.01
2025-04-22,Utilities,211.69,25008,625.44
2025-04-23,Utilities,213.82,40012,816.93
2025-04-24,Utilities,212.17,68113,823.44
2025-04-25,Utilities,214.43,51256,311.44
2025-04-26,Utilities,215.13,60937,577.92
2025-04-27,Utilities,212.9,74858,642.25
2025-04-28,Utilities,215.99,60088,224.05
2025-04-29,Utilities,215.36,24027,656.44
2025-04-30,Utilities,219.05,34888,927.76
2025-05-01,Utilities,214.93,49335,795.43
2025-05-02,Utilities,212.08,130882,826.66
2025-05-03,Utilities,212.92,47963,922.62
2025-05-04,Utilities,212.47,128809,809.62
2025-05-05,Utilities,218.1,61898,474.14
2025-05-06,Utilities,216.8,51578,622.24
2025-05-07,Utilities,210.03,51519,448.37
2025-05-08,Utilities,210.77,65339,968.68
2025-05-09,Utilities,212.29,42333,744.5
2025-05-10,Utilities,217.06,59335,402.76
2025-05-11,Utilities,214.46,70705,1007.13
2025-05-12,Utilities,214.26,103186,711.68
2025-05-13,Utilities,207.89,68166,273.46
2025-05-14,Utilities,219.0,29298,774.82
2025-05-15,Utilities,208.92,60850,744.08
2025-05-16,Utilities,211.83,79102,804.84
2025-05-17,Utilities,215.6,50100,711.2
2025-05-18,Utilities,214.31,150228,321.97
2025-05-19,Utilities,209.95,98901,461.7
2025-05-20,Utilities,217.98,49126,616.97
2025-05-21,Utilities,212.09,26557,478.5
2025-05-22,Utilities,215.81,26826,362.16
2025-05-23,Utilities,211.32,41292,686.93
2025-05-24,Utilities,211.11,38058,727.84
2025-05-25,Utilities,212.93,89439,768.72
2025-05-26,Utilities,212.46,30450,1004.42
2025-05-27,Utilities,215.32,63397,240.87
2025-05-28,Utilities,212.45,70134,189.46
2025-05-29,Utilities,211.89,60063,445.41
2025-05-30,Utilities,207.95,32576,464.31
2025-05-31,Utilities,212.46,46450,238.48
2025-06-01,Utilities,212.24,103193,770.01
2025-06-02,Utilities,216.4,61812,730.73
2025-06-03,Utilities,213.73,112438,325.36
2025-06-04,Utilities,213.93,39057,536.05
2025-06-05,Utilities,210.55,134410,469.58
2025-06-06,Utilities,209.53,40241,552.58
2025-06-07,Utilities,209.35,131146,729.98
2025-06-08,Utilities,209.05,42744,997.59
2025-06-09,Utilities,211.6,61917,606.36
2025-06-10,Utilities,208.33,41053,849.67
2025-06-11,Utilities,207.65,61797,902.85
2025-06-12,Utilities,205.75,67454,239.97
2025-06-13,Utilities,207.17,96558,686.09
2025-06-14,Utilities,209.5,96364,423.66
2025-06-15,Utilities,212.46,27108,705.47
2025-06-16,Utilities,208.59,89126,868.36
2025-06-17,Utilities,208.45,37624,960.78
2025-06-18,Utilities,209.25,62334,208.38
2025-06-19,Utilities,207.08,33808,168.62
2025-06-20,Utilities,210.04,55312,366.58
2025-06-21,Utilities,211.03,84506,1008.12
2025-06-22,Utilities,207.11,101611,281.56
2025-06-23,Utilities,206.58,54431,965.82
2025-06-24,Utilities,202.14,46560,353.75
2025-06-25,Utilities,206.92,53068,697.14
2025-06-26,Utilities,208.49,65365,436.5
2025-06-27,Utilities,211.97,96740,1053.11
2025-06-28,Utilities,205.68,45200,443.69
2025-06-29,Utilities,207.54,81779,711.59
2025-06-30,Utilities,208.0,54701,580.51
2025-07-01,Utilities,207.77,74600,972.82
2025-07-02,Utilities,205.59,126585,793.34
2025-07-03,Utilities,207.19,74046,617.63
2025-07-04,Utilities,204.67,62666,282.23
2025-07-05,Utilities,204.85,60280,437.54
2025-07-06,Utilities,207.95,73062,391.26
2025-07-07,Utilities,206.53,45304,320.06
2025-07-08,Utilities,210.36,116610,559.59
2025-07-09,Utilities,202.38,65516,298.84
2025-07-10,Utilities,204.77,49421,919.75
2025-07-11,Utilities,208.51,40743,723.65
2025-07-12,Utilities,201.24,46017,964.1
2025-07-13,Utilities,206.39,53593,494.64
2025-07-14,Utilities,206.14,91372,604.76
2025-07-15,Utilities,206.05,107530,549.97
2025-07-16,Utilities,206.09,75799,845.17
2025-07-17,Utilities,205.84,42894,284.98
2025-07-18,Utilities,206.78,46155,436.74
2025-07-19,Utilities,208.89,54784,265.86
2025-07-20,Utilities,206.66,112658,365.05
2025-07-21,Utilities,204.72,105058,243.01
2025-07-22,Utilities,206.32,45532,245.24
2025-07-23,Utilities,207.29,145392,704.13
2025-07-24,Utilities,194.65,63137,592.17
2025-07-25,Utilities,201.03,80026,181.4
2025-07-26,Utilities,199.39,90307,461.12
2025-07-27,Utilities,207.0,52391,211.46
2025-07-28,Utilities,205.13,59797,224.46
2025-07-29,Utilities,200.47,74988,859.64
2025-07-30,Utilities,205.37,42158,944.89
2025-07-31,Utilities,203.71,72234,801.1
2025-08-01,Utilities,201.07,44924,526.19
2025-08-02,Utilities,200.77,68852,406.4
2025-08-03,Utilities,205.52,49016,729.23
2025-08-04,Utilities,203.78,25966,215.33
2025-08-05,Utilities,202.18,44585,981.75
2025-08-06,Utilities,201.86,77146,534.35
2025-08-07,Utilities,201.82,57020,223.17
2025-08-08,Utilities,204.35,88567,718.9
2025-08-09,Utilities,200.95,42155,833.43
2025-08-10,Utilities,203.41,33996,406.24
2025-08-11,Utilities,204.2,36363,781.98
2025-08-12,Utilities,200.76,68632,418.36
2025-08-13,Utilities,204.05,103525,675.63
2025-08-14,Utilities,200.36,110372,731.67
2025-08-15,Utilities,200.52,64535,571.83
2025-08-16,Utilities,200.38,76094,617.57
2025-08-17,Utilities,196.36,51334,622.84
2025-08-18,Utilities,200.09,72391,547.93
2025-08-19,Utilities,201.77,50214,998.21
2025-08-20,Utilities,202.19,64675,847.11
2025-08-21,Utilities,202.72,30895,308.06
2025-08-22,Utilities,201.87,44149,770.26
2025-08-23,Utilities,205.58,55122,959.47
2025-08-24,Utilities,201.26,74498,684.13
2025-08-25,Utilities,202.2,56196,713.42
2025-08-26,Utilities,203.69,39149,195.14
2025-08-27,Utilities,194.09,147716,860.95
2025-08-28,Utilities,199.52,26370,431.31
2025-08-29,Utilities,201.51,117487,711.58
2025-08-30,Utilities,199.82,49855,451.02
2025-08-31,Utilities,198.09,51773,279.7
2025-09-01,Utilities,197.03,43281,569.79
2025-09-02,Utilities,204.43,122100,888.69
2025-09-03,Utilities,201.64,74056,975.42
2025-09-04,Utilities,201.02,64395,372.42
2025-09-05,Utilities,201.96,68550,695.15
2025-09-06,Utilities,199.48,38037,173.75
2025-09-07,Utilities,203.67,78127,228.09
2025-09-08,Utilities,199.93,66724,753.83
2025-09-09,Utilities,201.31,66329,563.4
2025-09-10,Utilities,201.08,95093,527.37
2025-09-11,Utilities,199.72,23829,447.94
2025-09-12,Utilities,198.69,35741,919.17
2025-09-13,Utilities,201.71,71112,941.22
2025-09-14,Utilities,199.89,32088,480.52
2025-09-15,Utilities,197.86,117873,475.98
2025-09-16,Utilities,197.94,34819,658.02
2025-09-17,Utilities,196.57,57765,757.16
2025-09-18,Utilities,196.74,55162,367.14
2025-09-19,Utilities,200.79,75059,342.56
2025-09-20,Utilities,202.73,90435,685.25
2025-09-21,Utilities,196.47,97698,552.68
2025-09-22,Utilities,199.58,41523,178.66
2025-09-23,Utilities,201.07,88384,423.67
2025-09-24,Utilities,196.52,54784,179.14
2025-09-25,Utilities,198.32,52447,874.37
2025-09-26,Utilities,200.46,29347,199.7
2025-09-27,Utilities,199.09,69222,650.31
2025-09-28,Utilities,200.34,53703,429.04
2025-09-29,Utilities,206.81,76992,858.18
2025-09-30,Utilities,203.76,75306,480.75
2025-10-01,Utilities,201.04,65094,619.04
2025-10-02,Utilities,199.18,66106,594.43
2025-10-03,Utilities,197.99,72719,259.01
2025-10-04,Utilities,200.43,29954,609.64
2025-10-05,Utilities,197.71,125882,805.68
2025-10-06,Utilities,199.1,75781,533.41
2025-10-07,Utilities,198.16,65045,189.27
2025-10-08,Utilities,200.98,52550,816.98
2025-10-09,Utilities,199.14,58754,291.37
2025-10-10,Utilities,200.64,68154,754.71
2025-10-11,Utilities,202.18,63126,548.02
2025-10-12,Utilities,201.27,92761,337.62
2025-10-13,Utilities,204.05,115035,569.76
2025-10-14,Utilities,202.0,86628,259.61
2025-10-15,Utilities,202.08,41780,800.13
2025-10-16,Utilities,199.95,37664,945.75
2025-10-17,Utilities,202.53,66327,973.47
2025-10-18,Utilities,198.95,63325,871.22
2025-10-19,Utilities,202.22,59987,512.13
2025-10-20,Utilities,201.88,26118,722.5
2025-10-21,Utilities,199.05,33672,869.28
2025-10-22,Utilities,201.7,60448,382.57
2025-10-23,Utilities,202.7,60325,480.15
2025-10-24,Utilities,202.62,57655,746.88
2025-10-25,Utilities,202.6,32701,366.48
2025-10-26,Utilities,201.31,83835,948.8
2025-10-27,Utilities,203.48,43907,949.43
2025-10-28,Utilities,203.32,83993,585.84
2025-10-29,Utilities,200.61,81851,356.15
2025-10-30,Utilities,202.42,92721,635.13
2025-10-31,Utilities,203.32,69226,555.26
2025-11-01,Utilities,202.82,60876,926.91
2025-11-02,Utilities,203.22,94298,484.7
2025-11-03,Utilities,205.74,47980,428.86
2025-11-04,Utilities,199.57,125183,963.09
2025-11-05,Utilities,210.46,65133,572.55
2025-11-06,Utilities,204.44,44281,373.91
2025-11-07,Utilities,204.04,93800,722.02
2025-11-08,Utilities,201.42,42144,947.44
2025-11-09,Utilities,203.89,56993,263.53
2025-11-10,Utilities,205.09,55694,478.88
2025-11-11,Utilities,201.48,91791,526.81
2025-11-12,Utilities,205.24,43191,416.18
2025-11-13,Utilities,202.42,25757,552.51
2025-11-14,Utilities,207.88,113932,981.73
2025-11-15,Utilities,204.37,74450,585.05
2025-11-16,Utilities,204.1,34853,766.64
2025-11-17,Utilities,205.76,38868,378.82
2025-11-18,Utilities,204.16,77336,996.23
2025-11-19,Utilities,205.75,50578,360.27
2025-11-20,Utilities,202.92,138530,445.28
2025-11-21,Utilities,205.36,51940,850.41
2025-11-22,Utilities,200.95,58041,590.73
2025-11-23,Utilities,200.23,52426,773.09
2025-11-24,Utilities,202.92,85585,289.13
2025-11-25,Utilities,206.22,51698,830.1
2025-11-26,Utilities,203.88,53314,318.47
2025-11-27,Utilities,207.41,59551,699.14
2025-11-28,Utilities,206.68,83489,1025.43
2025-11-29,Utilities,206.42,34711,165.7
2025-11-30,Utilities,203.85,86112,397.83
2025-12-01,Utilities,205.69,54106,676.28
2025-12-02,Utilities,208.02,107397,231.1
2025-12-03,Utilities,209.06,151678,450.51
2025-12-04,Utilities,206.78,48651,856.36
2025-12-05,Utilities,201.88,49716,666.14
2025-12-06,Utilities,212.29,70539,298.17
2025-12-07,Utilities,209.11,49239,561.1
2025-12-08,Utilities,206.84,56531,879.4
2025-12-09,Utilities,209.63,49576,277.99
2025-12-10,Utilities,205.66,70463,287.8
2025-12-11,Utilities,211.09,26973,304.79
2025-12-12,Utilities,207.36,27340,328.98
2025-12-13,Utilities,207.7,25428,712.02
2025-12-14,Utilities,210.66,44412,244.89
2025-12-15,Utilities,211.38,130905,179.01
2025-12-16,Utilities,208.06,35568,671.07
2025-12-17,Utilities,210.97,71497,779.28
2025-12-18,Utilities,209.71,60625,402.29
2025-12-19,Utilities,209.46,38914,405.23
2025-12-20,Utilities,211.14,59339,828.46
2025-12-21,Utilities,212.27,53065,981.31
2025-12-22,Utilities,207.32,74579,962.4
2025-12-23,Utilities,209.98,53743,187.37
2025-12-24,Utilities,209.81,73623,1043.41
2025-12-25,Utilities,212.39,51628,761.44
2025-12-26,Utilities,210.86,31290,1010.97
2025-12-27,Utilities,210.75,55192,593.5
2025-12-28,Utilities,215.16,93266,188.16
2025-12-29,Utilities,211.11,64777,773.69
2025-12-30,Utilities,213.4,41973,938.48
2025-12-31,Utilities,209.64,46023,455.03
